
> rf-basic-link-calculator@0.1.0 test:e2e
> playwright test

(node:18810) [DEP0205] DeprecationWarning: `module.register()` is deprecated. Use `module.registerHooks()` instead.
(Use `node --trace-deprecation ...` to show where the warning was created)
[2m[WebServer] [22m(node:18835) Warning: The 'NO_COLOR' env is ignored due to the 'FORCE_COLOR' env being set.
[2m[WebServer] [22m(Use `node --trace-warnings ...` to show where the warning was created)
[2m[WebServer] [22m ⚠ Warning: Next.js inferred your workspace root, but it may not be correct.
[2m[WebServer] [22m We detected multiple lockfiles and selected the directory of /Users/pc141/Documents/RF Basic Link Calculator/package-lock.json as the root directory.
[2m[WebServer] [22m To silence this warning, set `outputFileTracingRoot` in your Next.js config, or consider removing one of the lockfiles if it's not needed.
[2m[WebServer] [22m   See https://nextjs.org/docs/app/api-reference/config/next-config-js/output#caveats for more information.
[2m[WebServer] [22m Detected additional lockfiles: 
[2m[WebServer] [22m   * /Users/pc141/Documents/RF Basic Link Calculator/.ui-renewal-20260913/app/package-lock.json
[2m[WebServer] [22m
[2m[WebServer] [22m(node:18836) Warning: The 'NO_COLOR' env is ignored due to the 'FORCE_COLOR' env being set.
[2m[WebServer] [22m(Use `node --trace-warnings ...` to show where the warning was created)
[2m[WebServer] [22mWatchpack Error (watcher): Error: EMFILE: too many open files, watch
[2m[WebServer] [22mWatchpack Error (watcher): Error: EMFILE: too many open files, watch
[2m[WebServer] [22mWatchpack Error (watcher): Error: EMFILE: too many open files, watch
[2m[WebServer] [22mWatchpack Error (watcher): Error: EMFILE: too many open files, watch
[2m[WebServer] [22mWatchpack Error (watcher): Error: EMFILE: too many open files, watch
[2m[WebServer] [22mWatchpack Error (watcher): Error: EMFILE: too many open files, watch
[2m[WebServer] [22mWatchpack Error (watcher): Error: EMFILE: too many open files, watch
[2m[WebServer] [22mWatchpack Error (watcher): Error: EMFILE: too many open files, watch
[2m[WebServer] [22mWatchpack Error (watcher): Error: EMFILE: too many open files, watch
[2m[WebServer] [22mWatchpack Error (watcher): Error: EMFILE: too many open files, watch
[2m[WebServer] [22mWatchpack Error (watcher): Error: EMFILE: too many open files, watch
[2m[WebServer] [22mWatchpack Error (watcher): Error: EMFILE: too many open files, watch
[2m[WebServer] [22mWatchpack Error (watcher): Error: EMFILE: too many open files, watch
[2m[WebServer] [22mWatchpack Error (watcher): Error: EMFILE: too many open files, watch
[2m[WebServer] [22mWatchpack Error (watcher): Error: EMFILE: too many open files, watch
[2m[WebServer] [22mWatchpack Error (watcher): Error: EMFILE: too many open files, watch
[2m[WebServer] [22mWatchpack Error (watcher): Error: EMFILE: too many open files, watch
[2m[WebServer] [22mWatchpack Error (watcher): Error: EMFILE: too many open files, watch
[2m[WebServer] [22mWatchpack Error (watcher): Error: EMFILE: too many open files, watch
[2m[WebServer] [22mWatchpack Error (watcher): Error: EMFILE: too many open files, watch
[2m[WebServer] [22mWatchpack Error (watcher): Error: EMFILE: too many open files, watch
[2m[WebServer] [22mWatchpack Error (watcher): Error: EMFILE: too many open files, watch
[2m[WebServer] [22mWatchpack Error (watcher): Error: EMFILE: too many open files, watch
[2m[WebServer] [22mWatchpack Error (watcher): Error: EMFILE: too many open files, watch
[2m[WebServer] [22mWatchpack Error (watcher): Error: EMFILE: too many open files, watch
[2m[WebServer] [22mWatchpack Error (watcher): Error: EMFILE: too many open files, watch
[2m[WebServer] [22mWatchpack Error (watcher): Error: EMFILE: too many open files, watch
[2m[WebServer] [22mWatchpack Error (watcher): Error: EMFILE: too many open files, watch
[2m[WebServer] [22mWatchpack Error (watcher): Error: EMFILE: too many open files, watch
[2m[WebServer] [22mWatchpack Error (watcher): Error: EMFILE: too many open files, watch
[2m[WebServer] [22mWatchpack Error (watcher): Error: EMFILE: too many open files, watch
[2m[WebServer] [22mWatchpack Error (watcher): Error: EMFILE: too many open files, watch
[2m[WebServer] [22mWatchpack Error (watcher): Error: EMFILE: too many open files, watch
[2m[WebServer] [22mWatchpack Error (watcher): Error: EMFILE: too many open files, watch
[2m[WebServer] [22mWatchpack Error (watcher): Error: EMFILE: too many open files, watch
[2m[WebServer] [22mWatchpack Error (watcher): Error: EMFILE: too many open files, watch
[2m[WebServer] [22mWatchpack Error (watcher): Error: EMFILE: too many open files, watch
[2m[WebServer] [22mWatchpack Error (watcher): Error: EMFILE: too many open files, watch
[2m[WebServer] [22mWatchpack Error (watcher): Error: EMFILE: too many open files, watch
[2m[WebServer] [22mWatchpack Error (watcher): Error: EMFILE: too many open files, watch
[2m[WebServer] [22mWatchpack Error (watcher): Error: EMFILE: too many open files, watch
[2m[WebServer] [22mWatchpack Error (watcher): Error: EMFILE: too many open files, watch
[2m[WebServer] [22mWatchpack Error (watcher): Error: EMFILE: too many open files, watch
[2m[WebServer] [22mWatchpack Error (watcher): Error: EMFILE: too many open files, watch
[2m[WebServer] [22mWatchpack Error (watcher): Error: EMFILE: too many open files, watch
[2m[WebServer] [22mWatchpack Error (watcher): Error: EMFILE: too many open files, watch
[2m[WebServer] [22mWatchpack Error (watcher): Error: EMFILE: too many open files, watch
[2m[WebServer] [22mWatchpack Error (watcher): Error: EMFILE: too many open files, watch
[2m[WebServer] [22mWatchpack Error (watcher): Error: EMFILE: too many open files, watch
[2m[WebServer] [22mWatchpack Error (watcher): Error: EMFILE: too many open files, watch
[2m[WebServer] [22mWatchpack Error (watcher): Error: EMFILE: too many open files, watch
[2m[WebServer] [22mWatchpack Error (watcher): Error: EMFILE: too many open files, watch
[2m[WebServer] [22mWatchpack Error (watcher): Error: EMFILE: too many open files, watch
[2m[WebServer] [22mWatchpack Error (watcher): Error: EMFILE: too many open files, watch
[2m[WebServer] [22mWatchpack Error (watcher): Error: EMFILE: too many open files, watch
[2m[WebServer] [22mWatchpack Error (watcher): Error: EMFILE: too many open files, watch
[2m[WebServer] [22mWatchpack Error (watcher): Error: EMFILE: too many open files, watch
[2m[WebServer] [22mWatchpack Error (watcher): Error: EMFILE: too many open files, watch
[2m[WebServer] [22mWatchpack Error (watcher): Error: EMFILE: too many open files, watch
[2m[WebServer] [22mWatchpack Error (watcher): Error: EMFILE: too many open files, watch
[2m[WebServer] [22mWatchpack Error (watcher): Error: EMFILE: too many open files, watch
[2m[WebServer] [22mWatchpack Error (watcher): Error: EMFILE: too many open files, watch
[2m[WebServer] [22mWatchpack Error (watcher): Error: EMFILE: too many open files, watch
[2m[WebServer] [22mWatchpack Error (watcher): Error: EMFILE: too many open files, watch
[2m[WebServer] [22mWatchpack Error (watcher): Error: EMFILE: too many open files, watch
[2m[WebServer] [22mWatchpack Error (watcher): Error: EMFILE: too many open files, watch
[2m[WebServer] [22mWatchpack Error (watcher): Error: EMFILE: too many open files, watch
[2m[WebServer] [22mWatchpack Error (watcher): Error: EMFILE: too many open files, watch
[2m[WebServer] [22mWatchpack Error (watcher): Error: EMFILE: too many open files, watch
[2m[WebServer] [22mWatchpack Error (watcher): Error: EMFILE: too many open files, watch
[2m[WebServer] [22mWatchpack Error (watcher): Error: EMFILE: too many open files, watch
[2m[WebServer] [22mWatchpack Error (watcher): Error: EMFILE: too many open files, watch
[2m[WebServer] [22mWatchpack Error (watcher): Error: EMFILE: too many open files, watch
[2m[WebServer] [22mWatchpack Error (watcher): Error: EMFILE: too many open files, watch
[2m[WebServer] [22mWatchpack Error (watcher): Error: EMFILE: too many open files, watch
[2m[WebServer] [22mWatchpack Error (watcher): Error: EMFILE: too many open files, watch
[2m[WebServer] [22mWatchpack Error (watcher): Error: EMFILE: too many open files, watch
[2m[WebServer] [22mWatchpack Error (watcher): Error: EMFILE: too many open files, watch
[2m[WebServer] [22mWatchpack Error (watcher): Error: EMFILE: too many open files, watch
[2m[WebServer] [22mWatchpack Error (watcher): Error: EMFILE: too many open files, watch
[2m[WebServer] [22mWatchpack Error (watcher): Error: EMFILE: too many open files, watch
[2m[WebServer] [22mWatchpack Error (watcher): Error: EMFILE: too many open files, watch
[2m[WebServer] [22mWatchpack Error (watcher): Error: EMFILE: too many open files, watch
[2m[WebServer] [22mWatchpack Error (watcher): Error: EMFILE: too many open files, watch
[2m[WebServer] [22mWatchpack Error (watcher): Error: EMFILE: too many open files, watch
[2m[WebServer] [22mWatchpack Error (watcher): Error: EMFILE: too many open files, watch
[2m[WebServer] [22mWatchpack Error (watcher): Error: EMFILE: too many open files, watch
[2m[WebServer] [22mWatchpack Error (watcher): Error: EMFILE: too many open files, watch
[2m[WebServer] [22mWatchpack Error (watcher): Error: EMFILE: too many open files, watch
[2m[WebServer] [22mWatchpack Error (watcher): Error: EMFILE: too many open files, watch
[2m[WebServer] [22mWatchpack Error (watcher): Error: EMFILE: too many open files, watch
[2m[WebServer] [22mWatchpack Error (watcher): Error: EMFILE: too many open files, watch
[2m[WebServer] [22mWatchpack Error (watcher): Error: EMFILE: too many open files, watch
[2m[WebServer] [22mWatchpack Error (watcher): Error: EMFILE: too many open files, watch
[2m[WebServer] [22mWatchpack Error (watcher): Error: EMFILE: too many open files, watch
[2m[WebServer] [22mWatchpack Error (watcher): Error: EMFILE: too many open files, watch
[2m[WebServer] [22mWatchpack Error (watcher): Error: EMFILE: too many open files, watch
[2m[WebServer] [22mWatchpack Error (watcher): Error: EMFILE: too many open files, watch
[2m[WebServer] [22mWatchpack Error (watcher): Error: EMFILE: too many open files, watch
[2m[WebServer] [22mWatchpack Error (watcher): Error: EMFILE: too many open files, watch
[2m[WebServer] [22mWatchpack Error (watcher): Error: EMFILE: too many open files, watch
[2m[WebServer] [22mWatchpack Error (watcher): Error: EMFILE: too many open files, watch
[2m[WebServer] [22mWatchpack Error (watcher): Error: EMFILE: too many open files, watch
[2m[WebServer] [22mWatchpack Error (watcher): Error: EMFILE: too many open files, watch
[2m[WebServer] [22mWatchpack Error (watcher): Error: EMFILE: too many open files, watch
[2m[WebServer] [22mWatchpack Error (watcher): Error: EMFILE: too many open files, watch
[2m[WebServer] [22mWatchpack Error (watcher): Error: EMFILE: too many open files, watch
[2m[WebServer] [22mWatchpack Error (watcher): Error: EMFILE: too many open files, watch
[2m[WebServer] [22mWatchpack Error (watcher): Error: EMFILE: too many open files, watch
[2m[WebServer] [22mWatchpack Error (watcher): Error: EMFILE: too many open files, watch
[2m[WebServer] [22mWatchpack Error (watcher): Error: EMFILE: too many open files, watch
[2m[WebServer] [22mWatchpack Error (watcher): Error: EMFILE: too many open files, watch
[2m[WebServer] [22mWatchpack Error (watcher): Error: EMFILE: too many open files, watch
[2m[WebServer] [22mWatchpack Error (watcher): Error: EMFILE: too many open files, watch
[2m[WebServer] [22mWatchpack Error (watcher): Error: EMFILE: too many open files, watch
[2m[WebServer] [22mWatchpack Error (watcher): Error: EMFILE: too many open files, watch
[2m[WebServer] [22mWatchpack Error (watcher): Error: EMFILE: too many open files, watch
[2m[WebServer] [22mWatchpack Error (watcher): Error: EMFILE: too many open files, watch
[2m[WebServer] [22mWatchpack Error (watcher): Error: EMFILE: too many open files, watch
[2m[WebServer] [22mWatchpack Error (watcher): Error: EMFILE: too many open files, watch
[2m[WebServer] [22mWatchpack Error (watcher): Error: EMFILE: too many open files, watch
[2m[WebServer] [22mWatchpack Error (watcher): Error: EMFILE: too many open files, watch
[2m[WebServer] [22mWatchpack Error (watcher): Error: EMFILE: too many open files, watch
[2m[WebServer] [22mWatchpack Error (watcher): Error: EMFILE: too many open files, watch
[2m[WebServer] [22mWatchpack Error (watcher): Error: EMFILE: too many open files, watch
[2m[WebServer] [22mWatchpack Error (watcher): Error: EMFILE: too many open files, watch
[2m[WebServer] [22mWatchpack Error (watcher): Error: EMFILE: too many open files, watch
[2m[WebServer] [22mWatchpack Error (watcher): Error: EMFILE: too many open files, watch
[2m[WebServer] [22mWatchpack Error (watcher): Error: EMFILE: too many open files, watch
[2m[WebServer] [22mWatchpack Error (watcher): Error: EMFILE: too many open files, watch
[2m[WebServer] [22mWatchpack Error (watcher): Error: EMFILE: too many open files, watch
[2m[WebServer] [22mWatchpack Error (watcher): Error: EMFILE: too many open files, watch
[2m[WebServer] [22mWatchpack Error (watcher): Error: EMFILE: too many open files, watch
[2m[WebServer] [22mWatchpack Error (watcher): Error: EMFILE: too many open files, watch
[2m[WebServer] [22mWatchpack Error (watcher): Error: EMFILE: too many open files, watch
[2m[WebServer] [22mWatchpack Error (watcher): Error: EMFILE: too many open files, watch
[2m[WebServer] [22mWatchpack Error (watcher): Error: EMFILE: too many open files, watch
[2m[WebServer] [22mWatchpack Error (watcher): Error: EMFILE: too many open files, watch
[2m[WebServer] [22mWatchpack Error (watcher): Error: EMFILE: too many open files, watch

Running 110 tests using 9 workers

(node:18882) Warning: The 'NO_COLOR' env is ignored due to the 'FORCE_COLOR' env being set.
(Use `node --trace-warnings ...` to show where the warning was created)
(node:18878) Warning: The 'NO_COLOR' env is ignored due to the 'FORCE_COLOR' env being set.
(Use `node --trace-warnings ...` to show where the warning was created)
(node:18886) Warning: The 'NO_COLOR' env is ignored due to the 'FORCE_COLOR' env being set.
(Use `node --trace-warnings ...` to show where the warning was created)
(node:18881) Warning: The 'NO_COLOR' env is ignored due to the 'FORCE_COLOR' env being set.
(Use `node --trace-warnings ...` to show where the warning was created)
(node:18884) Warning: The 'NO_COLOR' env is ignored due to the 'FORCE_COLOR' env being set.
(Use `node --trace-warnings ...` to show where the warning was created)
(node:18885) Warning: The 'NO_COLOR' env is ignored due to the 'FORCE_COLOR' env being set.
(Use `node --trace-warnings ...` to show where the warning was created)
(node:18883) Warning: The 'NO_COLOR' env is ignored due to the 'FORCE_COLOR' env being set.
(Use `node --trace-warnings ...` to show where the warning was created)
(node:18879) Warning: The 'NO_COLOR' env is ignored due to the 'FORCE_COLOR' env being set.
(Use `node --trace-warnings ...` to show where the warning was created)
(node:18880) Warning: The 'NO_COLOR' env is ignored due to the 'FORCE_COLOR' env being set.
(Use `node --trace-warnings ...` to show where the warning was created)
(node:18882) [DEP0205] DeprecationWarning: `module.register()` is deprecated. Use `module.registerHooks()` instead.
(node:18886) [DEP0205] DeprecationWarning: `module.register()` is deprecated. Use `module.registerHooks()` instead.
(node:18878) [DEP0205] DeprecationWarning: `module.register()` is deprecated. Use `module.registerHooks()` instead.
(node:18882) Warning: The 'NO_COLOR' env is ignored due to the 'FORCE_COLOR' env being set.
(Use `node --trace-warnings ...` to show where the warning was created)
(node:18885) [DEP0205] DeprecationWarning: `module.register()` is deprecated. Use `module.registerHooks()` instead.
(node:18883) [DEP0205] DeprecationWarning: `module.register()` is deprecated. Use `module.registerHooks()` instead.
(node:18881) [DEP0205] DeprecationWarning: `module.register()` is deprecated. Use `module.registerHooks()` instead.
(node:18884) [DEP0205] DeprecationWarning: `module.register()` is deprecated. Use `module.registerHooks()` instead.
(node:18879) [DEP0205] DeprecationWarning: `module.register()` is deprecated. Use `module.registerHooks()` instead.
(node:18886) Warning: The 'NO_COLOR' env is ignored due to the 'FORCE_COLOR' env being set.
(Use `node --trace-warnings ...` to show where the warning was created)
(node:18880) [DEP0205] DeprecationWarning: `module.register()` is deprecated. Use `module.registerHooks()` instead.
(node:18878) Warning: The 'NO_COLOR' env is ignored due to the 'FORCE_COLOR' env being set.
(Use `node --trace-warnings ...` to show where the warning was created)
(node:18881) Warning: The 'NO_COLOR' env is ignored due to the 'FORCE_COLOR' env being set.
(Use `node --trace-warnings ...` to show where the warning was created)
(node:18883) Warning: The 'NO_COLOR' env is ignored due to the 'FORCE_COLOR' env being set.
(Use `node --trace-warnings ...` to show where the warning was created)
(node:18885) Warning: The 'NO_COLOR' env is ignored due to the 'FORCE_COLOR' env being set.
(Use `node --trace-warnings ...` to show where the warning was created)
(node:18879) Warning: The 'NO_COLOR' env is ignored due to the 'FORCE_COLOR' env being set.
(Use `node --trace-warnings ...` to show where the warning was created)
(node:18884) Warning: The 'NO_COLOR' env is ignored due to the 'FORCE_COLOR' env being set.
(Use `node --trace-warnings ...` to show where the warning was created)
(node:18880) Warning: The 'NO_COLOR' env is ignored due to the 'FORCE_COLOR' env being set.
(Use `node --trace-warnings ...` to show where the warning was created)
  ✘    3 [chromium] › e2e/comparison.spec.ts:31:5 › B20/B27/B28/B29 出力・印刷・相談の非送信 (0ms)
(node:18896) Warning: The 'NO_COLOR' env is ignored due to the 'FORCE_COLOR' env being set.
(Use `node --trace-warnings ...` to show where the warning was created)
(node:18896) [DEP0205] DeprecationWarning: `module.register()` is deprecated. Use `module.registerHooks()` instead.
(node:18896) Warning: The 'NO_COLOR' env is ignored due to the 'FORCE_COLOR' env being set.
(Use `node --trace-warnings ...` to show where the warning was created)
  ✘    2 [chromium] › e2e/comparison.spec.ts:6:5 › A01/A02/A03/A04/A14 入力と未知・0の往復 (0ms)
(node:18897) Warning: The 'NO_COLOR' env is ignored due to the 'FORCE_COLOR' env being set.
(Use `node --trace-warnings ...` to show where the warning was created)
(node:18897) [DEP0205] DeprecationWarning: `module.register()` is deprecated. Use `module.registerHooks()` instead.
(node:18897) Warning: The 'NO_COLOR' env is ignored due to the 'FORCE_COLOR' env being set.
(Use `node --trace-warnings ...` to show where the warning was created)
  ✘    1 [chromium] › e2e/comparison.spec.ts:45:5 › B25/B26 画面幅・200%相当・キーボード・axe (0ms)
(node:18900) Warning: The 'NO_COLOR' env is ignored due to the 'FORCE_COLOR' env being set.
(Use `node --trace-warnings ...` to show where the warning was created)
(node:18900) [DEP0205] DeprecationWarning: `module.register()` is deprecated. Use `module.registerHooks()` instead.
(node:18900) Warning: The 'NO_COLOR' env is ignored due to the 'FORCE_COLOR' env being set.
(Use `node --trace-warnings ...` to show where the warning was created)
  ✘    6 [chromium] › e2e/comparison.spec.ts:20:5 › B19 入力消去・方式往復でも古い値を保存しない (0ms)
(node:18903) Warning: The 'NO_COLOR' env is ignored due to the 'FORCE_COLOR' env being set.
(Use `node --trace-warnings ...` to show where the warning was created)
(node:18903) [DEP0205] DeprecationWarning: `module.register()` is deprecated. Use `module.registerHooks()` instead.
(node:18903) Warning: The 'NO_COLOR' env is ignored due to the 'FORCE_COLOR' env being set.
(Use `node --trace-warnings ...` to show where the warning was created)
  ✘    8 [chromium] › e2e/comparison.spec.ts:40:5 › B21/B24/B35 失敗時の保護と対象キーのみ削除 (0ms)
(node:18907) Warning: The 'NO_COLOR' env is ignored due to the 'FORCE_COLOR' env being set.
(Use `node --trace-warnings ...` to show where the warning was created)
(node:18907) [DEP0205] DeprecationWarning: `module.register()` is deprecated. Use `module.registerHooks()` instead.
(node:18907) Warning: The 'NO_COLOR' env is ignored due to the 'FORCE_COLOR' env being set.
(Use `node --trace-warnings ...` to show where the warning was created)
  ✘    5 [chromium] › e2e/comparison.spec.ts:25:5 › B09/B10/B11 単位と連動を保存・復元 (1ms)
(node:18910) Warning: The 'NO_COLOR' env is ignored due to the 'FORCE_COLOR' env being set.
(Use `node --trace-warnings ...` to show where the warning was created)
(node:18910) [DEP0205] DeprecationWarning: `module.register()` is deprecated. Use `module.registerHooks()` instead.
  ✘    7 [chromium] › e2e/tools.spec.ts:7:7 › tool hub › home lists every tool and links to its page (0ms)
(node:18910) Warning: The 'NO_COLOR' env is ignored due to the 'FORCE_COLOR' env being set.
(Use `node --trace-warnings ...` to show where the warning was created)
(node:18915) Warning: The 'NO_COLOR' env is ignored due to the 'FORCE_COLOR' env being set.
(Use `node --trace-warnings ...` to show where the warning was created)
(node:18915) [DEP0205] DeprecationWarning: `module.register()` is deprecated. Use `module.registerHooks()` instead.
  ✘    4 [chromium] › e2e/comparison.spec.ts:15:5 › B01/B05/B07/B18 測定記録を再減算しない・方式間に転記しない (0ms)
(node:18915) Warning: The 'NO_COLOR' env is ignored due to the 'FORCE_COLOR' env being set.
(Use `node --trace-warnings ...` to show where the warning was created)
(node:18917) Warning: The 'NO_COLOR' env is ignored due to the 'FORCE_COLOR' env being set.
(Use `node --trace-warnings ...` to show where the warning was created)
(node:18917) [DEP0205] DeprecationWarning: `module.register()` is deprecated. Use `module.registerHooks()` instead.
(node:18917) Warning: The 'NO_COLOR' env is ignored due to the 'FORCE_COLOR' env being set.
(Use `node --trace-warnings ...` to show where the warning was created)
  ✘    9 [chromium] › e2e/tools.spec.ts:25:7 › tool hub › home keeps its purpose-first structure readable on mobile (0ms)
(node:18919) Warning: The 'NO_COLOR' env is ignored due to the 'FORCE_COLOR' env being set.
(Use `node --trace-warnings ...` to show where the warning was created)
(node:18919) [DEP0205] DeprecationWarning: `module.register()` is deprecated. Use `module.registerHooks()` instead.
(node:18919) Warning: The 'NO_COLOR' env is ignored due to the 'FORCE_COLOR' env being set.
(Use `node --trace-warnings ...` to show where the warning was created)
  ✘   10 [chromium] › e2e/tools.spec.ts:69:9 › tool pages render with hero, diagram and explanation › vswr-return-loss renders (0ms)
(node:18921) Warning: The 'NO_COLOR' env is ignored due to the 'FORCE_COLOR' env being set.
(Use `node --trace-warnings ...` to show where the warning was created)
(node:18921) [DEP0205] DeprecationWarning: `module.register()` is deprecated. Use `module.registerHooks()` instead.
(node:18921) Warning: The 'NO_COLOR' env is ignored due to the 'FORCE_COLOR' env being set.
(Use `node --trace-warnings ...` to show where the warning was created)
  ✘   11 [chromium] › e2e/tools.spec.ts:69:9 › tool pages render with hero, diagram and explanation › coaxial-cable-loss renders (0ms)
(node:18923) Warning: The 'NO_COLOR' env is ignored due to the 'FORCE_COLOR' env being set.
(Use `node --trace-warnings ...` to show where the warning was created)
(node:18923) [DEP0205] DeprecationWarning: `module.register()` is deprecated. Use `module.registerHooks()` instead.
(node:18923) Warning: The 'NO_COLOR' env is ignored due to the 'FORCE_COLOR' env being set.
(Use `node --trace-warnings ...` to show where the warning was created)
  ✘   12 [chromium] › e2e/tools.spec.ts:69:9 › tool pages render with hero, diagram and explanation › microstrip-line renders (0ms)
(node:18925) Warning: The 'NO_COLOR' env is ignored due to the 'FORCE_COLOR' env being set.
(Use `node --trace-warnings ...` to show where the warning was created)
(node:18925) [DEP0205] DeprecationWarning: `module.register()` is deprecated. Use `module.registerHooks()` instead.
(node:18925) Warning: The 'NO_COLOR' env is ignored due to the 'FORCE_COLOR' env being set.
(Use `node --trace-warnings ...` to show where the warning was created)
  ✘   13 [chromium] › e2e/tools.spec.ts:69:9 › tool pages render with hero, diagram and explanation › fresnel-zone renders (0ms)
(node:18927) Warning: The 'NO_COLOR' env is ignored due to the 'FORCE_COLOR' env being set.
(Use `node --trace-warnings ...` to show where the warning was created)
(node:18927) [DEP0205] DeprecationWarning: `module.register()` is deprecated. Use `module.registerHooks()` instead.
(node:18927) Warning: The 'NO_COLOR' env is ignored due to the 'FORCE_COLOR' env being set.
(Use `node --trace-warnings ...` to show where the warning was created)
  ✘   14 [chromium] › e2e/tools.spec.ts:69:9 › tool pages render with hero, diagram and explanation › propagation-loss renders (0ms)
(node:18929) Warning: The 'NO_COLOR' env is ignored due to the 'FORCE_COLOR' env being set.
(Use `node --trace-warnings ...` to show where the warning was created)
(node:18929) [DEP0205] DeprecationWarning: `module.register()` is deprecated. Use `module.registerHooks()` instead.
(node:18929) Warning: The 'NO_COLOR' env is ignored due to the 'FORCE_COLOR' env being set.
(Use `node --trace-warnings ...` to show where the warning was created)
  ✘   15 [chromium] › e2e/tools.spec.ts:69:9 › tool pages render with hero, diagram and explanation › ncu-below-ground renders (0ms)
(node:18931) Warning: The 'NO_COLOR' env is ignored due to the 'FORCE_COLOR' env being set.
(Use `node --trace-warnings ...` to show where the warning was created)
(node:18931) [DEP0205] DeprecationWarning: `module.register()` is deprecated. Use `module.registerHooks()` instead.
  ✘   16 [chromium] › e2e/tools.spec.ts:69:9 › tool pages render with hero, diagram and explanation › simple-link-budget renders (0ms)
(node:18931) Warning: The 'NO_COLOR' env is ignored due to the 'FORCE_COLOR' env being set.
(Use `node --trace-warnings ...` to show where the warning was created)
(node:18933) Warning: The 'NO_COLOR' env is ignored due to the 'FORCE_COLOR' env being set.
(Use `node --trace-warnings ...` to show where the warning was created)
(node:18933) [DEP0205] DeprecationWarning: `module.register()` is deprecated. Use `module.registerHooks()` instead.
(node:18933) Warning: The 'NO_COLOR' env is ignored due to the 'FORCE_COLOR' env being set.
(Use `node --trace-warnings ...` to show where the warning was created)
  ✘   17 [chromium] › e2e/tools.spec.ts:69:9 › tool pages render with hero, diagram and explanation › frequency-wavelength renders (0ms)
(node:18935) Warning: The 'NO_COLOR' env is ignored due to the 'FORCE_COLOR' env being set.
(Use `node --trace-warnings ...` to show where the warning was created)
(node:18935) [DEP0205] DeprecationWarning: `module.register()` is deprecated. Use `module.registerHooks()` instead.
  ✘   18 [chromium] › e2e/tools.spec.ts:69:9 › tool pages render with hero, diagram and explanation › dbm-converter renders (0ms)
(node:18935) Warning: The 'NO_COLOR' env is ignored due to the 'FORCE_COLOR' env being set.
(Use `node --trace-warnings ...` to show where the warning was created)
(node:18937) Warning: The 'NO_COLOR' env is ignored due to the 'FORCE_COLOR' env being set.
(Use `node --trace-warnings ...` to show where the warning was created)
(node:18937) [DEP0205] DeprecationWarning: `module.register()` is deprecated. Use `module.registerHooks()` instead.
  ✘   19 [chromium] › e2e/tools.spec.ts:69:9 › tool pages render with hero, diagram and explanation › db-feel renders (0ms)
(node:18937) Warning: The 'NO_COLOR' env is ignored due to the 'FORCE_COLOR' env being set.
(Use `node --trace-warnings ...` to show where the warning was created)
(node:18939) Warning: The 'NO_COLOR' env is ignored due to the 'FORCE_COLOR' env being set.
(Use `node --trace-warnings ...` to show where the warning was created)
(node:18939) [DEP0205] DeprecationWarning: `module.register()` is deprecated. Use `module.registerHooks()` instead.
(node:18939) Warning: The 'NO_COLOR' env is ignored due to the 'FORCE_COLOR' env being set.
(Use `node --trace-warnings ...` to show where the warning was created)
  ✘   20 [chromium] › e2e/tools.spec.ts:69:9 › tool pages render with hero, diagram and explanation › free-space-loss renders (0ms)
(node:18941) Warning: The 'NO_COLOR' env is ignored due to the 'FORCE_COLOR' env being set.
(Use `node --trace-warnings ...` to show where the warning was created)
(node:18941) [DEP0205] DeprecationWarning: `module.register()` is deprecated. Use `module.registerHooks()` instead.
(node:18941) Warning: The 'NO_COLOR' env is ignored due to the 'FORCE_COLOR' env being set.
(Use `node --trace-warnings ...` to show where the warning was created)
  ✘   21 [chromium] › e2e/tools.spec.ts:69:9 › tool pages render with hero, diagram and explanation › wall-penetration renders (0ms)
(node:18943) Warning: The 'NO_COLOR' env is ignored due to the 'FORCE_COLOR' env being set.
(Use `node --trace-warnings ...` to show where the warning was created)
(node:18943) [DEP0205] DeprecationWarning: `module.register()` is deprecated. Use `module.registerHooks()` instead.
(node:18943) Warning: The 'NO_COLOR' env is ignored due to the 'FORCE_COLOR' env being set.
(Use `node --trace-warnings ...` to show where the warning was created)
  ✘   22 [chromium] › e2e/tools.spec.ts:69:9 › tool pages render with hero, diagram and explanation › ifa-initial-dimensions renders (0ms)
(node:18945) Warning: The 'NO_COLOR' env is ignored due to the 'FORCE_COLOR' env being set.
(Use `node --trace-warnings ...` to show where the warning was created)
(node:18945) [DEP0205] DeprecationWarning: `module.register()` is deprecated. Use `module.registerHooks()` instead.
(node:18945) Warning: The 'NO_COLOR' env is ignored due to the 'FORCE_COLOR' env being set.
(Use `node --trace-warnings ...` to show where the warning was created)
  ✘   23 [chromium] › e2e/tools.spec.ts:69:9 › tool pages render with hero, diagram and explanation › l-match renders (0ms)
(node:18947) Warning: The 'NO_COLOR' env is ignored due to the 'FORCE_COLOR' env being set.
(Use `node --trace-warnings ...` to show where the warning was created)
(node:18947) [DEP0205] DeprecationWarning: `module.register()` is deprecated. Use `module.registerHooks()` instead.
(node:18947) Warning: The 'NO_COLOR' env is ignored due to the 'FORCE_COLOR' env being set.
(Use `node --trace-warnings ...` to show where the warning was created)
  ✘   24 [chromium] › e2e/tools.spec.ts:69:9 › tool pages render with hero, diagram and explanation › antenna-isolation renders (0ms)
(node:18949) Warning: The 'NO_COLOR' env is ignored due to the 'FORCE_COLOR' env being set.
(Use `node --trace-warnings ...` to show where the warning was created)
(node:18949) [DEP0205] DeprecationWarning: `module.register()` is deprecated. Use `module.registerHooks()` instead.
  ✘   25 [chromium] › e2e/tools.spec.ts:69:9 › tool pages render with hero, diagram and explanation › diversity-gain renders (0ms)
(node:18949) Warning: The 'NO_COLOR' env is ignored due to the 'FORCE_COLOR' env being set.
(Use `node --trace-warnings ...` to show where the warning was created)
(node:18951) Warning: The 'NO_COLOR' env is ignored due to the 'FORCE_COLOR' env being set.
(Use `node --trace-warnings ...` to show where the warning was created)
(node:18951) [DEP0205] DeprecationWarning: `module.register()` is deprecated. Use `module.registerHooks()` instead.
(node:18951) Warning: The 'NO_COLOR' env is ignored due to the 'FORCE_COLOR' env being set.
(Use `node --trace-warnings ...` to show where the warning was created)
  ✘   26 [chromium] › e2e/tools.spec.ts:69:9 › tool pages render with hero, diagram and explanation › antenna-keepout renders (0ms)
(node:18953) Warning: The 'NO_COLOR' env is ignored due to the 'FORCE_COLOR' env being set.
(Use `node --trace-warnings ...` to show where the warning was created)
(node:18953) [DEP0205] DeprecationWarning: `module.register()` is deprecated. Use `module.registerHooks()` instead.
  ✘   27 [chromium] › e2e/tools.spec.ts:69:9 › tool pages render with hero, diagram and explanation › ground-plane-size renders (0ms)
(node:18953) Warning: The 'NO_COLOR' env is ignored due to the 'FORCE_COLOR' env being set.
(Use `node --trace-warnings ...` to show where the warning was created)
(node:18955) Warning: The 'NO_COLOR' env is ignored due to the 'FORCE_COLOR' env being set.
(Use `node --trace-warnings ...` to show where the warning was created)
(node:18955) [DEP0205] DeprecationWarning: `module.register()` is deprecated. Use `module.registerHooks()` instead.
(node:18955) Warning: The 'NO_COLOR' env is ignored due to the 'FORCE_COLOR' env being set.
(Use `node --trace-warnings ...` to show where the warning was created)
  ✘   28 [chromium] › e2e/tools.spec.ts:69:9 › tool pages render with hero, diagram and explanation › body-loss renders (0ms)
(node:18959) Warning: The 'NO_COLOR' env is ignored due to the 'FORCE_COLOR' env being set.
(Use `node --trace-warnings ...` to show where the warning was created)
(node:18959) [DEP0205] DeprecationWarning: `module.register()` is deprecated. Use `module.registerHooks()` instead.
  ✘   29 [chromium] › e2e/tools.spec.ts:69:9 › tool pages render with hero, diagram and explanation › battery-life renders (0ms)
(node:18959) Warning: The 'NO_COLOR' env is ignored due to the 'FORCE_COLOR' env being set.
(Use `node --trace-warnings ...` to show where the warning was created)
(node:18961) Warning: The 'NO_COLOR' env is ignored due to the 'FORCE_COLOR' env being set.
(Use `node --trace-warnings ...` to show where the warning was created)
(node:18961) [DEP0205] DeprecationWarning: `module.register()` is deprecated. Use `module.registerHooks()` instead.
(node:18961) Warning: The 'NO_COLOR' env is ignored due to the 'FORCE_COLOR' env being set.
(Use `node --trace-warnings ...` to show where the warning was created)
  ✘   30 [chromium] › e2e/tools.spec.ts:69:9 › tool pages render with hero, diagram and explanation › gnss-cn0 renders (0ms)
(node:18963) Warning: The 'NO_COLOR' env is ignored due to the 'FORCE_COLOR' env being set.
(Use `node --trace-warnings ...` to show where the warning was created)
(node:18963) [DEP0205] DeprecationWarning: `module.register()` is deprecated. Use `module.registerHooks()` instead.
(node:18963) Warning: The 'NO_COLOR' env is ignored due to the 'FORCE_COLOR' env being set.
(Use `node --trace-warnings ...` to show where the warning was created)
  ✘   31 [chromium] › e2e/tools.spec.ts:69:9 › tool pages render with hero, diagram and explanation › lora-airtime renders (0ms)
(node:18965) Warning: The 'NO_COLOR' env is ignored due to the 'FORCE_COLOR' env being set.
(Use `node --trace-warnings ...` to show where the warning was created)
(node:18965) [DEP0205] DeprecationWarning: `module.register()` is deprecated. Use `module.registerHooks()` instead.
(node:18965) Warning: The 'NO_COLOR' env is ignored due to the 'FORCE_COLOR' env being set.
(Use `node --trace-warnings ...` to show where the warning was created)
  ✘   32 [chromium] › e2e/tools.spec.ts:79:7 › G Tier2 tools › diversity gain reacts to antenna spacing (0ms)
(node:18967) Warning: The 'NO_COLOR' env is ignored due to the 'FORCE_COLOR' env being set.
(Use `node --trace-warnings ...` to show where the warning was created)
(node:18967) [DEP0205] DeprecationWarning: `module.register()` is deprecated. Use `module.registerHooks()` instead.
(node:18967) Warning: The 'NO_COLOR' env is ignored due to the 'FORCE_COLOR' env being set.
(Use `node --trace-warnings ...` to show where the warning was created)
  ✘   33 [chromium] › e2e/tools.spec.ts:95:7 › G Tier2 tools › LoRa airtime reacts to SF, payload and hourly limit (0ms)
(node:18969) Warning: The 'NO_COLOR' env is ignored due to the 'FORCE_COLOR' env being set.
(Use `node --trace-warnings ...` to show where the warning was created)
(node:18969) [DEP0205] DeprecationWarning: `module.register()` is deprecated. Use `module.registerHooks()` instead.
(node:18969) Warning: The 'NO_COLOR' env is ignored due to the 'FORCE_COLOR' env being set.
(Use `node --trace-warnings ...` to show where the warning was created)
  ✘   34 [chromium] › e2e/tools.spec.ts:115:7 › G Tier2 tools › IFA dimensions react to frequency (0ms)
(node:18973) Warning: The 'NO_COLOR' env is ignored due to the 'FORCE_COLOR' env being set.
(Use `node --trace-warnings ...` to show where the warning was created)
(node:18973) [DEP0205] DeprecationWarning: `module.register()` is deprecated. Use `module.registerHooks()` instead.
(node:18973) Warning: The 'NO_COLOR' env is ignored due to the 'FORCE_COLOR' env being set.
(Use `node --trace-warnings ...` to show where the warning was created)
  ✘   35 [chromium] › e2e/tools.spec.ts:129:7 › G Tier2 tools › L-match shows both closed-form solutions (0ms)
(node:18975) Warning: The 'NO_COLOR' env is ignored due to the 'FORCE_COLOR' env being set.
(Use `node --trace-warnings ...` to show where the warning was created)
(node:18975) [DEP0205] DeprecationWarning: `module.register()` is deprecated. Use `module.registerHooks()` instead.
  ✘   36 [chromium] › e2e/tools.spec.ts:140:7 › G Tier2 tools › antenna isolation reacts to spacing (0ms)
(node:18975) Warning: The 'NO_COLOR' env is ignored due to the 'FORCE_COLOR' env being set.
(Use `node --trace-warnings ...` to show where the warning was created)
(node:18977) Warning: The 'NO_COLOR' env is ignored due to the 'FORCE_COLOR' env being set.
(Use `node --trace-warnings ...` to show where the warning was created)
(node:18977) [DEP0205] DeprecationWarning: `module.register()` is deprecated. Use `module.registerHooks()` instead.
(node:18977) Warning: The 'NO_COLOR' env is ignored due to the 'FORCE_COLOR' env being set.
(Use `node --trace-warnings ...` to show where the warning was created)
  ✘   37 [chromium] › e2e/tools.spec.ts:156:7 › G Tier2 tools › battery life reacts to derating (0ms)
(node:18979) Warning: The 'NO_COLOR' env is ignored due to the 'FORCE_COLOR' env being set.
(Use `node --trace-warnings ...` to show where the warning was created)
(node:18979) [DEP0205] DeprecationWarning: `module.register()` is deprecated. Use `module.registerHooks()` instead.
(node:18979) Warning: The 'NO_COLOR' env is ignored due to the 'FORCE_COLOR' env being set.
(Use `node --trace-warnings ...` to show where the warning was created)
  ✘   38 [chromium] › e2e/tools.spec.ts:167:7 › G Tier2 tools › GNSS compares passive and active C/N0 (0ms)
(node:18981) Warning: The 'NO_COLOR' env is ignored due to the 'FORCE_COLOR' env being set.
(Use `node --trace-warnings ...` to show where the warning was created)
(node:18981) [DEP0205] DeprecationWarning: `module.register()` is deprecated. Use `module.registerHooks()` instead.
(node:18981) Warning: The 'NO_COLOR' env is ignored due to the 'FORCE_COLOR' env being set.
(Use `node --trace-warnings ...` to show where the warning was created)
  ✘   39 [chromium] › e2e/tools.spec.ts:179:7 › G Tier2 tools › battery and GNSS use dedicated mobile chart layouts (0ms)
(node:18984) Warning: The 'NO_COLOR' env is ignored due to the 'FORCE_COLOR' env being set.
(Use `node --trace-warnings ...` to show where the warning was created)
(node:18984) [DEP0205] DeprecationWarning: `module.register()` is deprecated. Use `module.registerHooks()` instead.
(node:18984) Warning: The 'NO_COLOR' env is ignored due to the 'FORCE_COLOR' env being set.
(Use `node --trace-warnings ...` to show where the warning was created)
  ✘   40 [chromium] › e2e/tools.spec.ts:192:7 › antenna research columns › patch column follows the substrate input (0ms)
(node:18986) Warning: The 'NO_COLOR' env is ignored due to the 'FORCE_COLOR' env being set.
(Use `node --trace-warnings ...` to show where the warning was created)
(node:18986) [DEP0205] DeprecationWarning: `module.register()` is deprecated. Use `module.registerHooks()` instead.
(node:18986) Warning: The 'NO_COLOR' env is ignored due to the 'FORCE_COLOR' env being set.
(Use `node --trace-warnings ...` to show where the warning was created)
  ✘   41 [chromium] › e2e/tools.spec.ts:202:7 › antenna research columns › radiation column follows antenna kind (0ms)
(node:18989) Warning: The 'NO_COLOR' env is ignored due to the 'FORCE_COLOR' env being set.
(Use `node --trace-warnings ...` to show where the warning was created)
(node:18989) [DEP0205] DeprecationWarning: `module.register()` is deprecated. Use `module.registerHooks()` instead.
(node:18989) Warning: The 'NO_COLOR' env is ignored due to the 'FORCE_COLOR' env being set.
(Use `node --trace-warnings ...` to show where the warning was created)
  ✘   42 [chromium] › e2e/tools.spec.ts:212:7 › antenna research columns › small antenna column follows radius (0ms)
(node:18991) Warning: The 'NO_COLOR' env is ignored due to the 'FORCE_COLOR' env being set.
(Use `node --trace-warnings ...` to show where the warning was created)
(node:18991) [DEP0205] DeprecationWarning: `module.register()` is deprecated. Use `module.registerHooks()` instead.
(node:18991) Warning: The 'NO_COLOR' env is ignored due to the 'FORCE_COLOR' env being set.
(Use `node --trace-warnings ...` to show where the warning was created)
  ✘   43 [chromium] › e2e/tools.spec.ts:222:7 › antenna research columns › small loop column follows the loop diameter (0ms)
(node:18993) Warning: The 'NO_COLOR' env is ignored due to the 'FORCE_COLOR' env being set.
(Use `node --trace-warnings ...` to show where the warning was created)
(node:18993) [DEP0205] DeprecationWarning: `module.register()` is deprecated. Use `module.registerHooks()` instead.
(node:18993) Warning: The 'NO_COLOR' env is ignored due to the 'FORCE_COLOR' env being set.
(Use `node --trace-warnings ...` to show where the warning was created)
  ✘   44 [chromium] › e2e/tools.spec.ts:233:7 › antenna research columns › research columns fit mobile and expose their sources (0ms)
(node:18995) Warning: The 'NO_COLOR' env is ignored due to the 'FORCE_COLOR' env being set.
(Use `node --trace-warnings ...` to show where the warning was created)
(node:18995) [DEP0205] DeprecationWarning: `module.register()` is deprecated. Use `module.registerHooks()` instead.
(node:18995) Warning: The 'NO_COLOR' env is ignored due to the 'FORCE_COLOR' env being set.
(Use `node --trace-warnings ...` to show where the warning was created)
  ✘   45 [chromium] › e2e/tools.spec.ts:295:5 › basic tools keep the calculator and primary result near the first viewport (0ms)
(node:18998) Warning: The 'NO_COLOR' env is ignored due to the 'FORCE_COLOR' env being set.
(Use `node --trace-warnings ...` to show where the warning was created)
(node:18998) [DEP0205] DeprecationWarning: `module.register()` is deprecated. Use `module.registerHooks()` instead.
(node:18998) Warning: The 'NO_COLOR' env is ignored due to the 'FORCE_COLOR' env being set.
(Use `node --trace-warnings ...` to show where the warning was created)
  ✘   46 [chromium] › e2e/tools.spec.ts:327:5 › VSWR diagram reacts to input (0ms)
(node:19009) Warning: The 'NO_COLOR' env is ignored due to the 'FORCE_COLOR' env being set.
(Use `node --trace-warnings ...` to show where the warning was created)
(node:19009) [DEP0205] DeprecationWarning: `module.register()` is deprecated. Use `module.registerHooks()` instead.
(node:19009) Warning: The 'NO_COLOR' env is ignored due to the 'FORCE_COLOR' env being set.
(Use `node --trace-warnings ...` to show where the warning was created)
  ✘   47 [chromium] › e2e/tools.spec.ts:335:5 › VSWR keeps its derived primary result visible beside the inputs (0ms)
(node:19011) Warning: The 'NO_COLOR' env is ignored due to the 'FORCE_COLOR' env being set.
(Use `node --trace-warnings ...` to show where the warning was created)
(node:19011) [DEP0205] DeprecationWarning: `module.register()` is deprecated. Use `module.registerHooks()` instead.
(node:19011) Warning: The 'NO_COLOR' env is ignored due to the 'FORCE_COLOR' env being set.
(Use `node --trace-warnings ...` to show where the warning was created)
  ✘   48 [chromium] › e2e/tools.spec.ts:351:5 › FSPL keeps its primary result visible beside the inputs (0ms)
(node:19013) Warning: The 'NO_COLOR' env is ignored due to the 'FORCE_COLOR' env being set.
(Use `node --trace-warnings ...` to show where the warning was created)
(node:19013) [DEP0205] DeprecationWarning: `module.register()` is deprecated. Use `module.registerHooks()` instead.
(node:19013) Warning: The 'NO_COLOR' env is ignored due to the 'FORCE_COLOR' env being set.
(Use `node --trace-warnings ...` to show where the warning was created)
  ✘   49 [chromium] › e2e/tools.spec.ts:366:5 › dBm converter keeps a derived primary result visible beside the input (0ms)
(node:19015) Warning: The 'NO_COLOR' env is ignored due to the 'FORCE_COLOR' env being set.
(Use `node --trace-warnings ...` to show where the warning was created)
(node:19015) [DEP0205] DeprecationWarning: `module.register()` is deprecated. Use `module.registerHooks()` instead.
(node:19015) Warning: The 'NO_COLOR' env is ignored due to the 'FORCE_COLOR' env being set.
(Use `node --trace-warnings ...` to show where the warning was created)
  ✘   50 [chromium] › e2e/tools.spec.ts:381:5 › frequency tool keeps wavelength visible beside the input (0ms)
(node:19017) Warning: The 'NO_COLOR' env is ignored due to the 'FORCE_COLOR' env being set.
(Use `node --trace-warnings ...` to show where the warning was created)
(node:19017) [DEP0205] DeprecationWarning: `module.register()` is deprecated. Use `module.registerHooks()` instead.
(node:19017) Warning: The 'NO_COLOR' env is ignored due to the 'FORCE_COLOR' env being set.
(Use `node --trace-warnings ...` to show where the warning was created)
  ✘   51 [chromium] › e2e/tools.spec.ts:392:5 › dB feel slider reacts to dB (0ms)
(node:19019) Warning: The 'NO_COLOR' env is ignored due to the 'FORCE_COLOR' env being set.
(Use `node --trace-warnings ...` to show where the warning was created)
(node:19019) [DEP0205] DeprecationWarning: `module.register()` is deprecated. Use `module.registerHooks()` instead.
(node:19019) Warning: The 'NO_COLOR' env is ignored due to the 'FORCE_COLOR' env being set.
(Use `node --trace-warnings ...` to show where the warning was created)
  ✘   52 [chromium] › e2e/tools.spec.ts:404:5 › dB feel keeps power ratio visible beside the slider (0ms)
(node:19021) Warning: The 'NO_COLOR' env is ignored due to the 'FORCE_COLOR' env being set.
(Use `node --trace-warnings ...` to show where the warning was created)
(node:19021) [DEP0205] DeprecationWarning: `module.register()` is deprecated. Use `module.registerHooks()` instead.
(node:19021) Warning: The 'NO_COLOR' env is ignored due to the 'FORCE_COLOR' env being set.
(Use `node --trace-warnings ...` to show where the warning was created)
  ✘   53 [chromium] › e2e/tools.spec.ts:413:5 › coax tool keeps total loss visible beside the inputs (0ms)
(node:19023) Warning: The 'NO_COLOR' env is ignored due to the 'FORCE_COLOR' env being set.
(Use `node --trace-warnings ...` to show where the warning was created)
(node:19023) [DEP0205] DeprecationWarning: `module.register()` is deprecated. Use `module.registerHooks()` instead.
(node:19023) Warning: The 'NO_COLOR' env is ignored due to the 'FORCE_COLOR' env being set.
(Use `node --trace-warnings ...` to show where the warning was created)
  ✘   54 [chromium] › e2e/tools.spec.ts:424:5 › RF calculator opens in guided mode with advice chips that apply on click (0ms)
(node:19025) Warning: The 'NO_COLOR' env is ignored due to the 'FORCE_COLOR' env being set.
(Use `node --trace-warnings ...` to show where the warning was created)
(node:19025) [DEP0205] DeprecationWarning: `module.register()` is deprecated. Use `module.registerHooks()` instead.
(node:19025) Warning: The 'NO_COLOR' env is ignored due to the 'FORCE_COLOR' env being set.
(Use `node --trace-warnings ...` to show where the warning was created)
  ✘   55 [chromium] › e2e/tools.spec.ts:453:5 › RF calculator switches to the research distance sheet (0ms)
(node:19027) Warning: The 'NO_COLOR' env is ignored due to the 'FORCE_COLOR' env being set.
(Use `node --trace-warnings ...` to show where the warning was created)
(node:19027) [DEP0205] DeprecationWarning: `module.register()` is deprecated. Use `module.registerHooks()` instead.
(node:19027) Warning: The 'NO_COLOR' env is ignored due to the 'FORCE_COLOR' env being set.
(Use `node --trace-warnings ...` to show where the warning was created)
  ✘   56 [chromium] › e2e/tools.spec.ts:475:5 › RF calculator keeps each number field's intentional empty-value behavior (0ms)
(node:19029) Warning: The 'NO_COLOR' env is ignored due to the 'FORCE_COLOR' env being set.
(Use `node --trace-warnings ...` to show where the warning was created)
(node:19029) [DEP0205] DeprecationWarning: `module.register()` is deprecated. Use `module.registerHooks()` instead.
(node:19029) Warning: The 'NO_COLOR' env is ignored due to the 'FORCE_COLOR' env being set.
(Use `node --trace-warnings ...` to show where the warning was created)
  ✘   57 [chromium] › e2e/tools.spec.ts:501:5 › research distance delays the invalid-frequency banner while typing (0ms)
(node:19031) Warning: The 'NO_COLOR' env is ignored due to the 'FORCE_COLOR' env being set.
(Use `node --trace-warnings ...` to show where the warning was created)
(node:19031) [DEP0205] DeprecationWarning: `module.register()` is deprecated. Use `module.registerHooks()` instead.
(node:19031) Warning: The 'NO_COLOR' env is ignored due to the 'FORCE_COLOR' env being set.
(Use `node --trace-warnings ...` to show where the warning was created)
  ✘   58 [chromium] › e2e/tools.spec.ts:516:5 › RF calculator explains that Hata antenna heights are not fixed (0ms)
(node:19033) Warning: The 'NO_COLOR' env is ignored due to the 'FORCE_COLOR' env being set.
(Use `node --trace-warnings ...` to show where the warning was created)
(node:19033) [DEP0205] DeprecationWarning: `module.register()` is deprecated. Use `module.registerHooks()` instead.
(node:19033) Warning: The 'NO_COLOR' env is ignored due to the 'FORCE_COLOR' env being set.
(Use `node --trace-warnings ...` to show where the warning was created)
  ✘   59 [chromium] › e2e/tools.spec.ts:539:5 › RF calculator shows model assumptions, double-counting guidance, and research column (0ms)
(node:19035) Warning: The 'NO_COLOR' env is ignored due to the 'FORCE_COLOR' env being set.
(Use `node --trace-warnings ...` to show where the warning was created)
(node:19035) [DEP0205] DeprecationWarning: `module.register()` is deprecated. Use `module.registerHooks()` instead.
(node:19035) Warning: The 'NO_COLOR' env is ignored due to the 'FORCE_COLOR' env being set.
(Use `node --trace-warnings ...` to show where the warning was created)
  ✘   60 [chromium] › e2e/tools.spec.ts:559:5 › RF calculator diagrams show the two-ray interference lab synced with inputs (0ms)
(node:19037) Warning: The 'NO_COLOR' env is ignored due to the 'FORCE_COLOR' env being set.
(Use `node --trace-warnings ...` to show where the warning was created)
(node:19037) [DEP0205] DeprecationWarning: `module.register()` is deprecated. Use `module.registerHooks()` instead.
(node:19037) Warning: The 'NO_COLOR' env is ignored due to the 'FORCE_COLOR' env being set.
(Use `node --trace-warnings ...` to show where the warning was created)
  ✘   61 [chromium] › e2e/tools.spec.ts:578:5 › RF calculator supports IoT calibrated Hata mode (0ms)
(node:19039) Warning: The 'NO_COLOR' env is ignored due to the 'FORCE_COLOR' env being set.
(Use `node --trace-warnings ...` to show where the warning was created)
(node:19039) [DEP0205] DeprecationWarning: `module.register()` is deprecated. Use `module.registerHooks()` instead.
(node:19039) Warning: The 'NO_COLOR' env is ignored due to the 'FORCE_COLOR' env being set.
(Use `node --trace-warnings ...` to show where the warning was created)
  ✘   62 [chromium] › e2e/tools.spec.ts:599:5 › RF calculator keeps compact controls beside the waterfall (0ms)
(node:19041) Warning: The 'NO_COLOR' env is ignored due to the 'FORCE_COLOR' env being set.
(Use `node --trace-warnings ...` to show where the warning was created)
(node:19041) [DEP0205] DeprecationWarning: `module.register()` is deprecated. Use `module.registerHooks()` instead.
(node:19041) Warning: The 'NO_COLOR' env is ignored due to the 'FORCE_COLOR' env being set.
(Use `node --trace-warnings ...` to show where the warning was created)
  ✘   63 [chromium] › e2e/tools.spec.ts:637:5 › NCU below-ground page updates warnings and diagram from BOX conditions (0ms)
(node:19043) Warning: The 'NO_COLOR' env is ignored due to the 'FORCE_COLOR' env being set.
(Use `node --trace-warnings ...` to show where the warning was created)
(node:19043) [DEP0205] DeprecationWarning: `module.register()` is deprecated. Use `module.registerHooks()` instead.
(node:19043) Warning: The 'NO_COLOR' env is ignored due to the 'FORCE_COLOR' env being set.
(Use `node --trace-warnings ...` to show where the warning was created)
  ✘   64 [chromium] › e2e/tools.spec.ts:667:5 › NCU field analysis ranks causes from measurement deltas (0ms)
(node:19045) Warning: The 'NO_COLOR' env is ignored due to the 'FORCE_COLOR' env being set.
(Use `node --trace-warnings ...` to show where the warning was created)
(node:19045) [DEP0205] DeprecationWarning: `module.register()` is deprecated. Use `module.registerHooks()` instead.
(node:19045) Warning: The 'NO_COLOR' env is ignored due to the 'FORCE_COLOR' env being set.
(Use `node --trace-warnings ...` to show where the warning was created)
  ✘   65 [chromium] › e2e/tools.spec.ts:697:5 › microstrip impedance reacts to trace width (0ms)
(node:19047) Warning: The 'NO_COLOR' env is ignored due to the 'FORCE_COLOR' env being set.
(Use `node --trace-warnings ...` to show where the warning was created)
(node:19047) [DEP0205] DeprecationWarning: `module.register()` is deprecated. Use `module.registerHooks()` instead.
(node:19047) Warning: The 'NO_COLOR' env is ignored due to the 'FORCE_COLOR' env being set.
(Use `node --trace-warnings ...` to show where the warning was created)
  ✘   66 [chromium] › e2e/tools.spec.ts:706:5 › microstrip bend significance reacts to frequency (0ms)
(node:19051) Warning: The 'NO_COLOR' env is ignored due to the 'FORCE_COLOR' env being set.
(Use `node --trace-warnings ...` to show where the warning was created)
(node:19051) [DEP0205] DeprecationWarning: `module.register()` is deprecated. Use `module.registerHooks()` instead.
(node:19051) Warning: The 'NO_COLOR' env is ignored due to the 'FORCE_COLOR' env being set.
(Use `node --trace-warnings ...` to show where the warning was created)
  ✘   67 [chromium] › e2e/tools.spec.ts:714:5 › fresnel page includes the IoT deep-dive (0ms)
(node:19055) Warning: The 'NO_COLOR' env is ignored due to the 'FORCE_COLOR' env being set.
(Use `node --trace-warnings ...` to show where the warning was created)
(node:19055) [DEP0205] DeprecationWarning: `module.register()` is deprecated. Use `module.registerHooks()` instead.
(node:19055) Warning: The 'NO_COLOR' env is ignored due to the 'FORCE_COLOR' env being set.
(Use `node --trace-warnings ...` to show where the warning was created)
  ✘   68 [chromium] › e2e/tools.spec.ts:722:5 › fresnel long-distance mode subtracts earth curvature and shows the radio horizon (0ms)
(node:19059) Warning: The 'NO_COLOR' env is ignored due to the 'FORCE_COLOR' env being set.
(Use `node --trace-warnings ...` to show where the warning was created)
(node:19059) [DEP0205] DeprecationWarning: `module.register()` is deprecated. Use `module.registerHooks()` instead.
(node:19059) Warning: The 'NO_COLOR' env is ignored due to the 'FORCE_COLOR' env being set.
(Use `node --trace-warnings ...` to show where the warning was created)
  ✘   69 [chromium] › e2e/tools.spec.ts:747:5 › propagation page includes the Okumura-Hata column (0ms)
(node:19062) Warning: The 'NO_COLOR' env is ignored due to the 'FORCE_COLOR' env being set.
(Use `node --trace-warnings ...` to show where the warning was created)
(node:19062) [DEP0205] DeprecationWarning: `module.register()` is deprecated. Use `module.registerHooks()` instead.
(node:19062) Warning: The 'NO_COLOR' env is ignored due to the 'FORCE_COLOR' env being set.
(Use `node --trace-warnings ...` to show where the warning was created)
  ✘   70 [chromium] › e2e/tools.spec.ts:756:5 › propagation page warns when Hata is floored by free-space loss (0ms)
(node:19068) Warning: The 'NO_COLOR' env is ignored due to the 'FORCE_COLOR' env being set.
(Use `node --trace-warnings ...` to show where the warning was created)
(node:19068) [DEP0205] DeprecationWarning: `module.register()` is deprecated. Use `module.registerHooks()` instead.
(node:19068) Warning: The 'NO_COLOR' env is ignored due to the 'FORCE_COLOR' env being set.
(Use `node --trace-warnings ...` to show where the warning was created)
  ✘   71 [chromium] › e2e/tools.spec.ts:774:5 › radio wave intuition renders chapters, animates the wave and tracks progress (0ms)
(node:19070) Warning: The 'NO_COLOR' env is ignored due to the 'FORCE_COLOR' env being set.
(Use `node --trace-warnings ...` to show where the warning was created)
(node:19070) [DEP0205] DeprecationWarning: `module.register()` is deprecated. Use `module.registerHooks()` instead.
(node:19070) Warning: The 'NO_COLOR' env is ignored due to the 'FORCE_COLOR' env being set.
(Use `node --trace-warnings ...` to show where the warning was created)
  ✘   72 [chromium] › e2e/tools.spec.ts:796:5 › radio wave intuition chapters expose their columns and tool links (0ms)
(node:19072) Warning: The 'NO_COLOR' env is ignored due to the 'FORCE_COLOR' env being set.
(Use `node --trace-warnings ...` to show where the warning was created)
(node:19072) [DEP0205] DeprecationWarning: `module.register()` is deprecated. Use `module.registerHooks()` instead.
(node:19072) Warning: The 'NO_COLOR' env is ignored due to the 'FORCE_COLOR' env being set.
(Use `node --trace-warnings ...` to show where the warning was created)
  ✘   73 [chromium] › e2e/tools.spec.ts:809:5 › RF learning quest answers immediately and saves progress (0ms)
(node:19074) Warning: The 'NO_COLOR' env is ignored due to the 'FORCE_COLOR' env being set.
(Use `node --trace-warnings ...` to show where the warning was created)
(node:19074) [DEP0205] DeprecationWarning: `module.register()` is deprecated. Use `module.registerHooks()` instead.
(node:19074) Warning: The 'NO_COLOR' env is ignored due to the 'FORCE_COLOR' env being set.
(Use `node --trace-warnings ...` to show where the warning was created)
  ✘   74 [chromium] › e2e/tools.spec.ts:838:5 › RF learning quest clears a wrong answer when the stage is clicked again (0ms)
(node:19076) Warning: The 'NO_COLOR' env is ignored due to the 'FORCE_COLOR' env being set.
(Use `node --trace-warnings ...` to show where the warning was created)
(node:19076) [DEP0205] DeprecationWarning: `module.register()` is deprecated. Use `module.registerHooks()` instead.
(node:19076) Warning: The 'NO_COLOR' env is ignored due to the 'FORCE_COLOR' env being set.
(Use `node --trace-warnings ...` to show where the warning was created)
  ✘   75 [chromium] › e2e/tools.spec.ts:853:5 › RF learning quest keeps seeded choices stable until an answer is shown (0ms)
(node:19078) Warning: The 'NO_COLOR' env is ignored due to the 'FORCE_COLOR' env being set.
(Use `node --trace-warnings ...` to show where the warning was created)
(node:19078) [DEP0205] DeprecationWarning: `module.register()` is deprecated. Use `module.registerHooks()` instead.
(node:19078) Warning: The 'NO_COLOR' env is ignored due to the 'FORCE_COLOR' env being set.
(Use `node --trace-warnings ...` to show where the warning was created)
  ✘   76 [chromium] › e2e/tools.spec.ts:869:5 › RF learning quest has researcher mode with recent-study sources (0ms)
(node:19080) Warning: The 'NO_COLOR' env is ignored due to the 'FORCE_COLOR' env being set.
(Use `node --trace-warnings ...` to show where the warning was created)
(node:19080) [DEP0205] DeprecationWarning: `module.register()` is deprecated. Use `module.registerHooks()` instead.
(node:19080) Warning: The 'NO_COLOR' env is ignored due to the 'FORCE_COLOR' env being set.
(Use `node --trace-warnings ...` to show where the warning was created)
  ✘   77 [chromium] › e2e/tools.spec.ts:881:5 › RF learning quest unlocks certification exam and prepares PDF certificate (0ms)
(node:19082) Warning: The 'NO_COLOR' env is ignored due to the 'FORCE_COLOR' env being set.
(Use `node --trace-warnings ...` to show where the warning was created)
(node:19082) [DEP0205] DeprecationWarning: `module.register()` is deprecated. Use `module.registerHooks()` instead.
(node:19082) Warning: The 'NO_COLOR' env is ignored due to the 'FORCE_COLOR' env being set.
(Use `node --trace-warnings ...` to show where the warning was created)
  ✘   78 [chromium] › e2e/tools.spec.ts:930:5 › RF learning quest shows a level-up screen after five clears (0ms)
(node:19084) Warning: The 'NO_COLOR' env is ignored due to the 'FORCE_COLOR' env being set.
(Use `node --trace-warnings ...` to show where the warning was created)
(node:19084) [DEP0205] DeprecationWarning: `module.register()` is deprecated. Use `module.registerHooks()` instead.
(node:19084) Warning: The 'NO_COLOR' env is ignored due to the 'FORCE_COLOR' env being set.
(Use `node --trace-warnings ...` to show where the warning was created)
  ✘   79 [chromium] › e2e/tools.spec.ts:949:5 › noise floor tool derives LoRa SF12 sensitivity and links to the link budget (0ms)
(node:19087) Warning: The 'NO_COLOR' env is ignored due to the 'FORCE_COLOR' env being set.
(Use `node --trace-warnings ...` to show where the warning was created)
(node:19087) [DEP0205] DeprecationWarning: `module.register()` is deprecated. Use `module.registerHooks()` instead.
(node:19087) Warning: The 'NO_COLOR' env is ignored due to the 'FORCE_COLOR' env being set.
(Use `node --trace-warnings ...` to show where the warning was created)
  ✘   80 [chromium] › e2e/tools.spec.ts:963:5 › eirp compliance tool judges 920MHz limits and reacts to gain and class changes (0ms)
(node:19089) Warning: The 'NO_COLOR' env is ignored due to the 'FORCE_COLOR' env being set.
(Use `node --trace-warnings ...` to show where the warning was created)
(node:19089) [DEP0205] DeprecationWarning: `module.register()` is deprecated. Use `module.registerHooks()` instead.
(node:19089) Warning: The 'NO_COLOR' env is ignored due to the 'FORCE_COLOR' env being set.
(Use `node --trace-warnings ...` to show where the warning was created)
  ✘   81 [chromium] › e2e/tools.spec.ts:981:5 › shadowing margin derives the required margin from sigma and reliability (0ms)
(node:19093) Warning: The 'NO_COLOR' env is ignored due to the 'FORCE_COLOR' env being set.
(Use `node --trace-warnings ...` to show where the warning was created)
(node:19093) [DEP0205] DeprecationWarning: `module.register()` is deprecated. Use `module.registerHooks()` instead.
(node:19093) Warning: The 'NO_COLOR' env is ignored due to the 'FORCE_COLOR' env being set.
(Use `node --trace-warnings ...` to show where the warning was created)
  ✘   82 [chromium] › e2e/tools.spec.ts:999:5 › shadowing expert mode derives Jakes area coverage (0ms)
(node:19095) Warning: The 'NO_COLOR' env is ignored due to the 'FORCE_COLOR' env being set.
(Use `node --trace-warnings ...` to show where the warning was created)
(node:19095) [DEP0205] DeprecationWarning: `module.register()` is deprecated. Use `module.registerHooks()` instead.
(node:19095) Warning: The 'NO_COLOR' env is ignored due to the 'FORCE_COLOR' env being set.
(Use `node --trace-warnings ...` to show where the warning was created)
  ✘   83 [chromium] › e2e/tools.spec.ts:1011:5 › polarization loss tool computes linear 45deg default and switches polarization modes (0ms)
(node:19097) Warning: The 'NO_COLOR' env is ignored due to the 'FORCE_COLOR' env being set.
(Use `node --trace-warnings ...` to show where the warning was created)
(node:19097) [DEP0205] DeprecationWarning: `module.register()` is deprecated. Use `module.registerHooks()` instead.
(node:19097) Warning: The 'NO_COLOR' env is ignored due to the 'FORCE_COLOR' env being set.
(Use `node --trace-warnings ...` to show where the warning was created)
  ✘   84 [chromium] › e2e/tools.spec.ts:1033:5 › rain attenuation tool combines P.838 rain and P.676 gaseous loss (0ms)
(node:19099) Warning: The 'NO_COLOR' env is ignored due to the 'FORCE_COLOR' env being set.
(Use `node --trace-warnings ...` to show where the warning was created)
(node:19099) [DEP0205] DeprecationWarning: `module.register()` is deprecated. Use `module.registerHooks()` instead.
(node:19099) Warning: The 'NO_COLOR' env is ignored due to the 'FORCE_COLOR' env being set.
(Use `node --trace-warnings ...` to show where the warning was created)
  ✘   85 [chromium] › e2e/tools.spec.ts:1054:5 › mismatch-range-impact primary result (0ms)
(node:19101) Warning: The 'NO_COLOR' env is ignored due to the 'FORCE_COLOR' env being set.
(Use `node --trace-warnings ...` to show where the warning was created)
(node:19101) [DEP0205] DeprecationWarning: `module.register()` is deprecated. Use `module.registerHooks()` instead.
(node:19101) Warning: The 'NO_COLOR' env is ignored due to the 'FORCE_COLOR' env being set.
(Use `node --trace-warnings ...` to show where the warning was created)
  ✘   86 [chromium] › e2e/tools.spec.ts:1062:5 › desense reacts to interference level (power addition) (0ms)
(node:19103) Warning: The 'NO_COLOR' env is ignored due to the 'FORCE_COLOR' env being set.
(Use `node --trace-warnings ...` to show where the warning was created)
(node:19103) [DEP0205] DeprecationWarning: `module.register()` is deprecated. Use `module.registerHooks()` instead.
(node:19103) Warning: The 'NO_COLOR' env is ignored due to the 'FORCE_COLOR' env being set.
(Use `node --trace-warnings ...` to show where the warning was created)
  ✘   87 [chromium] › e2e/tools.spec.ts:1073:5 › measurement sampling tool derives required sample count and reacts to confidence (0ms)
(node:19105) Warning: The 'NO_COLOR' env is ignored due to the 'FORCE_COLOR' env being set.
(Use `node --trace-warnings ...` to show where the warning was created)
(node:19105) [DEP0205] DeprecationWarning: `module.register()` is deprecated. Use `module.registerHooks()` instead.
(node:19105) Warning: The 'NO_COLOR' env is ignored due to the 'FORCE_COLOR' env being set.
(Use `node --trace-warnings ...` to show where the warning was created)
  ✘   88 [chromium] › e2e/tools.spec.ts:1089:5 › electrical length converts mm to phase and reacts to frequency (0ms)
(node:19107) Warning: The 'NO_COLOR' env is ignored due to the 'FORCE_COLOR' env being set.
(Use `node --trace-warnings ...` to show where the warning was created)
(node:19107) [DEP0205] DeprecationWarning: `module.register()` is deprecated. Use `module.registerHooks()` instead.
(node:19107) Warning: The 'NO_COLOR' env is ignored due to the 'FORCE_COLOR' env being set.
(Use `node --trace-warnings ...` to show where the warning was created)
  ✘   89 [chromium] › e2e/tools.spec.ts:1100:5 › LTE signal metrics converts RSSI to RSRP and reacts to bandwidth and direction (0ms)
(node:19109) Warning: The 'NO_COLOR' env is ignored due to the 'FORCE_COLOR' env being set.
(Use `node --trace-warnings ...` to show where the warning was created)
(node:19109) [DEP0205] DeprecationWarning: `module.register()` is deprecated. Use `module.registerHooks()` instead.
(node:19109) Warning: The 'NO_COLOR' env is ignored due to the 'FORCE_COLOR' env being set.
(Use `node --trace-warnings ...` to show where the warning was created)
  ✘   90 [chromium] › e2e/tools.spec.ts:1120:5 › VSWR bandwidth-Q converts between Q and fractional bandwidth (0ms)
(node:19111) Warning: The 'NO_COLOR' env is ignored due to the 'FORCE_COLOR' env being set.
(Use `node --trace-warnings ...` to show where the warning was created)
(node:19111) [DEP0205] DeprecationWarning: `module.register()` is deprecated. Use `module.registerHooks()` instead.
(node:19111) Warning: The 'NO_COLOR' env is ignored due to the 'FORCE_COLOR' env being set.
(Use `node --trace-warnings ...` to show where the warning was created)
  ✘   91 [chromium] › e2e/tools.spec.ts:1136:5 › pointing margin derives gain loss and inverts to allowable offset (0ms)
(node:19113) Warning: The 'NO_COLOR' env is ignored due to the 'FORCE_COLOR' env being set.
(Use `node --trace-warnings ...` to show where the warning was created)
(node:19113) [DEP0205] DeprecationWarning: `module.register()` is deprecated. Use `module.registerHooks()` instead.
(node:19113) Warning: The 'NO_COLOR' env is ignored due to the 'FORCE_COLOR' env being set.
(Use `node --trace-warnings ...` to show where the warning was created)
  ✘   92 [chromium] › e2e/tools.spec.ts:1151:5 › metal plane effect derives +6dB at quarter-wave and collapses at contact (0ms)
(node:19115) Warning: The 'NO_COLOR' env is ignored due to the 'FORCE_COLOR' env being set.
(Use `node --trace-warnings ...` to show where the warning was created)
(node:19115) [DEP0205] DeprecationWarning: `module.register()` is deprecated. Use `module.registerHooks()` instead.
(node:19115) Warning: The 'NO_COLOR' env is ignored due to the 'FORCE_COLOR' env being set.
(Use `node --trace-warnings ...` to show where the warning was created)
  ✘   93 [chromium] › e2e/tools.spec.ts:1169:5 › LTE signal metrics judges RSRP quality band and reacts to mode switch (0ms)
(node:19117) Warning: The 'NO_COLOR' env is ignored due to the 'FORCE_COLOR' env being set.
(Use `node --trace-warnings ...` to show where the warning was created)
(node:19117) [DEP0205] DeprecationWarning: `module.register()` is deprecated. Use `module.registerHooks()` instead.
(node:19117) Warning: The 'NO_COLOR' env is ignored due to the 'FORCE_COLOR' env being set.
(Use `node --trace-warnings ...` to show where the warning was created)
  ✘   94 [chromium] › e2e/tools.spec.ts:1182:5 › antenna keepout verdict reacts to the available area (0ms)
(node:19119) Warning: The 'NO_COLOR' env is ignored due to the 'FORCE_COLOR' env being set.
(Use `node --trace-warnings ...` to show where the warning was created)
(node:19119) [DEP0205] DeprecationWarning: `module.register()` is deprecated. Use `module.registerHooks()` instead.
(node:19119) Warning: The 'NO_COLOR' env is ignored due to the 'FORCE_COLOR' env being set.
(Use `node --trace-warnings ...` to show where the warning was created)
  ✘   95 [chromium] › e2e/tools.spec.ts:1196:5 › wall penetration tool sums material losses per band and reacts to wall counts (0ms)
(node:19122) Warning: The 'NO_COLOR' env is ignored due to the 'FORCE_COLOR' env being set.
(Use `node --trace-warnings ...` to show where the warning was created)
(node:19122) [DEP0205] DeprecationWarning: `module.register()` is deprecated. Use `module.registerHooks()` instead.
(node:19122) Warning: The 'NO_COLOR' env is ignored due to the 'FORCE_COLOR' env being set.
(Use `node --trace-warnings ...` to show where the warning was created)
  ✘   96 [chromium] › e2e/tools.spec.ts:1217:5 › body loss tool looks up literature values per scenario and band (0ms)
(node:19124) Warning: The 'NO_COLOR' env is ignored due to the 'FORCE_COLOR' env being set.
(Use `node --trace-warnings ...` to show where the warning was created)
(node:19124) [DEP0205] DeprecationWarning: `module.register()` is deprecated. Use `module.registerHooks()` instead.
  ✘   97 [chromium] › e2e/tools.spec.ts:1236:5 › detuning estimator judges whether the shifted resonance stays in band (0ms)
(node:19124) Warning: The 'NO_COLOR' env is ignored due to the 'FORCE_COLOR' env being set.
(Use `node --trace-warnings ...` to show where the warning was created)
(node:19126) Warning: The 'NO_COLOR' env is ignored due to the 'FORCE_COLOR' env being set.
(Use `node --trace-warnings ...` to show where the warning was created)
(node:19126) [DEP0205] DeprecationWarning: `module.register()` is deprecated. Use `module.registerHooks()` instead.
(node:19126) Warning: The 'NO_COLOR' env is ignored due to the 'FORCE_COLOR' env being set.
(Use `node --trace-warnings ...` to show where the warning was created)
  ✘   98 [chromium] › e2e/tools.spec.ts:1257:5 › ground plane size tool shows the Lg/λ efficiency drop and reacts to length and frequency (0ms)
(node:19128) Warning: The 'NO_COLOR' env is ignored due to the 'FORCE_COLOR' env being set.
(Use `node --trace-warnings ...` to show where the warning was created)
(node:19128) [DEP0205] DeprecationWarning: `module.register()` is deprecated. Use `module.registerHooks()` instead.
(node:19128) Warning: The 'NO_COLOR' env is ignored due to the 'FORCE_COLOR' env being set.
(Use `node --trace-warnings ...` to show where the warning was created)
  ✘   99 [chromium] › e2e/tools.spec.ts:1273:5 › db family links dBi to dBd and validates the addition checker (0ms)
(node:19131) Warning: The 'NO_COLOR' env is ignored due to the 'FORCE_COLOR' env being set.
(Use `node --trace-warnings ...` to show where the warning was created)
(node:19131) [DEP0205] DeprecationWarning: `module.register()` is deprecated. Use `module.registerHooks()` instead.
(node:19131) Warning: The 'NO_COLOR' env is ignored due to the 'FORCE_COLOR' env being set.
(Use `node --trace-warnings ...` to show where the warning was created)
  ✘  100 [chromium] › e2e/tools.spec.ts:1295:5 › cellular band map matches bands to the frequency and reacts to input (0ms)
(node:19133) Warning: The 'NO_COLOR' env is ignored due to the 'FORCE_COLOR' env being set.
(Use `node --trace-warnings ...` to show where the warning was created)
(node:19133) [DEP0205] DeprecationWarning: `module.register()` is deprecated. Use `module.registerHooks()` instead.
(node:19133) Warning: The 'NO_COLOR' env is ignored due to the 'FORCE_COLOR' env being set.
(Use `node --trace-warnings ...` to show where the warning was created)
  ✘  101 [chromium] › e2e/tools.spec.ts:1325:5 › cellular band map v3 switches five modes and drills down carrier data (0ms)
(node:19135) Warning: The 'NO_COLOR' env is ignored due to the 'FORCE_COLOR' env being set.
(Use `node --trace-warnings ...` to show where the warning was created)
(node:19135) [DEP0205] DeprecationWarning: `module.register()` is deprecated. Use `module.registerHooks()` instead.
(node:19135) Warning: The 'NO_COLOR' env is ignored due to the 'FORCE_COLOR' env being set.
(Use `node --trace-warnings ...` to show where the warning was created)
  ✘  102 [chromium] › e2e/tools.spec.ts:1355:7 › OTA implementation loss / desense analysis › ota-implementation-loss separates desense and reacts to inputs (0ms)
  ✘  103 [chromium] › e2e/tools.spec.ts:1396:7 › antenna term intuition lab › filters terms and updates two interactive experiences (0ms)
  ✘  104 [chromium] › e2e/tools.spec.ts:1421:7 › antenna term intuition lab › persists progress and exposes the related calculator link (0ms)
  ✘  105 [chromium] › e2e/tools.spec.ts:1435:7 › OTA expert workflow › finds B8 harmonics, judges targets, and translates range impact (0ms)
  ✘  106 [chromium] › e2e/tools.spec.ts:1449:7 › OTA expert workflow › imports six Excel columns and reports invalid rows (0ms)
  ✘  107 [chromium] › e2e/tools.spec.ts:1465:5 › radiation efficiency converts percent, dB, range, and highlights guidance (0ms)
  ✘  108 [chromium] › e2e/tools.spec.ts:1479:5 › patch HPBW connects half-power boundary, gain, coverage, and catalog orientation (0ms)
  ✘  109 [chromium] › e2e/tools.spec.ts:1505:5 › diffraction shadow compares bands and reacts to inputs (0ms)
  ✘  110 [chromium] › e2e/tools.spec.ts:1523:5 › RF antipatterns filters by severity, expands a card and links to the verifying tool (0ms)


  1) [chromium] › e2e/comparison.spec.ts:6:5 › A01/A02/A03/A04/A14 入力と未知・0の往復 ──────────────────────

    Error: browserType.launch: Target page, context or browser has been closed
    Browser logs:

    <launching> /Users/pc141/Library/Caches/ms-playwright/chromium_headless_shell-1223/chrome-headless-shell-mac-arm64/chrome-headless-shell --disable-field-trial-config --disable-background-networking --disable-background-timer-throttling --disable-backgrounding-occluded-windows --disable-back-forward-cache --disable-breakpad --disable-client-side-phishing-detection --disable-component-extensions-with-background-pages --disable-component-update --no-default-browser-check --disable-default-apps --disable-dev-shm-usage --disable-edgeupdater --disable-extensions --disable-features=AvoidUnnecessaryBeforeUnloadCheckSync,BoundaryEventDispatchTracksNodeRemoval,DestroyProfileOnBrowserClose,DialMediaRouteProvider,GlobalMediaControls,HttpsUpgrades,LensOverlay,MediaRouter,PaintHolding,ThirdPartyStoragePartitioning,Translate,AutoDeElevate,RenderDocument,OptimizationHints,msForceBrowserSignIn,msEdgeUpdateLaunchServicesPreferredVersion --enable-features=CDPScreenshotNewSurface --allow-pre-commit-input --disable-hang-monitor --disable-ipc-flooding-protection --disable-popup-blocking --disable-prompt-on-repost --disable-renderer-backgrounding --force-color-profile=srgb --metrics-recording-only --no-first-run --password-store=basic --use-mock-keychain --no-service-autorun --export-tagged-pdf --disable-search-engine-choice-screen --unsafely-disable-devtools-self-xss-warnings --edge-skip-compat-layer-relaunch --disable-infobars --disable-search-engine-choice-screen --disable-sync --enable-unsafe-swiftshader --headless --hide-scrollbars --mute-audio --blink-settings=primaryHoverType=2,availableHoverTypes=2,primaryPointerType=4,availablePointerTypes=4 --no-sandbox --user-data-dir=/var/folders/xx/vhn9ccgd6fn1yqgjn398gppw0000gn/T/playwright_chromiumdev_profile-fcjeiU --remote-debugging-pipe --no-startup-window
    <launched> pid=18888
    [pid=18888][err] [0913/214042.871281:ERROR:base/power_monitor/thermal_state_observer_mac.mm:140] ThermalStateObserverMac unable to register to power notifications. Result: 9
    [pid=18888][err] [0913/214042.873616:ERROR:net/dns/dns_config_service_posix.cc:138] DNS config watch failed to start.
    [pid=18888][err] [0913/214042.875152:FATAL:base/apple/mach_port_rendezvous_mac.cc:159] Check failed: kr == KERN_SUCCESS. bootstrap_check_in org.chromium.Chromium.MachPortRendezvousServer.18888: Permission denied (1100)
    Call log:
    [2m  - <launching> /Users/pc141/Library/Caches/ms-playwright/chromium_headless_shell-1223/chrome-headless-shell-mac-arm64/chrome-headless-shell --disable-field-trial-config --disable-background-networking --disable-background-timer-throttling --disable-backgrounding-occluded-windows --disable-back-forward-cache --disable-breakpad --disable-client-side-phishing-detection --disable-component-extensions-with-background-pages --disable-component-update --no-default-browser-check --disable-default-apps --disable-dev-shm-usage --disable-edgeupdater --disable-extensions --disable-features=AvoidUnnecessaryBeforeUnloadCheckSync,BoundaryEventDispatchTracksNodeRemoval,DestroyProfileOnBrowserClose,DialMediaRouteProvider,GlobalMediaControls,HttpsUpgrades,LensOverlay,MediaRouter,PaintHolding,ThirdPartyStoragePartitioning,Translate,AutoDeElevate,RenderDocument,OptimizationHints,msForceBrowserSignIn,msEdgeUpdateLaunchServicesPreferredVersion --enable-features=CDPScreenshotNewSurface --allow-pre-commit-input --disable-hang-monitor --disable-ipc-flooding-protection --disable-popup-blocking --disable-prompt-on-repost --disable-renderer-backgrounding --force-color-profile=srgb --metrics-recording-only --no-first-run --password-store=basic --use-mock-keychain --no-service-autorun --export-tagged-pdf --disable-search-engine-choice-screen --unsafely-disable-devtools-self-xss-warnings --edge-skip-compat-layer-relaunch --disable-infobars --disable-search-engine-choice-screen --disable-sync --enable-unsafe-swiftshader --headless --hide-scrollbars --mute-audio --blink-settings=primaryHoverType=2,availableHoverTypes=2,primaryPointerType=4,availablePointerTypes=4 --no-sandbox --user-data-dir=/var/folders/xx/vhn9ccgd6fn1yqgjn398gppw0000gn/T/playwright_chromiumdev_profile-fcjeiU --remote-debugging-pipe --no-startup-window[22m
    [2m  - <launched> pid=18888[22m
    [2m  - [pid=18888][err] [0913/214042.871281:ERROR:base/power_monitor/thermal_state_observer_mac.mm:140] ThermalStateObserverMac unable to register to power notifications. Result: 9[22m
    [2m  - [pid=18888][err] [0913/214042.873616:ERROR:net/dns/dns_config_service_posix.cc:138] DNS config watch failed to start.[22m
    [2m  - [pid=18888][err] [0913/214042.875152:FATAL:base/apple/mach_port_rendezvous_mac.cc:159] Check failed: kr == KERN_SUCCESS. bootstrap_check_in org.chromium.Chromium.MachPortRendezvousServer.18888: Permission denied (1100)[22m
    [2m  - [pid=18888] <gracefully close start>[22m
    [2m  - [pid=18888] <kill>[22m
    [2m  - [pid=18888] <will force kill>[22m
    [2m  - [pid=18888] exception while trying to kill process: Error: kill EPERM[22m
    [2m  - [pid=18888] <process did exit: exitCode=null, signal=SIGTRAP>[22m
    [2m  - [pid=18888] starting temporary directories cleanup[22m
    [2m  - [pid=18888] finished temporary directories cleanup[22m
    [2m  - [pid=18888] <gracefully close end>[22m


    Error Context: test-results/comparison-A01-A02-A03-A04-A14-入力と未知・0の往復-chromium/error-context.md

  2) [chromium] › e2e/comparison.spec.ts:15:5 › B01/B05/B07/B18 測定記録を再減算しない・方式間に転記しない ──────────────

    Error: browserType.launch: Target page, context or browser has been closed
    Browser logs:

    <launching> /Users/pc141/Library/Caches/ms-playwright/chromium_headless_shell-1223/chrome-headless-shell-mac-arm64/chrome-headless-shell --disable-field-trial-config --disable-background-networking --disable-background-timer-throttling --disable-backgrounding-occluded-windows --disable-back-forward-cache --disable-breakpad --disable-client-side-phishing-detection --disable-component-extensions-with-background-pages --disable-component-update --no-default-browser-check --disable-default-apps --disable-dev-shm-usage --disable-edgeupdater --disable-extensions --disable-features=AvoidUnnecessaryBeforeUnloadCheckSync,BoundaryEventDispatchTracksNodeRemoval,DestroyProfileOnBrowserClose,DialMediaRouteProvider,GlobalMediaControls,HttpsUpgrades,LensOverlay,MediaRouter,PaintHolding,ThirdPartyStoragePartitioning,Translate,AutoDeElevate,RenderDocument,OptimizationHints,msForceBrowserSignIn,msEdgeUpdateLaunchServicesPreferredVersion --enable-features=CDPScreenshotNewSurface --allow-pre-commit-input --disable-hang-monitor --disable-ipc-flooding-protection --disable-popup-blocking --disable-prompt-on-repost --disable-renderer-backgrounding --force-color-profile=srgb --metrics-recording-only --no-first-run --password-store=basic --use-mock-keychain --no-service-autorun --export-tagged-pdf --disable-search-engine-choice-screen --unsafely-disable-devtools-self-xss-warnings --edge-skip-compat-layer-relaunch --disable-infobars --disable-search-engine-choice-screen --disable-sync --enable-unsafe-swiftshader --headless --hide-scrollbars --mute-audio --blink-settings=primaryHoverType=2,availableHoverTypes=2,primaryPointerType=4,availablePointerTypes=4 --no-sandbox --user-data-dir=/var/folders/xx/vhn9ccgd6fn1yqgjn398gppw0000gn/T/playwright_chromiumdev_profile-RX55aJ --remote-debugging-pipe --no-startup-window
    <launched> pid=18890
    [pid=18890][err] [0913/214042.872651:ERROR:base/power_monitor/thermal_state_observer_mac.mm:140] ThermalStateObserverMac unable to register to power notifications. Result: 9
    [pid=18890][err] [0913/214042.876813:ERROR:net/dns/dns_config_service_posix.cc:138] DNS config watch failed to start.
    [pid=18890][err] [0913/214042.878750:FATAL:base/apple/mach_port_rendezvous_mac.cc:159] Check failed: kr == KERN_SUCCESS. bootstrap_check_in org.chromium.Chromium.MachPortRendezvousServer.18890: Permission denied (1100)
    Call log:
    [2m  - <launching> /Users/pc141/Library/Caches/ms-playwright/chromium_headless_shell-1223/chrome-headless-shell-mac-arm64/chrome-headless-shell --disable-field-trial-config --disable-background-networking --disable-background-timer-throttling --disable-backgrounding-occluded-windows --disable-back-forward-cache --disable-breakpad --disable-client-side-phishing-detection --disable-component-extensions-with-background-pages --disable-component-update --no-default-browser-check --disable-default-apps --disable-dev-shm-usage --disable-edgeupdater --disable-extensions --disable-features=AvoidUnnecessaryBeforeUnloadCheckSync,BoundaryEventDispatchTracksNodeRemoval,DestroyProfileOnBrowserClose,DialMediaRouteProvider,GlobalMediaControls,HttpsUpgrades,LensOverlay,MediaRouter,PaintHolding,ThirdPartyStoragePartitioning,Translate,AutoDeElevate,RenderDocument,OptimizationHints,msForceBrowserSignIn,msEdgeUpdateLaunchServicesPreferredVersion --enable-features=CDPScreenshotNewSurface --allow-pre-commit-input --disable-hang-monitor --disable-ipc-flooding-protection --disable-popup-blocking --disable-prompt-on-repost --disable-renderer-backgrounding --force-color-profile=srgb --metrics-recording-only --no-first-run --password-store=basic --use-mock-keychain --no-service-autorun --export-tagged-pdf --disable-search-engine-choice-screen --unsafely-disable-devtools-self-xss-warnings --edge-skip-compat-layer-relaunch --disable-infobars --disable-search-engine-choice-screen --disable-sync --enable-unsafe-swiftshader --headless --hide-scrollbars --mute-audio --blink-settings=primaryHoverType=2,availableHoverTypes=2,primaryPointerType=4,availablePointerTypes=4 --no-sandbox --user-data-dir=/var/folders/xx/vhn9ccgd6fn1yqgjn398gppw0000gn/T/playwright_chromiumdev_profile-RX55aJ --remote-debugging-pipe --no-startup-window[22m
    [2m  - <launched> pid=18890[22m
    [2m  - [pid=18890][err] [0913/214042.872651:ERROR:base/power_monitor/thermal_state_observer_mac.mm:140] ThermalStateObserverMac unable to register to power notifications. Result: 9[22m
    [2m  - [pid=18890][err] [0913/214042.876813:ERROR:net/dns/dns_config_service_posix.cc:138] DNS config watch failed to start.[22m
    [2m  - [pid=18890][err] [0913/214042.878750:FATAL:base/apple/mach_port_rendezvous_mac.cc:159] Check failed: kr == KERN_SUCCESS. bootstrap_check_in org.chromium.Chromium.MachPortRendezvousServer.18890: Permission denied (1100)[22m
    [2m  - [pid=18890] <gracefully close start>[22m
    [2m  - [pid=18890] <kill>[22m
    [2m  - [pid=18890] <will force kill>[22m
    [2m  - [pid=18890] exception while trying to kill process: Error: kill EPERM[22m
    [2m  - [pid=18890] <process did exit: exitCode=null, signal=SIGTRAP>[22m
    [2m  - [pid=18890] starting temporary directories cleanup[22m
    [2m  - [pid=18890] finished temporary directories cleanup[22m
    [2m  - [pid=18890] <gracefully close end>[22m


    Error Context: test-results/comparison-B01-B05-B07-B18-測定記録を再減算しない・方式間に転記しない-chromium/error-context.md

  3) [chromium] › e2e/comparison.spec.ts:20:5 › B19 入力消去・方式往復でも古い値を保存しない ───────────────────────────

    Error: browserType.launch: Target page, context or browser has been closed
    Browser logs:

    <launching> /Users/pc141/Library/Caches/ms-playwright/chromium_headless_shell-1223/chrome-headless-shell-mac-arm64/chrome-headless-shell --disable-field-trial-config --disable-background-networking --disable-background-timer-throttling --disable-backgrounding-occluded-windows --disable-back-forward-cache --disable-breakpad --disable-client-side-phishing-detection --disable-component-extensions-with-background-pages --disable-component-update --no-default-browser-check --disable-default-apps --disable-dev-shm-usage --disable-edgeupdater --disable-extensions --disable-features=AvoidUnnecessaryBeforeUnloadCheckSync,BoundaryEventDispatchTracksNodeRemoval,DestroyProfileOnBrowserClose,DialMediaRouteProvider,GlobalMediaControls,HttpsUpgrades,LensOverlay,MediaRouter,PaintHolding,ThirdPartyStoragePartitioning,Translate,AutoDeElevate,RenderDocument,OptimizationHints,msForceBrowserSignIn,msEdgeUpdateLaunchServicesPreferredVersion --enable-features=CDPScreenshotNewSurface --allow-pre-commit-input --disable-hang-monitor --disable-ipc-flooding-protection --disable-popup-blocking --disable-prompt-on-repost --disable-renderer-backgrounding --force-color-profile=srgb --metrics-recording-only --no-first-run --password-store=basic --use-mock-keychain --no-service-autorun --export-tagged-pdf --disable-search-engine-choice-screen --unsafely-disable-devtools-self-xss-warnings --edge-skip-compat-layer-relaunch --disable-infobars --disable-search-engine-choice-screen --disable-sync --enable-unsafe-swiftshader --headless --hide-scrollbars --mute-audio --blink-settings=primaryHoverType=2,availableHoverTypes=2,primaryPointerType=4,availablePointerTypes=4 --no-sandbox --user-data-dir=/var/folders/xx/vhn9ccgd6fn1yqgjn398gppw0000gn/T/playwright_chromiumdev_profile-PICjXM --remote-debugging-pipe --no-startup-window
    <launched> pid=18892
    [pid=18892][err] [0913/214042.872685:ERROR:base/power_monitor/thermal_state_observer_mac.mm:140] ThermalStateObserverMac unable to register to power notifications. Result: 9
    [pid=18892][err] [0913/214042.876718:ERROR:net/dns/dns_config_service_posix.cc:138] DNS config watch failed to start.
    [pid=18892][err] [0913/214042.878085:FATAL:base/apple/mach_port_rendezvous_mac.cc:159] Check failed: kr == KERN_SUCCESS. bootstrap_check_in org.chromium.Chromium.MachPortRendezvousServer.18892: Permission denied (1100)
    Call log:
    [2m  - <launching> /Users/pc141/Library/Caches/ms-playwright/chromium_headless_shell-1223/chrome-headless-shell-mac-arm64/chrome-headless-shell --disable-field-trial-config --disable-background-networking --disable-background-timer-throttling --disable-backgrounding-occluded-windows --disable-back-forward-cache --disable-breakpad --disable-client-side-phishing-detection --disable-component-extensions-with-background-pages --disable-component-update --no-default-browser-check --disable-default-apps --disable-dev-shm-usage --disable-edgeupdater --disable-extensions --disable-features=AvoidUnnecessaryBeforeUnloadCheckSync,BoundaryEventDispatchTracksNodeRemoval,DestroyProfileOnBrowserClose,DialMediaRouteProvider,GlobalMediaControls,HttpsUpgrades,LensOverlay,MediaRouter,PaintHolding,ThirdPartyStoragePartitioning,Translate,AutoDeElevate,RenderDocument,OptimizationHints,msForceBrowserSignIn,msEdgeUpdateLaunchServicesPreferredVersion --enable-features=CDPScreenshotNewSurface --allow-pre-commit-input --disable-hang-monitor --disable-ipc-flooding-protection --disable-popup-blocking --disable-prompt-on-repost --disable-renderer-backgrounding --force-color-profile=srgb --metrics-recording-only --no-first-run --password-store=basic --use-mock-keychain --no-service-autorun --export-tagged-pdf --disable-search-engine-choice-screen --unsafely-disable-devtools-self-xss-warnings --edge-skip-compat-layer-relaunch --disable-infobars --disable-search-engine-choice-screen --disable-sync --enable-unsafe-swiftshader --headless --hide-scrollbars --mute-audio --blink-settings=primaryHoverType=2,availableHoverTypes=2,primaryPointerType=4,availablePointerTypes=4 --no-sandbox --user-data-dir=/var/folders/xx/vhn9ccgd6fn1yqgjn398gppw0000gn/T/playwright_chromiumdev_profile-PICjXM --remote-debugging-pipe --no-startup-window[22m
    [2m  - <launched> pid=18892[22m
    [2m  - [pid=18892][err] [0913/214042.872685:ERROR:base/power_monitor/thermal_state_observer_mac.mm:140] ThermalStateObserverMac unable to register to power notifications. Result: 9[22m
    [2m  - [pid=18892][err] [0913/214042.876718:ERROR:net/dns/dns_config_service_posix.cc:138] DNS config watch failed to start.[22m
    [2m  - [pid=18892][err] [0913/214042.878085:FATAL:base/apple/mach_port_rendezvous_mac.cc:159] Check failed: kr == KERN_SUCCESS. bootstrap_check_in org.chromium.Chromium.MachPortRendezvousServer.18892: Permission denied (1100)[22m
    [2m  - [pid=18892] <gracefully close start>[22m
    [2m  - [pid=18892] <kill>[22m
    [2m  - [pid=18892] <will force kill>[22m
    [2m  - [pid=18892] exception while trying to kill process: Error: kill EPERM[22m
    [2m  - [pid=18892] <process did exit: exitCode=null, signal=SIGTRAP>[22m
    [2m  - [pid=18892] starting temporary directories cleanup[22m
    [2m  - [pid=18892] finished temporary directories cleanup[22m
    [2m  - [pid=18892] <gracefully close end>[22m


    Error Context: test-results/comparison-B19-入力消去・方式往復でも古い値を保存しない-chromium/error-context.md

  4) [chromium] › e2e/comparison.spec.ts:25:5 › B09/B10/B11 単位と連動を保存・復元 ────────────────────────────

    Error: browserType.launch: Target page, context or browser has been closed
    Browser logs:

    <launching> /Users/pc141/Library/Caches/ms-playwright/chromium_headless_shell-1223/chrome-headless-shell-mac-arm64/chrome-headless-shell --disable-field-trial-config --disable-background-networking --disable-background-timer-throttling --disable-backgrounding-occluded-windows --disable-back-forward-cache --disable-breakpad --disable-client-side-phishing-detection --disable-component-extensions-with-background-pages --disable-component-update --no-default-browser-check --disable-default-apps --disable-dev-shm-usage --disable-edgeupdater --disable-extensions --disable-features=AvoidUnnecessaryBeforeUnloadCheckSync,BoundaryEventDispatchTracksNodeRemoval,DestroyProfileOnBrowserClose,DialMediaRouteProvider,GlobalMediaControls,HttpsUpgrades,LensOverlay,MediaRouter,PaintHolding,ThirdPartyStoragePartitioning,Translate,AutoDeElevate,RenderDocument,OptimizationHints,msForceBrowserSignIn,msEdgeUpdateLaunchServicesPreferredVersion --enable-features=CDPScreenshotNewSurface --allow-pre-commit-input --disable-hang-monitor --disable-ipc-flooding-protection --disable-popup-blocking --disable-prompt-on-repost --disable-renderer-backgrounding --force-color-profile=srgb --metrics-recording-only --no-first-run --password-store=basic --use-mock-keychain --no-service-autorun --export-tagged-pdf --disable-search-engine-choice-screen --unsafely-disable-devtools-self-xss-warnings --edge-skip-compat-layer-relaunch --disable-infobars --disable-search-engine-choice-screen --disable-sync --enable-unsafe-swiftshader --headless --hide-scrollbars --mute-audio --blink-settings=primaryHoverType=2,availableHoverTypes=2,primaryPointerType=4,availablePointerTypes=4 --no-sandbox --user-data-dir=/var/folders/xx/vhn9ccgd6fn1yqgjn398gppw0000gn/T/playwright_chromiumdev_profile-tmezMJ --remote-debugging-pipe --no-startup-window
    <launched> pid=18891
    [pid=18891][err] [0913/214042.873138:ERROR:base/power_monitor/thermal_state_observer_mac.mm:140] ThermalStateObserverMac unable to register to power notifications. Result: 9
    [pid=18891][err] [0913/214042.877492:ERROR:net/dns/dns_config_service_posix.cc:138] DNS config watch failed to start.
    [pid=18891][err] [0913/214042.878399:FATAL:base/apple/mach_port_rendezvous_mac.cc:159] Check failed: kr == KERN_SUCCESS. bootstrap_check_in org.chromium.Chromium.MachPortRendezvousServer.18891: Permission denied (1100)
    Call log:
    [2m  - <launching> /Users/pc141/Library/Caches/ms-playwright/chromium_headless_shell-1223/chrome-headless-shell-mac-arm64/chrome-headless-shell --disable-field-trial-config --disable-background-networking --disable-background-timer-throttling --disable-backgrounding-occluded-windows --disable-back-forward-cache --disable-breakpad --disable-client-side-phishing-detection --disable-component-extensions-with-background-pages --disable-component-update --no-default-browser-check --disable-default-apps --disable-dev-shm-usage --disable-edgeupdater --disable-extensions --disable-features=AvoidUnnecessaryBeforeUnloadCheckSync,BoundaryEventDispatchTracksNodeRemoval,DestroyProfileOnBrowserClose,DialMediaRouteProvider,GlobalMediaControls,HttpsUpgrades,LensOverlay,MediaRouter,PaintHolding,ThirdPartyStoragePartitioning,Translate,AutoDeElevate,RenderDocument,OptimizationHints,msForceBrowserSignIn,msEdgeUpdateLaunchServicesPreferredVersion --enable-features=CDPScreenshotNewSurface --allow-pre-commit-input --disable-hang-monitor --disable-ipc-flooding-protection --disable-popup-blocking --disable-prompt-on-repost --disable-renderer-backgrounding --force-color-profile=srgb --metrics-recording-only --no-first-run --password-store=basic --use-mock-keychain --no-service-autorun --export-tagged-pdf --disable-search-engine-choice-screen --unsafely-disable-devtools-self-xss-warnings --edge-skip-compat-layer-relaunch --disable-infobars --disable-search-engine-choice-screen --disable-sync --enable-unsafe-swiftshader --headless --hide-scrollbars --mute-audio --blink-settings=primaryHoverType=2,availableHoverTypes=2,primaryPointerType=4,availablePointerTypes=4 --no-sandbox --user-data-dir=/var/folders/xx/vhn9ccgd6fn1yqgjn398gppw0000gn/T/playwright_chromiumdev_profile-tmezMJ --remote-debugging-pipe --no-startup-window[22m
    [2m  - <launched> pid=18891[22m
    [2m  - [pid=18891][err] [0913/214042.873138:ERROR:base/power_monitor/thermal_state_observer_mac.mm:140] ThermalStateObserverMac unable to register to power notifications. Result: 9[22m
    [2m  - [pid=18891][err] [0913/214042.877492:ERROR:net/dns/dns_config_service_posix.cc:138] DNS config watch failed to start.[22m
    [2m  - [pid=18891][err] [0913/214042.878399:FATAL:base/apple/mach_port_rendezvous_mac.cc:159] Check failed: kr == KERN_SUCCESS. bootstrap_check_in org.chromium.Chromium.MachPortRendezvousServer.18891: Permission denied (1100)[22m
    [2m  - [pid=18891] <gracefully close start>[22m
    [2m  - [pid=18891] <kill>[22m
    [2m  - [pid=18891] <will force kill>[22m
    [2m  - [pid=18891] exception while trying to kill process: Error: kill EPERM[22m
    [2m  - [pid=18891] <process did exit: exitCode=null, signal=SIGTRAP>[22m
    [2m  - [pid=18891] starting temporary directories cleanup[22m
    [2m  - [pid=18891] finished temporary directories cleanup[22m
    [2m  - [pid=18891] <gracefully close end>[22m


    Error Context: test-results/comparison-B09-B10-B11-単位と連動を保存・復元-chromium/error-context.md

  5) [chromium] › e2e/comparison.spec.ts:31:5 › B20/B27/B28/B29 出力・印刷・相談の非送信 ───────────────────────

    Error: browserType.launch: Target page, context or browser has been closed
    Browser logs:

    <launching> /Users/pc141/Library/Caches/ms-playwright/chromium_headless_shell-1223/chrome-headless-shell-mac-arm64/chrome-headless-shell --disable-field-trial-config --disable-background-networking --disable-background-timer-throttling --disable-backgrounding-occluded-windows --disable-back-forward-cache --disable-breakpad --disable-client-side-phishing-detection --disable-component-extensions-with-background-pages --disable-component-update --no-default-browser-check --disable-default-apps --disable-dev-shm-usage --disable-edgeupdater --disable-extensions --disable-features=AvoidUnnecessaryBeforeUnloadCheckSync,BoundaryEventDispatchTracksNodeRemoval,DestroyProfileOnBrowserClose,DialMediaRouteProvider,GlobalMediaControls,HttpsUpgrades,LensOverlay,MediaRouter,PaintHolding,ThirdPartyStoragePartitioning,Translate,AutoDeElevate,RenderDocument,OptimizationHints,msForceBrowserSignIn,msEdgeUpdateLaunchServicesPreferredVersion --enable-features=CDPScreenshotNewSurface --allow-pre-commit-input --disable-hang-monitor --disable-ipc-flooding-protection --disable-popup-blocking --disable-prompt-on-repost --disable-renderer-backgrounding --force-color-profile=srgb --metrics-recording-only --no-first-run --password-store=basic --use-mock-keychain --no-service-autorun --export-tagged-pdf --disable-search-engine-choice-screen --unsafely-disable-devtools-self-xss-warnings --edge-skip-compat-layer-relaunch --disable-infobars --disable-search-engine-choice-screen --disable-sync --enable-unsafe-swiftshader --headless --hide-scrollbars --mute-audio --blink-settings=primaryHoverType=2,availableHoverTypes=2,primaryPointerType=4,availablePointerTypes=4 --no-sandbox --user-data-dir=/var/folders/xx/vhn9ccgd6fn1yqgjn398gppw0000gn/T/playwright_chromiumdev_profile-LgZ36j --remote-debugging-pipe --no-startup-window
    <launched> pid=18889
    [pid=18889][err] [0913/214042.871271:ERROR:base/power_monitor/thermal_state_observer_mac.mm:140] ThermalStateObserverMac unable to register to power notifications. Result: 9
    [pid=18889][err] [0913/214042.873837:ERROR:net/dns/dns_config_service_posix.cc:138] DNS config watch failed to start.
    [pid=18889][err] [0913/214042.875156:FATAL:base/apple/mach_port_rendezvous_mac.cc:159] Check failed: kr == KERN_SUCCESS. bootstrap_check_in org.chromium.Chromium.MachPortRendezvousServer.18889: Permission denied (1100)
    Call log:
    [2m  - <launching> /Users/pc141/Library/Caches/ms-playwright/chromium_headless_shell-1223/chrome-headless-shell-mac-arm64/chrome-headless-shell --disable-field-trial-config --disable-background-networking --disable-background-timer-throttling --disable-backgrounding-occluded-windows --disable-back-forward-cache --disable-breakpad --disable-client-side-phishing-detection --disable-component-extensions-with-background-pages --disable-component-update --no-default-browser-check --disable-default-apps --disable-dev-shm-usage --disable-edgeupdater --disable-extensions --disable-features=AvoidUnnecessaryBeforeUnloadCheckSync,BoundaryEventDispatchTracksNodeRemoval,DestroyProfileOnBrowserClose,DialMediaRouteProvider,GlobalMediaControls,HttpsUpgrades,LensOverlay,MediaRouter,PaintHolding,ThirdPartyStoragePartitioning,Translate,AutoDeElevate,RenderDocument,OptimizationHints,msForceBrowserSignIn,msEdgeUpdateLaunchServicesPreferredVersion --enable-features=CDPScreenshotNewSurface --allow-pre-commit-input --disable-hang-monitor --disable-ipc-flooding-protection --disable-popup-blocking --disable-prompt-on-repost --disable-renderer-backgrounding --force-color-profile=srgb --metrics-recording-only --no-first-run --password-store=basic --use-mock-keychain --no-service-autorun --export-tagged-pdf --disable-search-engine-choice-screen --unsafely-disable-devtools-self-xss-warnings --edge-skip-compat-layer-relaunch --disable-infobars --disable-search-engine-choice-screen --disable-sync --enable-unsafe-swiftshader --headless --hide-scrollbars --mute-audio --blink-settings=primaryHoverType=2,availableHoverTypes=2,primaryPointerType=4,availablePointerTypes=4 --no-sandbox --user-data-dir=/var/folders/xx/vhn9ccgd6fn1yqgjn398gppw0000gn/T/playwright_chromiumdev_profile-LgZ36j --remote-debugging-pipe --no-startup-window[22m
    [2m  - <launched> pid=18889[22m
    [2m  - [pid=18889][err] [0913/214042.871271:ERROR:base/power_monitor/thermal_state_observer_mac.mm:140] ThermalStateObserverMac unable to register to power notifications. Result: 9[22m
    [2m  - [pid=18889][err] [0913/214042.873837:ERROR:net/dns/dns_config_service_posix.cc:138] DNS config watch failed to start.[22m
    [2m  - [pid=18889][err] [0913/214042.875156:FATAL:base/apple/mach_port_rendezvous_mac.cc:159] Check failed: kr == KERN_SUCCESS. bootstrap_check_in org.chromium.Chromium.MachPortRendezvousServer.18889: Permission denied (1100)[22m
    [2m  - [pid=18889] <gracefully close start>[22m
    [2m  - [pid=18889] <kill>[22m
    [2m  - [pid=18889] <will force kill>[22m
    [2m  - [pid=18889] exception while trying to kill process: Error: kill EPERM[22m
    [2m  - [pid=18889] <process did exit: exitCode=null, signal=SIGTRAP>[22m
    [2m  - [pid=18889] starting temporary directories cleanup[22m
    [2m  - [pid=18889] finished temporary directories cleanup[22m
    [2m  - [pid=18889] <gracefully close end>[22m


    Error Context: test-results/comparison-B20-B27-B28-B29-出力・印刷・相談の非送信-chromium/error-context.md

  6) [chromium] › e2e/comparison.spec.ts:40:5 › B21/B24/B35 失敗時の保護と対象キーのみ削除 ────────────────────────

    Error: browserType.launch: Target page, context or browser has been closed
    Browser logs:

    <launching> /Users/pc141/Library/Caches/ms-playwright/chromium_headless_shell-1223/chrome-headless-shell-mac-arm64/chrome-headless-shell --disable-field-trial-config --disable-background-networking --disable-background-timer-throttling --disable-backgrounding-occluded-windows --disable-back-forward-cache --disable-breakpad --disable-client-side-phishing-detection --disable-component-extensions-with-background-pages --disable-component-update --no-default-browser-check --disable-default-apps --disable-dev-shm-usage --disable-edgeupdater --disable-extensions --disable-features=AvoidUnnecessaryBeforeUnloadCheckSync,BoundaryEventDispatchTracksNodeRemoval,DestroyProfileOnBrowserClose,DialMediaRouteProvider,GlobalMediaControls,HttpsUpgrades,LensOverlay,MediaRouter,PaintHolding,ThirdPartyStoragePartitioning,Translate,AutoDeElevate,RenderDocument,OptimizationHints,msForceBrowserSignIn,msEdgeUpdateLaunchServicesPreferredVersion --enable-features=CDPScreenshotNewSurface --allow-pre-commit-input --disable-hang-monitor --disable-ipc-flooding-protection --disable-popup-blocking --disable-prompt-on-repost --disable-renderer-backgrounding --force-color-profile=srgb --metrics-recording-only --no-first-run --password-store=basic --use-mock-keychain --no-service-autorun --export-tagged-pdf --disable-search-engine-choice-screen --unsafely-disable-devtools-self-xss-warnings --edge-skip-compat-layer-relaunch --disable-infobars --disable-search-engine-choice-screen --disable-sync --enable-unsafe-swiftshader --headless --hide-scrollbars --mute-audio --blink-settings=primaryHoverType=2,availableHoverTypes=2,primaryPointerType=4,availablePointerTypes=4 --no-sandbox --user-data-dir=/var/folders/xx/vhn9ccgd6fn1yqgjn398gppw0000gn/T/playwright_chromiumdev_profile-15NJtT --remote-debugging-pipe --no-startup-window
    <launched> pid=18894
    [pid=18894][err] [0913/214042.872886:ERROR:base/power_monitor/thermal_state_observer_mac.mm:140] ThermalStateObserverMac unable to register to power notifications. Result: 9
    [pid=18894][err] [0913/214042.877180:ERROR:net/dns/dns_config_service_posix.cc:138] DNS config watch failed to start.
    [pid=18894][err] [0913/214042.878279:FATAL:base/apple/mach_port_rendezvous_mac.cc:159] Check failed: kr == KERN_SUCCESS. bootstrap_check_in org.chromium.Chromium.MachPortRendezvousServer.18894: Permission denied (1100)
    Call log:
    [2m  - <launching> /Users/pc141/Library/Caches/ms-playwright/chromium_headless_shell-1223/chrome-headless-shell-mac-arm64/chrome-headless-shell --disable-field-trial-config --disable-background-networking --disable-background-timer-throttling --disable-backgrounding-occluded-windows --disable-back-forward-cache --disable-breakpad --disable-client-side-phishing-detection --disable-component-extensions-with-background-pages --disable-component-update --no-default-browser-check --disable-default-apps --disable-dev-shm-usage --disable-edgeupdater --disable-extensions --disable-features=AvoidUnnecessaryBeforeUnloadCheckSync,BoundaryEventDispatchTracksNodeRemoval,DestroyProfileOnBrowserClose,DialMediaRouteProvider,GlobalMediaControls,HttpsUpgrades,LensOverlay,MediaRouter,PaintHolding,ThirdPartyStoragePartitioning,Translate,AutoDeElevate,RenderDocument,OptimizationHints,msForceBrowserSignIn,msEdgeUpdateLaunchServicesPreferredVersion --enable-features=CDPScreenshotNewSurface --allow-pre-commit-input --disable-hang-monitor --disable-ipc-flooding-protection --disable-popup-blocking --disable-prompt-on-repost --disable-renderer-backgrounding --force-color-profile=srgb --metrics-recording-only --no-first-run --password-store=basic --use-mock-keychain --no-service-autorun --export-tagged-pdf --disable-search-engine-choice-screen --unsafely-disable-devtools-self-xss-warnings --edge-skip-compat-layer-relaunch --disable-infobars --disable-search-engine-choice-screen --disable-sync --enable-unsafe-swiftshader --headless --hide-scrollbars --mute-audio --blink-settings=primaryHoverType=2,availableHoverTypes=2,primaryPointerType=4,availablePointerTypes=4 --no-sandbox --user-data-dir=/var/folders/xx/vhn9ccgd6fn1yqgjn398gppw0000gn/T/playwright_chromiumdev_profile-15NJtT --remote-debugging-pipe --no-startup-window[22m
    [2m  - <launched> pid=18894[22m
    [2m  - [pid=18894][err] [0913/214042.872886:ERROR:base/power_monitor/thermal_state_observer_mac.mm:140] ThermalStateObserverMac unable to register to power notifications. Result: 9[22m
    [2m  - [pid=18894][err] [0913/214042.877180:ERROR:net/dns/dns_config_service_posix.cc:138] DNS config watch failed to start.[22m
    [2m  - [pid=18894][err] [0913/214042.878279:FATAL:base/apple/mach_port_rendezvous_mac.cc:159] Check failed: kr == KERN_SUCCESS. bootstrap_check_in org.chromium.Chromium.MachPortRendezvousServer.18894: Permission denied (1100)[22m
    [2m  - [pid=18894] <gracefully close start>[22m
    [2m  - [pid=18894] <kill>[22m
    [2m  - [pid=18894] <will force kill>[22m
    [2m  - [pid=18894] exception while trying to kill process: Error: kill EPERM[22m
    [2m  - [pid=18894] <process did exit: exitCode=null, signal=SIGTRAP>[22m
    [2m  - [pid=18894] starting temporary directories cleanup[22m
    [2m  - [pid=18894] finished temporary directories cleanup[22m
    [2m  - [pid=18894] <gracefully close end>[22m


    Error Context: test-results/comparison-B21-B24-B35-失敗時の保護と対象キーのみ削除-chromium/error-context.md

  7) [chromium] › e2e/comparison.spec.ts:45:5 › B25/B26 画面幅・200%相当・キーボード・axe ───────────────────────

    Error: browserType.launch: Target page, context or browser has been closed
    Browser logs:

    <launching> /Users/pc141/Library/Caches/ms-playwright/chromium_headless_shell-1223/chrome-headless-shell-mac-arm64/chrome-headless-shell --disable-field-trial-config --disable-background-networking --disable-background-timer-throttling --disable-backgrounding-occluded-windows --disable-back-forward-cache --disable-breakpad --disable-client-side-phishing-detection --disable-component-extensions-with-background-pages --disable-component-update --no-default-browser-check --disable-default-apps --disable-dev-shm-usage --disable-edgeupdater --disable-extensions --disable-features=AvoidUnnecessaryBeforeUnloadCheckSync,BoundaryEventDispatchTracksNodeRemoval,DestroyProfileOnBrowserClose,DialMediaRouteProvider,GlobalMediaControls,HttpsUpgrades,LensOverlay,MediaRouter,PaintHolding,ThirdPartyStoragePartitioning,Translate,AutoDeElevate,RenderDocument,OptimizationHints,msForceBrowserSignIn,msEdgeUpdateLaunchServicesPreferredVersion --enable-features=CDPScreenshotNewSurface --allow-pre-commit-input --disable-hang-monitor --disable-ipc-flooding-protection --disable-popup-blocking --disable-prompt-on-repost --disable-renderer-backgrounding --force-color-profile=srgb --metrics-recording-only --no-first-run --password-store=basic --use-mock-keychain --no-service-autorun --export-tagged-pdf --disable-search-engine-choice-screen --unsafely-disable-devtools-self-xss-warnings --edge-skip-compat-layer-relaunch --disable-infobars --disable-search-engine-choice-screen --disable-sync --enable-unsafe-swiftshader --headless --hide-scrollbars --mute-audio --blink-settings=primaryHoverType=2,availableHoverTypes=2,primaryPointerType=4,availablePointerTypes=4 --no-sandbox --user-data-dir=/var/folders/xx/vhn9ccgd6fn1yqgjn398gppw0000gn/T/playwright_chromiumdev_profile-seE4Qh --remote-debugging-pipe --no-startup-window
    <launched> pid=18887
    [pid=18887][err] [0913/214042.871400:ERROR:base/power_monitor/thermal_state_observer_mac.mm:140] ThermalStateObserverMac unable to register to power notifications. Result: 9
    [pid=18887][err] [0913/214042.873877:ERROR:net/dns/dns_config_service_posix.cc:138] DNS config watch failed to start.
    [pid=18887][err] [0913/214042.875247:FATAL:base/apple/mach_port_rendezvous_mac.cc:159] Check failed: kr == KERN_SUCCESS. bootstrap_check_in org.chromium.Chromium.MachPortRendezvousServer.18887: Permission denied (1100)
    Call log:
    [2m  - <launching> /Users/pc141/Library/Caches/ms-playwright/chromium_headless_shell-1223/chrome-headless-shell-mac-arm64/chrome-headless-shell --disable-field-trial-config --disable-background-networking --disable-background-timer-throttling --disable-backgrounding-occluded-windows --disable-back-forward-cache --disable-breakpad --disable-client-side-phishing-detection --disable-component-extensions-with-background-pages --disable-component-update --no-default-browser-check --disable-default-apps --disable-dev-shm-usage --disable-edgeupdater --disable-extensions --disable-features=AvoidUnnecessaryBeforeUnloadCheckSync,BoundaryEventDispatchTracksNodeRemoval,DestroyProfileOnBrowserClose,DialMediaRouteProvider,GlobalMediaControls,HttpsUpgrades,LensOverlay,MediaRouter,PaintHolding,ThirdPartyStoragePartitioning,Translate,AutoDeElevate,RenderDocument,OptimizationHints,msForceBrowserSignIn,msEdgeUpdateLaunchServicesPreferredVersion --enable-features=CDPScreenshotNewSurface --allow-pre-commit-input --disable-hang-monitor --disable-ipc-flooding-protection --disable-popup-blocking --disable-prompt-on-repost --disable-renderer-backgrounding --force-color-profile=srgb --metrics-recording-only --no-first-run --password-store=basic --use-mock-keychain --no-service-autorun --export-tagged-pdf --disable-search-engine-choice-screen --unsafely-disable-devtools-self-xss-warnings --edge-skip-compat-layer-relaunch --disable-infobars --disable-search-engine-choice-screen --disable-sync --enable-unsafe-swiftshader --headless --hide-scrollbars --mute-audio --blink-settings=primaryHoverType=2,availableHoverTypes=2,primaryPointerType=4,availablePointerTypes=4 --no-sandbox --user-data-dir=/var/folders/xx/vhn9ccgd6fn1yqgjn398gppw0000gn/T/playwright_chromiumdev_profile-seE4Qh --remote-debugging-pipe --no-startup-window[22m
    [2m  - <launched> pid=18887[22m
    [2m  - [pid=18887][err] [0913/214042.871400:ERROR:base/power_monitor/thermal_state_observer_mac.mm:140] ThermalStateObserverMac unable to register to power notifications. Result: 9[22m
    [2m  - [pid=18887][err] [0913/214042.873877:ERROR:net/dns/dns_config_service_posix.cc:138] DNS config watch failed to start.[22m
    [2m  - [pid=18887][err] [0913/214042.875247:FATAL:base/apple/mach_port_rendezvous_mac.cc:159] Check failed: kr == KERN_SUCCESS. bootstrap_check_in org.chromium.Chromium.MachPortRendezvousServer.18887: Permission denied (1100)[22m
    [2m  - [pid=18887] <gracefully close start>[22m
    [2m  - [pid=18887] <kill>[22m
    [2m  - [pid=18887] <will force kill>[22m
    [2m  - [pid=18887] exception while trying to kill process: Error: kill EPERM[22m
    [2m  - [pid=18887] <process did exit: exitCode=null, signal=SIGTRAP>[22m
    [2m  - [pid=18887] starting temporary directories cleanup[22m
    [2m  - [pid=18887] finished temporary directories cleanup[22m
    [2m  - [pid=18887] <gracefully close end>[22m


    Error Context: test-results/comparison-B25-B26-画面幅・200-相当・キーボード・axe-chromium/error-context.md

  8) [chromium] › e2e/tools.spec.ts:7:7 › tool hub › home lists every tool and links to its page ───

    Error: browserType.launch: Target page, context or browser has been closed
    Browser logs:

    <launching> /Users/pc141/Library/Caches/ms-playwright/chromium_headless_shell-1223/chrome-headless-shell-mac-arm64/chrome-headless-shell --disable-field-trial-config --disable-background-networking --disable-background-timer-throttling --disable-backgrounding-occluded-windows --disable-back-forward-cache --disable-breakpad --disable-client-side-phishing-detection --disable-component-extensions-with-background-pages --disable-component-update --no-default-browser-check --disable-default-apps --disable-dev-shm-usage --disable-edgeupdater --disable-extensions --disable-features=AvoidUnnecessaryBeforeUnloadCheckSync,BoundaryEventDispatchTracksNodeRemoval,DestroyProfileOnBrowserClose,DialMediaRouteProvider,GlobalMediaControls,HttpsUpgrades,LensOverlay,MediaRouter,PaintHolding,ThirdPartyStoragePartitioning,Translate,AutoDeElevate,RenderDocument,OptimizationHints,msForceBrowserSignIn,msEdgeUpdateLaunchServicesPreferredVersion --enable-features=CDPScreenshotNewSurface --allow-pre-commit-input --disable-hang-monitor --disable-ipc-flooding-protection --disable-popup-blocking --disable-prompt-on-repost --disable-renderer-backgrounding --force-color-profile=srgb --metrics-recording-only --no-first-run --password-store=basic --use-mock-keychain --no-service-autorun --export-tagged-pdf --disable-search-engine-choice-screen --unsafely-disable-devtools-self-xss-warnings --edge-skip-compat-layer-relaunch --disable-infobars --disable-search-engine-choice-screen --disable-sync --enable-unsafe-swiftshader --headless --hide-scrollbars --mute-audio --blink-settings=primaryHoverType=2,availableHoverTypes=2,primaryPointerType=4,availablePointerTypes=4 --no-sandbox --user-data-dir=/var/folders/xx/vhn9ccgd6fn1yqgjn398gppw0000gn/T/playwright_chromiumdev_profile-dYehtQ --remote-debugging-pipe --no-startup-window
    <launched> pid=18893
    [pid=18893][err] [0913/214042.873013:ERROR:base/power_monitor/thermal_state_observer_mac.mm:140] ThermalStateObserverMac unable to register to power notifications. Result: 9
    [pid=18893][err] [0913/214042.877640:ERROR:net/dns/dns_config_service_posix.cc:138] DNS config watch failed to start.
    [pid=18893][err] [0913/214042.878405:FATAL:base/apple/mach_port_rendezvous_mac.cc:159] Check failed: kr == KERN_SUCCESS. bootstrap_check_in org.chromium.Chromium.MachPortRendezvousServer.18893: Permission denied (1100)
    Call log:
    [2m  - <launching> /Users/pc141/Library/Caches/ms-playwright/chromium_headless_shell-1223/chrome-headless-shell-mac-arm64/chrome-headless-shell --disable-field-trial-config --disable-background-networking --disable-background-timer-throttling --disable-backgrounding-occluded-windows --disable-back-forward-cache --disable-breakpad --disable-client-side-phishing-detection --disable-component-extensions-with-background-pages --disable-component-update --no-default-browser-check --disable-default-apps --disable-dev-shm-usage --disable-edgeupdater --disable-extensions --disable-features=AvoidUnnecessaryBeforeUnloadCheckSync,BoundaryEventDispatchTracksNodeRemoval,DestroyProfileOnBrowserClose,DialMediaRouteProvider,GlobalMediaControls,HttpsUpgrades,LensOverlay,MediaRouter,PaintHolding,ThirdPartyStoragePartitioning,Translate,AutoDeElevate,RenderDocument,OptimizationHints,msForceBrowserSignIn,msEdgeUpdateLaunchServicesPreferredVersion --enable-features=CDPScreenshotNewSurface --allow-pre-commit-input --disable-hang-monitor --disable-ipc-flooding-protection --disable-popup-blocking --disable-prompt-on-repost --disable-renderer-backgrounding --force-color-profile=srgb --metrics-recording-only --no-first-run --password-store=basic --use-mock-keychain --no-service-autorun --export-tagged-pdf --disable-search-engine-choice-screen --unsafely-disable-devtools-self-xss-warnings --edge-skip-compat-layer-relaunch --disable-infobars --disable-search-engine-choice-screen --disable-sync --enable-unsafe-swiftshader --headless --hide-scrollbars --mute-audio --blink-settings=primaryHoverType=2,availableHoverTypes=2,primaryPointerType=4,availablePointerTypes=4 --no-sandbox --user-data-dir=/var/folders/xx/vhn9ccgd6fn1yqgjn398gppw0000gn/T/playwright_chromiumdev_profile-dYehtQ --remote-debugging-pipe --no-startup-window[22m
    [2m  - <launched> pid=18893[22m
    [2m  - [pid=18893][err] [0913/214042.873013:ERROR:base/power_monitor/thermal_state_observer_mac.mm:140] ThermalStateObserverMac unable to register to power notifications. Result: 9[22m
    [2m  - [pid=18893][err] [0913/214042.877640:ERROR:net/dns/dns_config_service_posix.cc:138] DNS config watch failed to start.[22m
    [2m  - [pid=18893][err] [0913/214042.878405:FATAL:base/apple/mach_port_rendezvous_mac.cc:159] Check failed: kr == KERN_SUCCESS. bootstrap_check_in org.chromium.Chromium.MachPortRendezvousServer.18893: Permission denied (1100)[22m
    [2m  - [pid=18893] <gracefully close start>[22m
    [2m  - [pid=18893] <kill>[22m
    [2m  - [pid=18893] <will force kill>[22m
    [2m  - [pid=18893] exception while trying to kill process: Error: kill EPERM[22m
    [2m  - [pid=18893] <process did exit: exitCode=null, signal=SIGTRAP>[22m
    [2m  - [pid=18893] starting temporary directories cleanup[22m
    [2m  - [pid=18893] finished temporary directories cleanup[22m
    [2m  - [pid=18893] <gracefully close end>[22m


    Error Context: test-results/tools-tool-hub-home-lists-every-tool-and-links-to-its-page-chromium/error-context.md

  9) [chromium] › e2e/tools.spec.ts:25:7 › tool hub › home keeps its purpose-first structure readable on mobile 

    Error: browserType.launch: Target page, context or browser has been closed
    Browser logs:

    <launching> /Users/pc141/Library/Caches/ms-playwright/chromium_headless_shell-1223/chrome-headless-shell-mac-arm64/chrome-headless-shell --disable-field-trial-config --disable-background-networking --disable-background-timer-throttling --disable-backgrounding-occluded-windows --disable-back-forward-cache --disable-breakpad --disable-client-side-phishing-detection --disable-component-extensions-with-background-pages --disable-component-update --no-default-browser-check --disable-default-apps --disable-dev-shm-usage --disable-edgeupdater --disable-extensions --disable-features=AvoidUnnecessaryBeforeUnloadCheckSync,BoundaryEventDispatchTracksNodeRemoval,DestroyProfileOnBrowserClose,DialMediaRouteProvider,GlobalMediaControls,HttpsUpgrades,LensOverlay,MediaRouter,PaintHolding,ThirdPartyStoragePartitioning,Translate,AutoDeElevate,RenderDocument,OptimizationHints,msForceBrowserSignIn,msEdgeUpdateLaunchServicesPreferredVersion --enable-features=CDPScreenshotNewSurface --allow-pre-commit-input --disable-hang-monitor --disable-ipc-flooding-protection --disable-popup-blocking --disable-prompt-on-repost --disable-renderer-backgrounding --force-color-profile=srgb --metrics-recording-only --no-first-run --password-store=basic --use-mock-keychain --no-service-autorun --export-tagged-pdf --disable-search-engine-choice-screen --unsafely-disable-devtools-self-xss-warnings --edge-skip-compat-layer-relaunch --disable-infobars --disable-search-engine-choice-screen --disable-sync --enable-unsafe-swiftshader --headless --hide-scrollbars --mute-audio --blink-settings=primaryHoverType=2,availableHoverTypes=2,primaryPointerType=4,availablePointerTypes=4 --no-sandbox --user-data-dir=/var/folders/xx/vhn9ccgd6fn1yqgjn398gppw0000gn/T/playwright_chromiumdev_profile-cYybUX --remote-debugging-pipe --no-startup-window
    <launched> pid=18895
    [pid=18895][err] [0913/214042.879087:ERROR:base/power_monitor/thermal_state_observer_mac.mm:140] ThermalStateObserverMac unable to register to power notifications. Result: 9
    [pid=18895][err] [0913/214042.880780:ERROR:net/dns/dns_config_service_posix.cc:138] DNS config watch failed to start.
    [pid=18895][err] [0913/214042.881358:FATAL:base/apple/mach_port_rendezvous_mac.cc:159] Check failed: kr == KERN_SUCCESS. bootstrap_check_in org.chromium.Chromium.MachPortRendezvousServer.18895: Permission denied (1100)
    Call log:
    [2m  - <launching> /Users/pc141/Library/Caches/ms-playwright/chromium_headless_shell-1223/chrome-headless-shell-mac-arm64/chrome-headless-shell --disable-field-trial-config --disable-background-networking --disable-background-timer-throttling --disable-backgrounding-occluded-windows --disable-back-forward-cache --disable-breakpad --disable-client-side-phishing-detection --disable-component-extensions-with-background-pages --disable-component-update --no-default-browser-check --disable-default-apps --disable-dev-shm-usage --disable-edgeupdater --disable-extensions --disable-features=AvoidUnnecessaryBeforeUnloadCheckSync,BoundaryEventDispatchTracksNodeRemoval,DestroyProfileOnBrowserClose,DialMediaRouteProvider,GlobalMediaControls,HttpsUpgrades,LensOverlay,MediaRouter,PaintHolding,ThirdPartyStoragePartitioning,Translate,AutoDeElevate,RenderDocument,OptimizationHints,msForceBrowserSignIn,msEdgeUpdateLaunchServicesPreferredVersion --enable-features=CDPScreenshotNewSurface --allow-pre-commit-input --disable-hang-monitor --disable-ipc-flooding-protection --disable-popup-blocking --disable-prompt-on-repost --disable-renderer-backgrounding --force-color-profile=srgb --metrics-recording-only --no-first-run --password-store=basic --use-mock-keychain --no-service-autorun --export-tagged-pdf --disable-search-engine-choice-screen --unsafely-disable-devtools-self-xss-warnings --edge-skip-compat-layer-relaunch --disable-infobars --disable-search-engine-choice-screen --disable-sync --enable-unsafe-swiftshader --headless --hide-scrollbars --mute-audio --blink-settings=primaryHoverType=2,availableHoverTypes=2,primaryPointerType=4,availablePointerTypes=4 --no-sandbox --user-data-dir=/var/folders/xx/vhn9ccgd6fn1yqgjn398gppw0000gn/T/playwright_chromiumdev_profile-cYybUX --remote-debugging-pipe --no-startup-window[22m
    [2m  - <launched> pid=18895[22m
    [2m  - [pid=18895][err] [0913/214042.879087:ERROR:base/power_monitor/thermal_state_observer_mac.mm:140] ThermalStateObserverMac unable to register to power notifications. Result: 9[22m
    [2m  - [pid=18895][err] [0913/214042.880780:ERROR:net/dns/dns_config_service_posix.cc:138] DNS config watch failed to start.[22m
    [2m  - [pid=18895][err] [0913/214042.881358:FATAL:base/apple/mach_port_rendezvous_mac.cc:159] Check failed: kr == KERN_SUCCESS. bootstrap_check_in org.chromium.Chromium.MachPortRendezvousServer.18895: Permission denied (1100)[22m
    [2m  - [pid=18895] <gracefully close start>[22m
    [2m  - [pid=18895] <kill>[22m
    [2m  - [pid=18895] <will force kill>[22m
    [2m  - [pid=18895] exception while trying to kill process: Error: kill EPERM[22m
    [2m  - [pid=18895] <process did exit: exitCode=null, signal=SIGTRAP>[22m
    [2m  - [pid=18895] starting temporary directories cleanup[22m
    [2m  - [pid=18895] finished temporary directories cleanup[22m
    [2m  - [pid=18895] <gracefully close end>[22m


    Error Context: test-results/tools-tool-hub-home-keeps--7d5b8-tructure-readable-on-mobile-chromium/error-context.md

  10) [chromium] › e2e/tools.spec.ts:69:9 › tool pages render with hero, diagram and explanation › vswr-return-loss renders 

    Error: browserType.launch: Target page, context or browser has been closed
    Browser logs:

    <launching> /Users/pc141/Library/Caches/ms-playwright/chromium_headless_shell-1223/chrome-headless-shell-mac-arm64/chrome-headless-shell --disable-field-trial-config --disable-background-networking --disable-background-timer-throttling --disable-backgrounding-occluded-windows --disable-back-forward-cache --disable-breakpad --disable-client-side-phishing-detection --disable-component-extensions-with-background-pages --disable-component-update --no-default-browser-check --disable-default-apps --disable-dev-shm-usage --disable-edgeupdater --disable-extensions --disable-features=AvoidUnnecessaryBeforeUnloadCheckSync,BoundaryEventDispatchTracksNodeRemoval,DestroyProfileOnBrowserClose,DialMediaRouteProvider,GlobalMediaControls,HttpsUpgrades,LensOverlay,MediaRouter,PaintHolding,ThirdPartyStoragePartitioning,Translate,AutoDeElevate,RenderDocument,OptimizationHints,msForceBrowserSignIn,msEdgeUpdateLaunchServicesPreferredVersion --enable-features=CDPScreenshotNewSurface --allow-pre-commit-input --disable-hang-monitor --disable-ipc-flooding-protection --disable-popup-blocking --disable-prompt-on-repost --disable-renderer-backgrounding --force-color-profile=srgb --metrics-recording-only --no-first-run --password-store=basic --use-mock-keychain --no-service-autorun --export-tagged-pdf --disable-search-engine-choice-screen --unsafely-disable-devtools-self-xss-warnings --edge-skip-compat-layer-relaunch --disable-infobars --disable-search-engine-choice-screen --disable-sync --enable-unsafe-swiftshader --headless --hide-scrollbars --mute-audio --blink-settings=primaryHoverType=2,availableHoverTypes=2,primaryPointerType=4,availablePointerTypes=4 --no-sandbox --user-data-dir=/var/folders/xx/vhn9ccgd6fn1yqgjn398gppw0000gn/T/playwright_chromiumdev_profile-CHCTUj --remote-debugging-pipe --no-startup-window
    <launched> pid=18898
    [pid=18898][err] [0913/214043.386247:ERROR:base/power_monitor/thermal_state_observer_mac.mm:140] ThermalStateObserverMac unable to register to power notifications. Result: 9
    [pid=18898][err] [0913/214043.387964:ERROR:net/dns/dns_config_service_posix.cc:138] DNS config watch failed to start.
    [pid=18898][err] [0913/214043.388286:FATAL:base/apple/mach_port_rendezvous_mac.cc:159] Check failed: kr == KERN_SUCCESS. bootstrap_check_in org.chromium.Chromium.MachPortRendezvousServer.18898: Permission denied (1100)
    Call log:
    [2m  - <launching> /Users/pc141/Library/Caches/ms-playwright/chromium_headless_shell-1223/chrome-headless-shell-mac-arm64/chrome-headless-shell --disable-field-trial-config --disable-background-networking --disable-background-timer-throttling --disable-backgrounding-occluded-windows --disable-back-forward-cache --disable-breakpad --disable-client-side-phishing-detection --disable-component-extensions-with-background-pages --disable-component-update --no-default-browser-check --disable-default-apps --disable-dev-shm-usage --disable-edgeupdater --disable-extensions --disable-features=AvoidUnnecessaryBeforeUnloadCheckSync,BoundaryEventDispatchTracksNodeRemoval,DestroyProfileOnBrowserClose,DialMediaRouteProvider,GlobalMediaControls,HttpsUpgrades,LensOverlay,MediaRouter,PaintHolding,ThirdPartyStoragePartitioning,Translate,AutoDeElevate,RenderDocument,OptimizationHints,msForceBrowserSignIn,msEdgeUpdateLaunchServicesPreferredVersion --enable-features=CDPScreenshotNewSurface --allow-pre-commit-input --disable-hang-monitor --disable-ipc-flooding-protection --disable-popup-blocking --disable-prompt-on-repost --disable-renderer-backgrounding --force-color-profile=srgb --metrics-recording-only --no-first-run --password-store=basic --use-mock-keychain --no-service-autorun --export-tagged-pdf --disable-search-engine-choice-screen --unsafely-disable-devtools-self-xss-warnings --edge-skip-compat-layer-relaunch --disable-infobars --disable-search-engine-choice-screen --disable-sync --enable-unsafe-swiftshader --headless --hide-scrollbars --mute-audio --blink-settings=primaryHoverType=2,availableHoverTypes=2,primaryPointerType=4,availablePointerTypes=4 --no-sandbox --user-data-dir=/var/folders/xx/vhn9ccgd6fn1yqgjn398gppw0000gn/T/playwright_chromiumdev_profile-CHCTUj --remote-debugging-pipe --no-startup-window[22m
    [2m  - <launched> pid=18898[22m
    [2m  - [pid=18898][err] [0913/214043.386247:ERROR:base/power_monitor/thermal_state_observer_mac.mm:140] ThermalStateObserverMac unable to register to power notifications. Result: 9[22m
    [2m  - [pid=18898][err] [0913/214043.387964:ERROR:net/dns/dns_config_service_posix.cc:138] DNS config watch failed to start.[22m
    [2m  - [pid=18898][err] [0913/214043.388286:FATAL:base/apple/mach_port_rendezvous_mac.cc:159] Check failed: kr == KERN_SUCCESS. bootstrap_check_in org.chromium.Chromium.MachPortRendezvousServer.18898: Permission denied (1100)[22m
    [2m  - [pid=18898] <gracefully close start>[22m
    [2m  - [pid=18898] <kill>[22m
    [2m  - [pid=18898] <will force kill>[22m
    [2m  - [pid=18898] exception while trying to kill process: Error: kill EPERM[22m
    [2m  - [pid=18898] <process did exit: exitCode=null, signal=SIGTRAP>[22m
    [2m  - [pid=18898] starting temporary directories cleanup[22m
    [2m  - [pid=18898] finished temporary directories cleanup[22m
    [2m  - [pid=18898] <gracefully close end>[22m


    Error Context: test-results/tools-tool-pages-render-wi-589d7-on-vswr-return-loss-renders-chromium/error-context.md

  11) [chromium] › e2e/tools.spec.ts:69:9 › tool pages render with hero, diagram and explanation › coaxial-cable-loss renders 

    Error: browserType.launch: Target page, context or browser has been closed
    Browser logs:

    <launching> /Users/pc141/Library/Caches/ms-playwright/chromium_headless_shell-1223/chrome-headless-shell-mac-arm64/chrome-headless-shell --disable-field-trial-config --disable-background-networking --disable-background-timer-throttling --disable-backgrounding-occluded-windows --disable-back-forward-cache --disable-breakpad --disable-client-side-phishing-detection --disable-component-extensions-with-background-pages --disable-component-update --no-default-browser-check --disable-default-apps --disable-dev-shm-usage --disable-edgeupdater --disable-extensions --disable-features=AvoidUnnecessaryBeforeUnloadCheckSync,BoundaryEventDispatchTracksNodeRemoval,DestroyProfileOnBrowserClose,DialMediaRouteProvider,GlobalMediaControls,HttpsUpgrades,LensOverlay,MediaRouter,PaintHolding,ThirdPartyStoragePartitioning,Translate,AutoDeElevate,RenderDocument,OptimizationHints,msForceBrowserSignIn,msEdgeUpdateLaunchServicesPreferredVersion --enable-features=CDPScreenshotNewSurface --allow-pre-commit-input --disable-hang-monitor --disable-ipc-flooding-protection --disable-popup-blocking --disable-prompt-on-repost --disable-renderer-backgrounding --force-color-profile=srgb --metrics-recording-only --no-first-run --password-store=basic --use-mock-keychain --no-service-autorun --export-tagged-pdf --disable-search-engine-choice-screen --unsafely-disable-devtools-self-xss-warnings --edge-skip-compat-layer-relaunch --disable-infobars --disable-search-engine-choice-screen --disable-sync --enable-unsafe-swiftshader --headless --hide-scrollbars --mute-audio --blink-settings=primaryHoverType=2,availableHoverTypes=2,primaryPointerType=4,availablePointerTypes=4 --no-sandbox --user-data-dir=/var/folders/xx/vhn9ccgd6fn1yqgjn398gppw0000gn/T/playwright_chromiumdev_profile-PYPDq2 --remote-debugging-pipe --no-startup-window
    <launched> pid=18901
    [pid=18901][err] [0913/214043.589940:ERROR:base/power_monitor/thermal_state_observer_mac.mm:140] ThermalStateObserverMac unable to register to power notifications. Result: 9
    [pid=18901][err] [0913/214043.591756:ERROR:net/dns/dns_config_service_posix.cc:138] DNS config watch failed to start.
    [pid=18901][err] [0913/214043.592089:FATAL:base/apple/mach_port_rendezvous_mac.cc:159] Check failed: kr == KERN_SUCCESS. bootstrap_check_in org.chromium.Chromium.MachPortRendezvousServer.18901: Permission denied (1100)
    Call log:
    [2m  - <launching> /Users/pc141/Library/Caches/ms-playwright/chromium_headless_shell-1223/chrome-headless-shell-mac-arm64/chrome-headless-shell --disable-field-trial-config --disable-background-networking --disable-background-timer-throttling --disable-backgrounding-occluded-windows --disable-back-forward-cache --disable-breakpad --disable-client-side-phishing-detection --disable-component-extensions-with-background-pages --disable-component-update --no-default-browser-check --disable-default-apps --disable-dev-shm-usage --disable-edgeupdater --disable-extensions --disable-features=AvoidUnnecessaryBeforeUnloadCheckSync,BoundaryEventDispatchTracksNodeRemoval,DestroyProfileOnBrowserClose,DialMediaRouteProvider,GlobalMediaControls,HttpsUpgrades,LensOverlay,MediaRouter,PaintHolding,ThirdPartyStoragePartitioning,Translate,AutoDeElevate,RenderDocument,OptimizationHints,msForceBrowserSignIn,msEdgeUpdateLaunchServicesPreferredVersion --enable-features=CDPScreenshotNewSurface --allow-pre-commit-input --disable-hang-monitor --disable-ipc-flooding-protection --disable-popup-blocking --disable-prompt-on-repost --disable-renderer-backgrounding --force-color-profile=srgb --metrics-recording-only --no-first-run --password-store=basic --use-mock-keychain --no-service-autorun --export-tagged-pdf --disable-search-engine-choice-screen --unsafely-disable-devtools-self-xss-warnings --edge-skip-compat-layer-relaunch --disable-infobars --disable-search-engine-choice-screen --disable-sync --enable-unsafe-swiftshader --headless --hide-scrollbars --mute-audio --blink-settings=primaryHoverType=2,availableHoverTypes=2,primaryPointerType=4,availablePointerTypes=4 --no-sandbox --user-data-dir=/var/folders/xx/vhn9ccgd6fn1yqgjn398gppw0000gn/T/playwright_chromiumdev_profile-PYPDq2 --remote-debugging-pipe --no-startup-window[22m
    [2m  - <launched> pid=18901[22m
    [2m  - [pid=18901][err] [0913/214043.589940:ERROR:base/power_monitor/thermal_state_observer_mac.mm:140] ThermalStateObserverMac unable to register to power notifications. Result: 9[22m
    [2m  - [pid=18901][err] [0913/214043.591756:ERROR:net/dns/dns_config_service_posix.cc:138] DNS config watch failed to start.[22m
    [2m  - [pid=18901][err] [0913/214043.592089:FATAL:base/apple/mach_port_rendezvous_mac.cc:159] Check failed: kr == KERN_SUCCESS. bootstrap_check_in org.chromium.Chromium.MachPortRendezvousServer.18901: Permission denied (1100)[22m
    [2m  - [pid=18901] <gracefully close start>[22m
    [2m  - [pid=18901] <kill>[22m
    [2m  - [pid=18901] <will force kill>[22m
    [2m  - [pid=18901] exception while trying to kill process: Error: kill EPERM[22m
    [2m  - [pid=18901] <process did exit: exitCode=null, signal=SIGTRAP>[22m
    [2m  - [pid=18901] starting temporary directories cleanup[22m
    [2m  - [pid=18901] finished temporary directories cleanup[22m
    [2m  - [pid=18901] <gracefully close end>[22m


    Error Context: test-results/tools-tool-pages-render-wi-79c54--coaxial-cable-loss-renders-chromium/error-context.md

  12) [chromium] › e2e/tools.spec.ts:69:9 › tool pages render with hero, diagram and explanation › microstrip-line renders 

    Error: browserType.launch: Target page, context or browser has been closed
    Browser logs:

    <launching> /Users/pc141/Library/Caches/ms-playwright/chromium_headless_shell-1223/chrome-headless-shell-mac-arm64/chrome-headless-shell --disable-field-trial-config --disable-background-networking --disable-background-timer-throttling --disable-backgrounding-occluded-windows --disable-back-forward-cache --disable-breakpad --disable-client-side-phishing-detection --disable-component-extensions-with-background-pages --disable-component-update --no-default-browser-check --disable-default-apps --disable-dev-shm-usage --disable-edgeupdater --disable-extensions --disable-features=AvoidUnnecessaryBeforeUnloadCheckSync,BoundaryEventDispatchTracksNodeRemoval,DestroyProfileOnBrowserClose,DialMediaRouteProvider,GlobalMediaControls,HttpsUpgrades,LensOverlay,MediaRouter,PaintHolding,ThirdPartyStoragePartitioning,Translate,AutoDeElevate,RenderDocument,OptimizationHints,msForceBrowserSignIn,msEdgeUpdateLaunchServicesPreferredVersion --enable-features=CDPScreenshotNewSurface --allow-pre-commit-input --disable-hang-monitor --disable-ipc-flooding-protection --disable-popup-blocking --disable-prompt-on-repost --disable-renderer-backgrounding --force-color-profile=srgb --metrics-recording-only --no-first-run --password-store=basic --use-mock-keychain --no-service-autorun --export-tagged-pdf --disable-search-engine-choice-screen --unsafely-disable-devtools-self-xss-warnings --edge-skip-compat-layer-relaunch --disable-infobars --disable-search-engine-choice-screen --disable-sync --enable-unsafe-swiftshader --headless --hide-scrollbars --mute-audio --blink-settings=primaryHoverType=2,availableHoverTypes=2,primaryPointerType=4,availablePointerTypes=4 --no-sandbox --user-data-dir=/var/folders/xx/vhn9ccgd6fn1yqgjn398gppw0000gn/T/playwright_chromiumdev_profile-Lo7l5s --remote-debugging-pipe --no-startup-window
    <launched> pid=18904
    [pid=18904][err] [0913/214043.812397:ERROR:base/power_monitor/thermal_state_observer_mac.mm:140] ThermalStateObserverMac unable to register to power notifications. Result: 9
    [pid=18904][err] [0913/214043.814049:ERROR:net/dns/dns_config_service_posix.cc:138] DNS config watch failed to start.
    [pid=18904][err] [0913/214043.814484:FATAL:base/apple/mach_port_rendezvous_mac.cc:159] Check failed: kr == KERN_SUCCESS. bootstrap_check_in org.chromium.Chromium.MachPortRendezvousServer.18904: Permission denied (1100)
    Call log:
    [2m  - <launching> /Users/pc141/Library/Caches/ms-playwright/chromium_headless_shell-1223/chrome-headless-shell-mac-arm64/chrome-headless-shell --disable-field-trial-config --disable-background-networking --disable-background-timer-throttling --disable-backgrounding-occluded-windows --disable-back-forward-cache --disable-breakpad --disable-client-side-phishing-detection --disable-component-extensions-with-background-pages --disable-component-update --no-default-browser-check --disable-default-apps --disable-dev-shm-usage --disable-edgeupdater --disable-extensions --disable-features=AvoidUnnecessaryBeforeUnloadCheckSync,BoundaryEventDispatchTracksNodeRemoval,DestroyProfileOnBrowserClose,DialMediaRouteProvider,GlobalMediaControls,HttpsUpgrades,LensOverlay,MediaRouter,PaintHolding,ThirdPartyStoragePartitioning,Translate,AutoDeElevate,RenderDocument,OptimizationHints,msForceBrowserSignIn,msEdgeUpdateLaunchServicesPreferredVersion --enable-features=CDPScreenshotNewSurface --allow-pre-commit-input --disable-hang-monitor --disable-ipc-flooding-protection --disable-popup-blocking --disable-prompt-on-repost --disable-renderer-backgrounding --force-color-profile=srgb --metrics-recording-only --no-first-run --password-store=basic --use-mock-keychain --no-service-autorun --export-tagged-pdf --disable-search-engine-choice-screen --unsafely-disable-devtools-self-xss-warnings --edge-skip-compat-layer-relaunch --disable-infobars --disable-search-engine-choice-screen --disable-sync --enable-unsafe-swiftshader --headless --hide-scrollbars --mute-audio --blink-settings=primaryHoverType=2,availableHoverTypes=2,primaryPointerType=4,availablePointerTypes=4 --no-sandbox --user-data-dir=/var/folders/xx/vhn9ccgd6fn1yqgjn398gppw0000gn/T/playwright_chromiumdev_profile-Lo7l5s --remote-debugging-pipe --no-startup-window[22m
    [2m  - <launched> pid=18904[22m
    [2m  - [pid=18904][err] [0913/214043.812397:ERROR:base/power_monitor/thermal_state_observer_mac.mm:140] ThermalStateObserverMac unable to register to power notifications. Result: 9[22m
    [2m  - [pid=18904][err] [0913/214043.814049:ERROR:net/dns/dns_config_service_posix.cc:138] DNS config watch failed to start.[22m
    [2m  - [pid=18904][err] [0913/214043.814484:FATAL:base/apple/mach_port_rendezvous_mac.cc:159] Check failed: kr == KERN_SUCCESS. bootstrap_check_in org.chromium.Chromium.MachPortRendezvousServer.18904: Permission denied (1100)[22m
    [2m  - [pid=18904] <gracefully close start>[22m
    [2m  - [pid=18904] <kill>[22m
    [2m  - [pid=18904] <will force kill>[22m
    [2m  - [pid=18904] exception while trying to kill process: Error: kill EPERM[22m
    [2m  - [pid=18904] <process did exit: exitCode=null, signal=SIGTRAP>[22m
    [2m  - [pid=18904] starting temporary directories cleanup[22m
    [2m  - [pid=18904] finished temporary directories cleanup[22m
    [2m  - [pid=18904] <gracefully close end>[22m


    Error Context: test-results/tools-tool-pages-render-wi-cf08d-ion-microstrip-line-renders-chromium/error-context.md

  13) [chromium] › e2e/tools.spec.ts:69:9 › tool pages render with hero, diagram and explanation › fresnel-zone renders 

    Error: browserType.launch: Target page, context or browser has been closed
    Browser logs:

    <launching> /Users/pc141/Library/Caches/ms-playwright/chromium_headless_shell-1223/chrome-headless-shell-mac-arm64/chrome-headless-shell --disable-field-trial-config --disable-background-networking --disable-background-timer-throttling --disable-backgrounding-occluded-windows --disable-back-forward-cache --disable-breakpad --disable-client-side-phishing-detection --disable-component-extensions-with-background-pages --disable-component-update --no-default-browser-check --disable-default-apps --disable-dev-shm-usage --disable-edgeupdater --disable-extensions --disable-features=AvoidUnnecessaryBeforeUnloadCheckSync,BoundaryEventDispatchTracksNodeRemoval,DestroyProfileOnBrowserClose,DialMediaRouteProvider,GlobalMediaControls,HttpsUpgrades,LensOverlay,MediaRouter,PaintHolding,ThirdPartyStoragePartitioning,Translate,AutoDeElevate,RenderDocument,OptimizationHints,msForceBrowserSignIn,msEdgeUpdateLaunchServicesPreferredVersion --enable-features=CDPScreenshotNewSurface --allow-pre-commit-input --disable-hang-monitor --disable-ipc-flooding-protection --disable-popup-blocking --disable-prompt-on-repost --disable-renderer-backgrounding --force-color-profile=srgb --metrics-recording-only --no-first-run --password-store=basic --use-mock-keychain --no-service-autorun --export-tagged-pdf --disable-search-engine-choice-screen --unsafely-disable-devtools-self-xss-warnings --edge-skip-compat-layer-relaunch --disable-infobars --disable-search-engine-choice-screen --disable-sync --enable-unsafe-swiftshader --headless --hide-scrollbars --mute-audio --blink-settings=primaryHoverType=2,availableHoverTypes=2,primaryPointerType=4,availablePointerTypes=4 --no-sandbox --user-data-dir=/var/folders/xx/vhn9ccgd6fn1yqgjn398gppw0000gn/T/playwright_chromiumdev_profile-hCYfTk --remote-debugging-pipe --no-startup-window
    <launched> pid=18908
    [pid=18908][err] [0913/214044.017743:ERROR:base/power_monitor/thermal_state_observer_mac.mm:140] ThermalStateObserverMac unable to register to power notifications. Result: 9
    [pid=18908][err] [0913/214044.019637:ERROR:net/dns/dns_config_service_posix.cc:138] DNS config watch failed to start.
    [pid=18908][err] [0913/214044.019989:FATAL:base/apple/mach_port_rendezvous_mac.cc:159] Check failed: kr == KERN_SUCCESS. bootstrap_check_in org.chromium.Chromium.MachPortRendezvousServer.18908: Permission denied (1100)
    Call log:
    [2m  - <launching> /Users/pc141/Library/Caches/ms-playwright/chromium_headless_shell-1223/chrome-headless-shell-mac-arm64/chrome-headless-shell --disable-field-trial-config --disable-background-networking --disable-background-timer-throttling --disable-backgrounding-occluded-windows --disable-back-forward-cache --disable-breakpad --disable-client-side-phishing-detection --disable-component-extensions-with-background-pages --disable-component-update --no-default-browser-check --disable-default-apps --disable-dev-shm-usage --disable-edgeupdater --disable-extensions --disable-features=AvoidUnnecessaryBeforeUnloadCheckSync,BoundaryEventDispatchTracksNodeRemoval,DestroyProfileOnBrowserClose,DialMediaRouteProvider,GlobalMediaControls,HttpsUpgrades,LensOverlay,MediaRouter,PaintHolding,ThirdPartyStoragePartitioning,Translate,AutoDeElevate,RenderDocument,OptimizationHints,msForceBrowserSignIn,msEdgeUpdateLaunchServicesPreferredVersion --enable-features=CDPScreenshotNewSurface --allow-pre-commit-input --disable-hang-monitor --disable-ipc-flooding-protection --disable-popup-blocking --disable-prompt-on-repost --disable-renderer-backgrounding --force-color-profile=srgb --metrics-recording-only --no-first-run --password-store=basic --use-mock-keychain --no-service-autorun --export-tagged-pdf --disable-search-engine-choice-screen --unsafely-disable-devtools-self-xss-warnings --edge-skip-compat-layer-relaunch --disable-infobars --disable-search-engine-choice-screen --disable-sync --enable-unsafe-swiftshader --headless --hide-scrollbars --mute-audio --blink-settings=primaryHoverType=2,availableHoverTypes=2,primaryPointerType=4,availablePointerTypes=4 --no-sandbox --user-data-dir=/var/folders/xx/vhn9ccgd6fn1yqgjn398gppw0000gn/T/playwright_chromiumdev_profile-hCYfTk --remote-debugging-pipe --no-startup-window[22m
    [2m  - <launched> pid=18908[22m
    [2m  - [pid=18908][err] [0913/214044.017743:ERROR:base/power_monitor/thermal_state_observer_mac.mm:140] ThermalStateObserverMac unable to register to power notifications. Result: 9[22m
    [2m  - [pid=18908][err] [0913/214044.019637:ERROR:net/dns/dns_config_service_posix.cc:138] DNS config watch failed to start.[22m
    [2m  - [pid=18908][err] [0913/214044.019989:FATAL:base/apple/mach_port_rendezvous_mac.cc:159] Check failed: kr == KERN_SUCCESS. bootstrap_check_in org.chromium.Chromium.MachPortRendezvousServer.18908: Permission denied (1100)[22m
    [2m  - [pid=18908] <gracefully close start>[22m
    [2m  - [pid=18908] <kill>[22m
    [2m  - [pid=18908] <will force kill>[22m
    [2m  - [pid=18908] exception while trying to kill process: Error: kill EPERM[22m
    [2m  - [pid=18908] <process did exit: exitCode=null, signal=SIGTRAP>[22m
    [2m  - [pid=18908] starting temporary directories cleanup[22m
    [2m  - [pid=18908] finished temporary directories cleanup[22m
    [2m  - [pid=18908] <gracefully close end>[22m


    Error Context: test-results/tools-tool-pages-render-wi-227e3-nation-fresnel-zone-renders-chromium/error-context.md

  14) [chromium] › e2e/tools.spec.ts:69:9 › tool pages render with hero, diagram and explanation › propagation-loss renders 

    Error: browserType.launch: Target page, context or browser has been closed
    Browser logs:

    <launching> /Users/pc141/Library/Caches/ms-playwright/chromium_headless_shell-1223/chrome-headless-shell-mac-arm64/chrome-headless-shell --disable-field-trial-config --disable-background-networking --disable-background-timer-throttling --disable-backgrounding-occluded-windows --disable-back-forward-cache --disable-breakpad --disable-client-side-phishing-detection --disable-component-extensions-with-background-pages --disable-component-update --no-default-browser-check --disable-default-apps --disable-dev-shm-usage --disable-edgeupdater --disable-extensions --disable-features=AvoidUnnecessaryBeforeUnloadCheckSync,BoundaryEventDispatchTracksNodeRemoval,DestroyProfileOnBrowserClose,DialMediaRouteProvider,GlobalMediaControls,HttpsUpgrades,LensOverlay,MediaRouter,PaintHolding,ThirdPartyStoragePartitioning,Translate,AutoDeElevate,RenderDocument,OptimizationHints,msForceBrowserSignIn,msEdgeUpdateLaunchServicesPreferredVersion --enable-features=CDPScreenshotNewSurface --allow-pre-commit-input --disable-hang-monitor --disable-ipc-flooding-protection --disable-popup-blocking --disable-prompt-on-repost --disable-renderer-backgrounding --force-color-profile=srgb --metrics-recording-only --no-first-run --password-store=basic --use-mock-keychain --no-service-autorun --export-tagged-pdf --disable-search-engine-choice-screen --unsafely-disable-devtools-self-xss-warnings --edge-skip-compat-layer-relaunch --disable-infobars --disable-search-engine-choice-screen --disable-sync --enable-unsafe-swiftshader --headless --hide-scrollbars --mute-audio --blink-settings=primaryHoverType=2,availableHoverTypes=2,primaryPointerType=4,availablePointerTypes=4 --no-sandbox --user-data-dir=/var/folders/xx/vhn9ccgd6fn1yqgjn398gppw0000gn/T/playwright_chromiumdev_profile-z9faip --remote-debugging-pipe --no-startup-window
    <launched> pid=18911
    [pid=18911][err] [0913/214044.227274:ERROR:base/power_monitor/thermal_state_observer_mac.mm:140] ThermalStateObserverMac unable to register to power notifications. Result: 9
    [pid=18911][err] [0913/214044.229075:ERROR:net/dns/dns_config_service_posix.cc:138] DNS config watch failed to start.
    [pid=18911][err] [0913/214044.229442:FATAL:base/apple/mach_port_rendezvous_mac.cc:159] Check failed: kr == KERN_SUCCESS. bootstrap_check_in org.chromium.Chromium.MachPortRendezvousServer.18911: Permission denied (1100)
    Call log:
    [2m  - <launching> /Users/pc141/Library/Caches/ms-playwright/chromium_headless_shell-1223/chrome-headless-shell-mac-arm64/chrome-headless-shell --disable-field-trial-config --disable-background-networking --disable-background-timer-throttling --disable-backgrounding-occluded-windows --disable-back-forward-cache --disable-breakpad --disable-client-side-phishing-detection --disable-component-extensions-with-background-pages --disable-component-update --no-default-browser-check --disable-default-apps --disable-dev-shm-usage --disable-edgeupdater --disable-extensions --disable-features=AvoidUnnecessaryBeforeUnloadCheckSync,BoundaryEventDispatchTracksNodeRemoval,DestroyProfileOnBrowserClose,DialMediaRouteProvider,GlobalMediaControls,HttpsUpgrades,LensOverlay,MediaRouter,PaintHolding,ThirdPartyStoragePartitioning,Translate,AutoDeElevate,RenderDocument,OptimizationHints,msForceBrowserSignIn,msEdgeUpdateLaunchServicesPreferredVersion --enable-features=CDPScreenshotNewSurface --allow-pre-commit-input --disable-hang-monitor --disable-ipc-flooding-protection --disable-popup-blocking --disable-prompt-on-repost --disable-renderer-backgrounding --force-color-profile=srgb --metrics-recording-only --no-first-run --password-store=basic --use-mock-keychain --no-service-autorun --export-tagged-pdf --disable-search-engine-choice-screen --unsafely-disable-devtools-self-xss-warnings --edge-skip-compat-layer-relaunch --disable-infobars --disable-search-engine-choice-screen --disable-sync --enable-unsafe-swiftshader --headless --hide-scrollbars --mute-audio --blink-settings=primaryHoverType=2,availableHoverTypes=2,primaryPointerType=4,availablePointerTypes=4 --no-sandbox --user-data-dir=/var/folders/xx/vhn9ccgd6fn1yqgjn398gppw0000gn/T/playwright_chromiumdev_profile-z9faip --remote-debugging-pipe --no-startup-window[22m
    [2m  - <launched> pid=18911[22m
    [2m  - [pid=18911][err] [0913/214044.227274:ERROR:base/power_monitor/thermal_state_observer_mac.mm:140] ThermalStateObserverMac unable to register to power notifications. Result: 9[22m
    [2m  - [pid=18911][err] [0913/214044.229075:ERROR:net/dns/dns_config_service_posix.cc:138] DNS config watch failed to start.[22m
    [2m  - [pid=18911][err] [0913/214044.229442:FATAL:base/apple/mach_port_rendezvous_mac.cc:159] Check failed: kr == KERN_SUCCESS. bootstrap_check_in org.chromium.Chromium.MachPortRendezvousServer.18911: Permission denied (1100)[22m
    [2m  - [pid=18911] <gracefully close start>[22m
    [2m  - [pid=18911] <kill>[22m
    [2m  - [pid=18911] <will force kill>[22m
    [2m  - [pid=18911] exception while trying to kill process: Error: kill EPERM[22m
    [2m  - [pid=18911] <process did exit: exitCode=null, signal=SIGTRAP>[22m
    [2m  - [pid=18911] starting temporary directories cleanup[22m
    [2m  - [pid=18911] finished temporary directories cleanup[22m
    [2m  - [pid=18911] <gracefully close end>[22m


    Error Context: test-results/tools-tool-pages-render-wi-8c32d-on-propagation-loss-renders-chromium/error-context.md

  15) [chromium] › e2e/tools.spec.ts:69:9 › tool pages render with hero, diagram and explanation › ncu-below-ground renders 

    Error: browserType.launch: Target page, context or browser has been closed
    Browser logs:

    <launching> /Users/pc141/Library/Caches/ms-playwright/chromium_headless_shell-1223/chrome-headless-shell-mac-arm64/chrome-headless-shell --disable-field-trial-config --disable-background-networking --disable-background-timer-throttling --disable-backgrounding-occluded-windows --disable-back-forward-cache --disable-breakpad --disable-client-side-phishing-detection --disable-component-extensions-with-background-pages --disable-component-update --no-default-browser-check --disable-default-apps --disable-dev-shm-usage --disable-edgeupdater --disable-extensions --disable-features=AvoidUnnecessaryBeforeUnloadCheckSync,BoundaryEventDispatchTracksNodeRemoval,DestroyProfileOnBrowserClose,DialMediaRouteProvider,GlobalMediaControls,HttpsUpgrades,LensOverlay,MediaRouter,PaintHolding,ThirdPartyStoragePartitioning,Translate,AutoDeElevate,RenderDocument,OptimizationHints,msForceBrowserSignIn,msEdgeUpdateLaunchServicesPreferredVersion --enable-features=CDPScreenshotNewSurface --allow-pre-commit-input --disable-hang-monitor --disable-ipc-flooding-protection --disable-popup-blocking --disable-prompt-on-repost --disable-renderer-backgrounding --force-color-profile=srgb --metrics-recording-only --no-first-run --password-store=basic --use-mock-keychain --no-service-autorun --export-tagged-pdf --disable-search-engine-choice-screen --unsafely-disable-devtools-self-xss-warnings --edge-skip-compat-layer-relaunch --disable-infobars --disable-search-engine-choice-screen --disable-sync --enable-unsafe-swiftshader --headless --hide-scrollbars --mute-audio --blink-settings=primaryHoverType=2,availableHoverTypes=2,primaryPointerType=4,availablePointerTypes=4 --no-sandbox --user-data-dir=/var/folders/xx/vhn9ccgd6fn1yqgjn398gppw0000gn/T/playwright_chromiumdev_profile-ezcTHz --remote-debugging-pipe --no-startup-window
    <launched> pid=18916
    [pid=18916][err] [0913/214044.434898:ERROR:base/power_monitor/thermal_state_observer_mac.mm:140] ThermalStateObserverMac unable to register to power notifications. Result: 9
    [pid=18916][err] [0913/214044.436482:ERROR:net/dns/dns_config_service_posix.cc:138] DNS config watch failed to start.
    [pid=18916][err] [0913/214044.436846:FATAL:base/apple/mach_port_rendezvous_mac.cc:159] Check failed: kr == KERN_SUCCESS. bootstrap_check_in org.chromium.Chromium.MachPortRendezvousServer.18916: Permission denied (1100)
    Call log:
    [2m  - <launching> /Users/pc141/Library/Caches/ms-playwright/chromium_headless_shell-1223/chrome-headless-shell-mac-arm64/chrome-headless-shell --disable-field-trial-config --disable-background-networking --disable-background-timer-throttling --disable-backgrounding-occluded-windows --disable-back-forward-cache --disable-breakpad --disable-client-side-phishing-detection --disable-component-extensions-with-background-pages --disable-component-update --no-default-browser-check --disable-default-apps --disable-dev-shm-usage --disable-edgeupdater --disable-extensions --disable-features=AvoidUnnecessaryBeforeUnloadCheckSync,BoundaryEventDispatchTracksNodeRemoval,DestroyProfileOnBrowserClose,DialMediaRouteProvider,GlobalMediaControls,HttpsUpgrades,LensOverlay,MediaRouter,PaintHolding,ThirdPartyStoragePartitioning,Translate,AutoDeElevate,RenderDocument,OptimizationHints,msForceBrowserSignIn,msEdgeUpdateLaunchServicesPreferredVersion --enable-features=CDPScreenshotNewSurface --allow-pre-commit-input --disable-hang-monitor --disable-ipc-flooding-protection --disable-popup-blocking --disable-prompt-on-repost --disable-renderer-backgrounding --force-color-profile=srgb --metrics-recording-only --no-first-run --password-store=basic --use-mock-keychain --no-service-autorun --export-tagged-pdf --disable-search-engine-choice-screen --unsafely-disable-devtools-self-xss-warnings --edge-skip-compat-layer-relaunch --disable-infobars --disable-search-engine-choice-screen --disable-sync --enable-unsafe-swiftshader --headless --hide-scrollbars --mute-audio --blink-settings=primaryHoverType=2,availableHoverTypes=2,primaryPointerType=4,availablePointerTypes=4 --no-sandbox --user-data-dir=/var/folders/xx/vhn9ccgd6fn1yqgjn398gppw0000gn/T/playwright_chromiumdev_profile-ezcTHz --remote-debugging-pipe --no-startup-window[22m
    [2m  - <launched> pid=18916[22m
    [2m  - [pid=18916][err] [0913/214044.434898:ERROR:base/power_monitor/thermal_state_observer_mac.mm:140] ThermalStateObserverMac unable to register to power notifications. Result: 9[22m
    [2m  - [pid=18916][err] [0913/214044.436482:ERROR:net/dns/dns_config_service_posix.cc:138] DNS config watch failed to start.[22m
    [2m  - [pid=18916][err] [0913/214044.436846:FATAL:base/apple/mach_port_rendezvous_mac.cc:159] Check failed: kr == KERN_SUCCESS. bootstrap_check_in org.chromium.Chromium.MachPortRendezvousServer.18916: Permission denied (1100)[22m
    [2m  - [pid=18916] <gracefully close start>[22m
    [2m  - [pid=18916] <kill>[22m
    [2m  - [pid=18916] <will force kill>[22m
    [2m  - [pid=18916] exception while trying to kill process: Error: kill EPERM[22m
    [2m  - [pid=18916] <process did exit: exitCode=null, signal=SIGTRAP>[22m
    [2m  - [pid=18916] starting temporary directories cleanup[22m
    [2m  - [pid=18916] finished temporary directories cleanup[22m
    [2m  - [pid=18916] <gracefully close end>[22m


    Error Context: test-results/tools-tool-pages-render-wi-2db71-on-ncu-below-ground-renders-chromium/error-context.md

  16) [chromium] › e2e/tools.spec.ts:69:9 › tool pages render with hero, diagram and explanation › simple-link-budget renders 

    Error: browserType.launch: Target page, context or browser has been closed
    Browser logs:

    <launching> /Users/pc141/Library/Caches/ms-playwright/chromium_headless_shell-1223/chrome-headless-shell-mac-arm64/chrome-headless-shell --disable-field-trial-config --disable-background-networking --disable-background-timer-throttling --disable-backgrounding-occluded-windows --disable-back-forward-cache --disable-breakpad --disable-client-side-phishing-detection --disable-component-extensions-with-background-pages --disable-component-update --no-default-browser-check --disable-default-apps --disable-dev-shm-usage --disable-edgeupdater --disable-extensions --disable-features=AvoidUnnecessaryBeforeUnloadCheckSync,BoundaryEventDispatchTracksNodeRemoval,DestroyProfileOnBrowserClose,DialMediaRouteProvider,GlobalMediaControls,HttpsUpgrades,LensOverlay,MediaRouter,PaintHolding,ThirdPartyStoragePartitioning,Translate,AutoDeElevate,RenderDocument,OptimizationHints,msForceBrowserSignIn,msEdgeUpdateLaunchServicesPreferredVersion --enable-features=CDPScreenshotNewSurface --allow-pre-commit-input --disable-hang-monitor --disable-ipc-flooding-protection --disable-popup-blocking --disable-prompt-on-repost --disable-renderer-backgrounding --force-color-profile=srgb --metrics-recording-only --no-first-run --password-store=basic --use-mock-keychain --no-service-autorun --export-tagged-pdf --disable-search-engine-choice-screen --unsafely-disable-devtools-self-xss-warnings --edge-skip-compat-layer-relaunch --disable-infobars --disable-search-engine-choice-screen --disable-sync --enable-unsafe-swiftshader --headless --hide-scrollbars --mute-audio --blink-settings=primaryHoverType=2,availableHoverTypes=2,primaryPointerType=4,availablePointerTypes=4 --no-sandbox --user-data-dir=/var/folders/xx/vhn9ccgd6fn1yqgjn398gppw0000gn/T/playwright_chromiumdev_profile-aowtqX --remote-debugging-pipe --no-startup-window
    <launched> pid=18918
    [pid=18918][err] [0913/214044.629706:ERROR:base/power_monitor/thermal_state_observer_mac.mm:140] ThermalStateObserverMac unable to register to power notifications. Result: 9
    [pid=18918][err] [0913/214044.631316:ERROR:net/dns/dns_config_service_posix.cc:138] DNS config watch failed to start.
    [pid=18918][err] [0913/214044.631640:FATAL:base/apple/mach_port_rendezvous_mac.cc:159] Check failed: kr == KERN_SUCCESS. bootstrap_check_in org.chromium.Chromium.MachPortRendezvousServer.18918: Permission denied (1100)
    Call log:
    [2m  - <launching> /Users/pc141/Library/Caches/ms-playwright/chromium_headless_shell-1223/chrome-headless-shell-mac-arm64/chrome-headless-shell --disable-field-trial-config --disable-background-networking --disable-background-timer-throttling --disable-backgrounding-occluded-windows --disable-back-forward-cache --disable-breakpad --disable-client-side-phishing-detection --disable-component-extensions-with-background-pages --disable-component-update --no-default-browser-check --disable-default-apps --disable-dev-shm-usage --disable-edgeupdater --disable-extensions --disable-features=AvoidUnnecessaryBeforeUnloadCheckSync,BoundaryEventDispatchTracksNodeRemoval,DestroyProfileOnBrowserClose,DialMediaRouteProvider,GlobalMediaControls,HttpsUpgrades,LensOverlay,MediaRouter,PaintHolding,ThirdPartyStoragePartitioning,Translate,AutoDeElevate,RenderDocument,OptimizationHints,msForceBrowserSignIn,msEdgeUpdateLaunchServicesPreferredVersion --enable-features=CDPScreenshotNewSurface --allow-pre-commit-input --disable-hang-monitor --disable-ipc-flooding-protection --disable-popup-blocking --disable-prompt-on-repost --disable-renderer-backgrounding --force-color-profile=srgb --metrics-recording-only --no-first-run --password-store=basic --use-mock-keychain --no-service-autorun --export-tagged-pdf --disable-search-engine-choice-screen --unsafely-disable-devtools-self-xss-warnings --edge-skip-compat-layer-relaunch --disable-infobars --disable-search-engine-choice-screen --disable-sync --enable-unsafe-swiftshader --headless --hide-scrollbars --mute-audio --blink-settings=primaryHoverType=2,availableHoverTypes=2,primaryPointerType=4,availablePointerTypes=4 --no-sandbox --user-data-dir=/var/folders/xx/vhn9ccgd6fn1yqgjn398gppw0000gn/T/playwright_chromiumdev_profile-aowtqX --remote-debugging-pipe --no-startup-window[22m
    [2m  - <launched> pid=18918[22m
    [2m  - [pid=18918][err] [0913/214044.629706:ERROR:base/power_monitor/thermal_state_observer_mac.mm:140] ThermalStateObserverMac unable to register to power notifications. Result: 9[22m
    [2m  - [pid=18918][err] [0913/214044.631316:ERROR:net/dns/dns_config_service_posix.cc:138] DNS config watch failed to start.[22m
    [2m  - [pid=18918][err] [0913/214044.631640:FATAL:base/apple/mach_port_rendezvous_mac.cc:159] Check failed: kr == KERN_SUCCESS. bootstrap_check_in org.chromium.Chromium.MachPortRendezvousServer.18918: Permission denied (1100)[22m
    [2m  - [pid=18918] <gracefully close start>[22m
    [2m  - [pid=18918] <kill>[22m
    [2m  - [pid=18918] <will force kill>[22m
    [2m  - [pid=18918] exception while trying to kill process: Error: kill EPERM[22m
    [2m  - [pid=18918] <process did exit: exitCode=null, signal=SIGTRAP>[22m
    [2m  - [pid=18918] starting temporary directories cleanup[22m
    [2m  - [pid=18918] finished temporary directories cleanup[22m
    [2m  - [pid=18918] <gracefully close end>[22m


    Error Context: test-results/tools-tool-pages-render-wi-2322f--simple-link-budget-renders-chromium/error-context.md

  17) [chromium] › e2e/tools.spec.ts:69:9 › tool pages render with hero, diagram and explanation › frequency-wavelength renders 

    Error: browserType.launch: Target page, context or browser has been closed
    Browser logs:

    <launching> /Users/pc141/Library/Caches/ms-playwright/chromium_headless_shell-1223/chrome-headless-shell-mac-arm64/chrome-headless-shell --disable-field-trial-config --disable-background-networking --disable-background-timer-throttling --disable-backgrounding-occluded-windows --disable-back-forward-cache --disable-breakpad --disable-client-side-phishing-detection --disable-component-extensions-with-background-pages --disable-component-update --no-default-browser-check --disable-default-apps --disable-dev-shm-usage --disable-edgeupdater --disable-extensions --disable-features=AvoidUnnecessaryBeforeUnloadCheckSync,BoundaryEventDispatchTracksNodeRemoval,DestroyProfileOnBrowserClose,DialMediaRouteProvider,GlobalMediaControls,HttpsUpgrades,LensOverlay,MediaRouter,PaintHolding,ThirdPartyStoragePartitioning,Translate,AutoDeElevate,RenderDocument,OptimizationHints,msForceBrowserSignIn,msEdgeUpdateLaunchServicesPreferredVersion --enable-features=CDPScreenshotNewSurface --allow-pre-commit-input --disable-hang-monitor --disable-ipc-flooding-protection --disable-popup-blocking --disable-prompt-on-repost --disable-renderer-backgrounding --force-color-profile=srgb --metrics-recording-only --no-first-run --password-store=basic --use-mock-keychain --no-service-autorun --export-tagged-pdf --disable-search-engine-choice-screen --unsafely-disable-devtools-self-xss-warnings --edge-skip-compat-layer-relaunch --disable-infobars --disable-search-engine-choice-screen --disable-sync --enable-unsafe-swiftshader --headless --hide-scrollbars --mute-audio --blink-settings=primaryHoverType=2,availableHoverTypes=2,primaryPointerType=4,availablePointerTypes=4 --no-sandbox --user-data-dir=/var/folders/xx/vhn9ccgd6fn1yqgjn398gppw0000gn/T/playwright_chromiumdev_profile-YdvoBT --remote-debugging-pipe --no-startup-window
    <launched> pid=18920
    [pid=18920][err] [0913/214044.828496:ERROR:base/power_monitor/thermal_state_observer_mac.mm:140] ThermalStateObserverMac unable to register to power notifications. Result: 9
    [pid=18920][err] [0913/214044.830078:ERROR:net/dns/dns_config_service_posix.cc:138] DNS config watch failed to start.
    [pid=18920][err] [0913/214044.830392:FATAL:base/apple/mach_port_rendezvous_mac.cc:159] Check failed: kr == KERN_SUCCESS. bootstrap_check_in org.chromium.Chromium.MachPortRendezvousServer.18920: Permission denied (1100)
    Call log:
    [2m  - <launching> /Users/pc141/Library/Caches/ms-playwright/chromium_headless_shell-1223/chrome-headless-shell-mac-arm64/chrome-headless-shell --disable-field-trial-config --disable-background-networking --disable-background-timer-throttling --disable-backgrounding-occluded-windows --disable-back-forward-cache --disable-breakpad --disable-client-side-phishing-detection --disable-component-extensions-with-background-pages --disable-component-update --no-default-browser-check --disable-default-apps --disable-dev-shm-usage --disable-edgeupdater --disable-extensions --disable-features=AvoidUnnecessaryBeforeUnloadCheckSync,BoundaryEventDispatchTracksNodeRemoval,DestroyProfileOnBrowserClose,DialMediaRouteProvider,GlobalMediaControls,HttpsUpgrades,LensOverlay,MediaRouter,PaintHolding,ThirdPartyStoragePartitioning,Translate,AutoDeElevate,RenderDocument,OptimizationHints,msForceBrowserSignIn,msEdgeUpdateLaunchServicesPreferredVersion --enable-features=CDPScreenshotNewSurface --allow-pre-commit-input --disable-hang-monitor --disable-ipc-flooding-protection --disable-popup-blocking --disable-prompt-on-repost --disable-renderer-backgrounding --force-color-profile=srgb --metrics-recording-only --no-first-run --password-store=basic --use-mock-keychain --no-service-autorun --export-tagged-pdf --disable-search-engine-choice-screen --unsafely-disable-devtools-self-xss-warnings --edge-skip-compat-layer-relaunch --disable-infobars --disable-search-engine-choice-screen --disable-sync --enable-unsafe-swiftshader --headless --hide-scrollbars --mute-audio --blink-settings=primaryHoverType=2,availableHoverTypes=2,primaryPointerType=4,availablePointerTypes=4 --no-sandbox --user-data-dir=/var/folders/xx/vhn9ccgd6fn1yqgjn398gppw0000gn/T/playwright_chromiumdev_profile-YdvoBT --remote-debugging-pipe --no-startup-window[22m
    [2m  - <launched> pid=18920[22m
    [2m  - [pid=18920][err] [0913/214044.828496:ERROR:base/power_monitor/thermal_state_observer_mac.mm:140] ThermalStateObserverMac unable to register to power notifications. Result: 9[22m
    [2m  - [pid=18920][err] [0913/214044.830078:ERROR:net/dns/dns_config_service_posix.cc:138] DNS config watch failed to start.[22m
    [2m  - [pid=18920][err] [0913/214044.830392:FATAL:base/apple/mach_port_rendezvous_mac.cc:159] Check failed: kr == KERN_SUCCESS. bootstrap_check_in org.chromium.Chromium.MachPortRendezvousServer.18920: Permission denied (1100)[22m
    [2m  - [pid=18920] <gracefully close start>[22m
    [2m  - [pid=18920] <kill>[22m
    [2m  - [pid=18920] <will force kill>[22m
    [2m  - [pid=18920] exception while trying to kill process: Error: kill EPERM[22m
    [2m  - [pid=18920] <process did exit: exitCode=null, signal=SIGTRAP>[22m
    [2m  - [pid=18920] starting temporary directories cleanup[22m
    [2m  - [pid=18920] finished temporary directories cleanup[22m
    [2m  - [pid=18920] <gracefully close end>[22m


    Error Context: test-results/tools-tool-pages-render-wi-d59d6-requency-wavelength-renders-chromium/error-context.md

  18) [chromium] › e2e/tools.spec.ts:69:9 › tool pages render with hero, diagram and explanation › dbm-converter renders 

    Error: browserType.launch: Target page, context or browser has been closed
    Browser logs:

    <launching> /Users/pc141/Library/Caches/ms-playwright/chromium_headless_shell-1223/chrome-headless-shell-mac-arm64/chrome-headless-shell --disable-field-trial-config --disable-background-networking --disable-background-timer-throttling --disable-backgrounding-occluded-windows --disable-back-forward-cache --disable-breakpad --disable-client-side-phishing-detection --disable-component-extensions-with-background-pages --disable-component-update --no-default-browser-check --disable-default-apps --disable-dev-shm-usage --disable-edgeupdater --disable-extensions --disable-features=AvoidUnnecessaryBeforeUnloadCheckSync,BoundaryEventDispatchTracksNodeRemoval,DestroyProfileOnBrowserClose,DialMediaRouteProvider,GlobalMediaControls,HttpsUpgrades,LensOverlay,MediaRouter,PaintHolding,ThirdPartyStoragePartitioning,Translate,AutoDeElevate,RenderDocument,OptimizationHints,msForceBrowserSignIn,msEdgeUpdateLaunchServicesPreferredVersion --enable-features=CDPScreenshotNewSurface --allow-pre-commit-input --disable-hang-monitor --disable-ipc-flooding-protection --disable-popup-blocking --disable-prompt-on-repost --disable-renderer-backgrounding --force-color-profile=srgb --metrics-recording-only --no-first-run --password-store=basic --use-mock-keychain --no-service-autorun --export-tagged-pdf --disable-search-engine-choice-screen --unsafely-disable-devtools-self-xss-warnings --edge-skip-compat-layer-relaunch --disable-infobars --disable-search-engine-choice-screen --disable-sync --enable-unsafe-swiftshader --headless --hide-scrollbars --mute-audio --blink-settings=primaryHoverType=2,availableHoverTypes=2,primaryPointerType=4,availablePointerTypes=4 --no-sandbox --user-data-dir=/var/folders/xx/vhn9ccgd6fn1yqgjn398gppw0000gn/T/playwright_chromiumdev_profile-TGHdxU --remote-debugging-pipe --no-startup-window
    <launched> pid=18922
    [pid=18922][err] [0913/214045.037807:ERROR:base/power_monitor/thermal_state_observer_mac.mm:140] ThermalStateObserverMac unable to register to power notifications. Result: 9
    [pid=18922][err] [0913/214045.039544:ERROR:net/dns/dns_config_service_posix.cc:138] DNS config watch failed to start.
    [pid=18922][err] [0913/214045.039861:FATAL:base/apple/mach_port_rendezvous_mac.cc:159] Check failed: kr == KERN_SUCCESS. bootstrap_check_in org.chromium.Chromium.MachPortRendezvousServer.18922: Permission denied (1100)
    Call log:
    [2m  - <launching> /Users/pc141/Library/Caches/ms-playwright/chromium_headless_shell-1223/chrome-headless-shell-mac-arm64/chrome-headless-shell --disable-field-trial-config --disable-background-networking --disable-background-timer-throttling --disable-backgrounding-occluded-windows --disable-back-forward-cache --disable-breakpad --disable-client-side-phishing-detection --disable-component-extensions-with-background-pages --disable-component-update --no-default-browser-check --disable-default-apps --disable-dev-shm-usage --disable-edgeupdater --disable-extensions --disable-features=AvoidUnnecessaryBeforeUnloadCheckSync,BoundaryEventDispatchTracksNodeRemoval,DestroyProfileOnBrowserClose,DialMediaRouteProvider,GlobalMediaControls,HttpsUpgrades,LensOverlay,MediaRouter,PaintHolding,ThirdPartyStoragePartitioning,Translate,AutoDeElevate,RenderDocument,OptimizationHints,msForceBrowserSignIn,msEdgeUpdateLaunchServicesPreferredVersion --enable-features=CDPScreenshotNewSurface --allow-pre-commit-input --disable-hang-monitor --disable-ipc-flooding-protection --disable-popup-blocking --disable-prompt-on-repost --disable-renderer-backgrounding --force-color-profile=srgb --metrics-recording-only --no-first-run --password-store=basic --use-mock-keychain --no-service-autorun --export-tagged-pdf --disable-search-engine-choice-screen --unsafely-disable-devtools-self-xss-warnings --edge-skip-compat-layer-relaunch --disable-infobars --disable-search-engine-choice-screen --disable-sync --enable-unsafe-swiftshader --headless --hide-scrollbars --mute-audio --blink-settings=primaryHoverType=2,availableHoverTypes=2,primaryPointerType=4,availablePointerTypes=4 --no-sandbox --user-data-dir=/var/folders/xx/vhn9ccgd6fn1yqgjn398gppw0000gn/T/playwright_chromiumdev_profile-TGHdxU --remote-debugging-pipe --no-startup-window[22m
    [2m  - <launched> pid=18922[22m
    [2m  - [pid=18922][err] [0913/214045.037807:ERROR:base/power_monitor/thermal_state_observer_mac.mm:140] ThermalStateObserverMac unable to register to power notifications. Result: 9[22m
    [2m  - [pid=18922][err] [0913/214045.039544:ERROR:net/dns/dns_config_service_posix.cc:138] DNS config watch failed to start.[22m
    [2m  - [pid=18922][err] [0913/214045.039861:FATAL:base/apple/mach_port_rendezvous_mac.cc:159] Check failed: kr == KERN_SUCCESS. bootstrap_check_in org.chromium.Chromium.MachPortRendezvousServer.18922: Permission denied (1100)[22m
    [2m  - [pid=18922] <gracefully close start>[22m
    [2m  - [pid=18922] <kill>[22m
    [2m  - [pid=18922] <will force kill>[22m
    [2m  - [pid=18922] exception while trying to kill process: Error: kill EPERM[22m
    [2m  - [pid=18922] <process did exit: exitCode=null, signal=SIGTRAP>[22m
    [2m  - [pid=18922] starting temporary directories cleanup[22m
    [2m  - [pid=18922] finished temporary directories cleanup[22m
    [2m  - [pid=18922] <gracefully close end>[22m


    Error Context: test-results/tools-tool-pages-render-wi-915bc-ation-dbm-converter-renders-chromium/error-context.md

  19) [chromium] › e2e/tools.spec.ts:69:9 › tool pages render with hero, diagram and explanation › db-feel renders 

    Error: browserType.launch: Target page, context or browser has been closed
    Browser logs:

    <launching> /Users/pc141/Library/Caches/ms-playwright/chromium_headless_shell-1223/chrome-headless-shell-mac-arm64/chrome-headless-shell --disable-field-trial-config --disable-background-networking --disable-background-timer-throttling --disable-backgrounding-occluded-windows --disable-back-forward-cache --disable-breakpad --disable-client-side-phishing-detection --disable-component-extensions-with-background-pages --disable-component-update --no-default-browser-check --disable-default-apps --disable-dev-shm-usage --disable-edgeupdater --disable-extensions --disable-features=AvoidUnnecessaryBeforeUnloadCheckSync,BoundaryEventDispatchTracksNodeRemoval,DestroyProfileOnBrowserClose,DialMediaRouteProvider,GlobalMediaControls,HttpsUpgrades,LensOverlay,MediaRouter,PaintHolding,ThirdPartyStoragePartitioning,Translate,AutoDeElevate,RenderDocument,OptimizationHints,msForceBrowserSignIn,msEdgeUpdateLaunchServicesPreferredVersion --enable-features=CDPScreenshotNewSurface --allow-pre-commit-input --disable-hang-monitor --disable-ipc-flooding-protection --disable-popup-blocking --disable-prompt-on-repost --disable-renderer-backgrounding --force-color-profile=srgb --metrics-recording-only --no-first-run --password-store=basic --use-mock-keychain --no-service-autorun --export-tagged-pdf --disable-search-engine-choice-screen --unsafely-disable-devtools-self-xss-warnings --edge-skip-compat-layer-relaunch --disable-infobars --disable-search-engine-choice-screen --disable-sync --enable-unsafe-swiftshader --headless --hide-scrollbars --mute-audio --blink-settings=primaryHoverType=2,availableHoverTypes=2,primaryPointerType=4,availablePointerTypes=4 --no-sandbox --user-data-dir=/var/folders/xx/vhn9ccgd6fn1yqgjn398gppw0000gn/T/playwright_chromiumdev_profile-aeK54k --remote-debugging-pipe --no-startup-window
    <launched> pid=18924
    [pid=18924][err] [0913/214045.237701:ERROR:base/power_monitor/thermal_state_observer_mac.mm:140] ThermalStateObserverMac unable to register to power notifications. Result: 9
    [pid=18924][err] [0913/214045.239262:ERROR:net/dns/dns_config_service_posix.cc:138] DNS config watch failed to start.
    [pid=18924][err] [0913/214045.239681:FATAL:base/apple/mach_port_rendezvous_mac.cc:159] Check failed: kr == KERN_SUCCESS. bootstrap_check_in org.chromium.Chromium.MachPortRendezvousServer.18924: Permission denied (1100)
    Call log:
    [2m  - <launching> /Users/pc141/Library/Caches/ms-playwright/chromium_headless_shell-1223/chrome-headless-shell-mac-arm64/chrome-headless-shell --disable-field-trial-config --disable-background-networking --disable-background-timer-throttling --disable-backgrounding-occluded-windows --disable-back-forward-cache --disable-breakpad --disable-client-side-phishing-detection --disable-component-extensions-with-background-pages --disable-component-update --no-default-browser-check --disable-default-apps --disable-dev-shm-usage --disable-edgeupdater --disable-extensions --disable-features=AvoidUnnecessaryBeforeUnloadCheckSync,BoundaryEventDispatchTracksNodeRemoval,DestroyProfileOnBrowserClose,DialMediaRouteProvider,GlobalMediaControls,HttpsUpgrades,LensOverlay,MediaRouter,PaintHolding,ThirdPartyStoragePartitioning,Translate,AutoDeElevate,RenderDocument,OptimizationHints,msForceBrowserSignIn,msEdgeUpdateLaunchServicesPreferredVersion --enable-features=CDPScreenshotNewSurface --allow-pre-commit-input --disable-hang-monitor --disable-ipc-flooding-protection --disable-popup-blocking --disable-prompt-on-repost --disable-renderer-backgrounding --force-color-profile=srgb --metrics-recording-only --no-first-run --password-store=basic --use-mock-keychain --no-service-autorun --export-tagged-pdf --disable-search-engine-choice-screen --unsafely-disable-devtools-self-xss-warnings --edge-skip-compat-layer-relaunch --disable-infobars --disable-search-engine-choice-screen --disable-sync --enable-unsafe-swiftshader --headless --hide-scrollbars --mute-audio --blink-settings=primaryHoverType=2,availableHoverTypes=2,primaryPointerType=4,availablePointerTypes=4 --no-sandbox --user-data-dir=/var/folders/xx/vhn9ccgd6fn1yqgjn398gppw0000gn/T/playwright_chromiumdev_profile-aeK54k --remote-debugging-pipe --no-startup-window[22m
    [2m  - <launched> pid=18924[22m
    [2m  - [pid=18924][err] [0913/214045.237701:ERROR:base/power_monitor/thermal_state_observer_mac.mm:140] ThermalStateObserverMac unable to register to power notifications. Result: 9[22m
    [2m  - [pid=18924][err] [0913/214045.239262:ERROR:net/dns/dns_config_service_posix.cc:138] DNS config watch failed to start.[22m
    [2m  - [pid=18924][err] [0913/214045.239681:FATAL:base/apple/mach_port_rendezvous_mac.cc:159] Check failed: kr == KERN_SUCCESS. bootstrap_check_in org.chromium.Chromium.MachPortRendezvousServer.18924: Permission denied (1100)[22m
    [2m  - [pid=18924] <gracefully close start>[22m
    [2m  - [pid=18924] <kill>[22m
    [2m  - [pid=18924] <will force kill>[22m
    [2m  - [pid=18924] exception while trying to kill process: Error: kill EPERM[22m
    [2m  - [pid=18924] <process did exit: exitCode=null, signal=SIGTRAP>[22m
    [2m  - [pid=18924] starting temporary directories cleanup[22m
    [2m  - [pid=18924] finished temporary directories cleanup[22m
    [2m  - [pid=18924] <gracefully close end>[22m


    Error Context: test-results/tools-tool-pages-render-wi-60970-explanation-db-feel-renders-chromium/error-context.md

  20) [chromium] › e2e/tools.spec.ts:69:9 › tool pages render with hero, diagram and explanation › free-space-loss renders 

    Error: browserType.launch: Target page, context or browser has been closed
    Browser logs:

    <launching> /Users/pc141/Library/Caches/ms-playwright/chromium_headless_shell-1223/chrome-headless-shell-mac-arm64/chrome-headless-shell --disable-field-trial-config --disable-background-networking --disable-background-timer-throttling --disable-backgrounding-occluded-windows --disable-back-forward-cache --disable-breakpad --disable-client-side-phishing-detection --disable-component-extensions-with-background-pages --disable-component-update --no-default-browser-check --disable-default-apps --disable-dev-shm-usage --disable-edgeupdater --disable-extensions --disable-features=AvoidUnnecessaryBeforeUnloadCheckSync,BoundaryEventDispatchTracksNodeRemoval,DestroyProfileOnBrowserClose,DialMediaRouteProvider,GlobalMediaControls,HttpsUpgrades,LensOverlay,MediaRouter,PaintHolding,ThirdPartyStoragePartitioning,Translate,AutoDeElevate,RenderDocument,OptimizationHints,msForceBrowserSignIn,msEdgeUpdateLaunchServicesPreferredVersion --enable-features=CDPScreenshotNewSurface --allow-pre-commit-input --disable-hang-monitor --disable-ipc-flooding-protection --disable-popup-blocking --disable-prompt-on-repost --disable-renderer-backgrounding --force-color-profile=srgb --metrics-recording-only --no-first-run --password-store=basic --use-mock-keychain --no-service-autorun --export-tagged-pdf --disable-search-engine-choice-screen --unsafely-disable-devtools-self-xss-warnings --edge-skip-compat-layer-relaunch --disable-infobars --disable-search-engine-choice-screen --disable-sync --enable-unsafe-swiftshader --headless --hide-scrollbars --mute-audio --blink-settings=primaryHoverType=2,availableHoverTypes=2,primaryPointerType=4,availablePointerTypes=4 --no-sandbox --user-data-dir=/var/folders/xx/vhn9ccgd6fn1yqgjn398gppw0000gn/T/playwright_chromiumdev_profile-h3XOgx --remote-debugging-pipe --no-startup-window
    <launched> pid=18926
    [pid=18926][err] [0913/214045.442938:ERROR:base/power_monitor/thermal_state_observer_mac.mm:140] ThermalStateObserverMac unable to register to power notifications. Result: 9
    [pid=18926][err] [0913/214045.445012:ERROR:net/dns/dns_config_service_posix.cc:138] DNS config watch failed to start.
    [pid=18926][err] [0913/214045.445409:FATAL:base/apple/mach_port_rendezvous_mac.cc:159] Check failed: kr == KERN_SUCCESS. bootstrap_check_in org.chromium.Chromium.MachPortRendezvousServer.18926: Permission denied (1100)
    Call log:
    [2m  - <launching> /Users/pc141/Library/Caches/ms-playwright/chromium_headless_shell-1223/chrome-headless-shell-mac-arm64/chrome-headless-shell --disable-field-trial-config --disable-background-networking --disable-background-timer-throttling --disable-backgrounding-occluded-windows --disable-back-forward-cache --disable-breakpad --disable-client-side-phishing-detection --disable-component-extensions-with-background-pages --disable-component-update --no-default-browser-check --disable-default-apps --disable-dev-shm-usage --disable-edgeupdater --disable-extensions --disable-features=AvoidUnnecessaryBeforeUnloadCheckSync,BoundaryEventDispatchTracksNodeRemoval,DestroyProfileOnBrowserClose,DialMediaRouteProvider,GlobalMediaControls,HttpsUpgrades,LensOverlay,MediaRouter,PaintHolding,ThirdPartyStoragePartitioning,Translate,AutoDeElevate,RenderDocument,OptimizationHints,msForceBrowserSignIn,msEdgeUpdateLaunchServicesPreferredVersion --enable-features=CDPScreenshotNewSurface --allow-pre-commit-input --disable-hang-monitor --disable-ipc-flooding-protection --disable-popup-blocking --disable-prompt-on-repost --disable-renderer-backgrounding --force-color-profile=srgb --metrics-recording-only --no-first-run --password-store=basic --use-mock-keychain --no-service-autorun --export-tagged-pdf --disable-search-engine-choice-screen --unsafely-disable-devtools-self-xss-warnings --edge-skip-compat-layer-relaunch --disable-infobars --disable-search-engine-choice-screen --disable-sync --enable-unsafe-swiftshader --headless --hide-scrollbars --mute-audio --blink-settings=primaryHoverType=2,availableHoverTypes=2,primaryPointerType=4,availablePointerTypes=4 --no-sandbox --user-data-dir=/var/folders/xx/vhn9ccgd6fn1yqgjn398gppw0000gn/T/playwright_chromiumdev_profile-h3XOgx --remote-debugging-pipe --no-startup-window[22m
    [2m  - <launched> pid=18926[22m
    [2m  - [pid=18926][err] [0913/214045.442938:ERROR:base/power_monitor/thermal_state_observer_mac.mm:140] ThermalStateObserverMac unable to register to power notifications. Result: 9[22m
    [2m  - [pid=18926][err] [0913/214045.445012:ERROR:net/dns/dns_config_service_posix.cc:138] DNS config watch failed to start.[22m
    [2m  - [pid=18926][err] [0913/214045.445409:FATAL:base/apple/mach_port_rendezvous_mac.cc:159] Check failed: kr == KERN_SUCCESS. bootstrap_check_in org.chromium.Chromium.MachPortRendezvousServer.18926: Permission denied (1100)[22m
    [2m  - [pid=18926] <gracefully close start>[22m
    [2m  - [pid=18926] <kill>[22m
    [2m  - [pid=18926] <will force kill>[22m
    [2m  - [pid=18926] exception while trying to kill process: Error: kill EPERM[22m
    [2m  - [pid=18926] <process did exit: exitCode=null, signal=SIGTRAP>[22m
    [2m  - [pid=18926] starting temporary directories cleanup[22m
    [2m  - [pid=18926] finished temporary directories cleanup[22m
    [2m  - [pid=18926] <gracefully close end>[22m


    Error Context: test-results/tools-tool-pages-render-wi-686e9-ion-free-space-loss-renders-chromium/error-context.md

  21) [chromium] › e2e/tools.spec.ts:69:9 › tool pages render with hero, diagram and explanation › wall-penetration renders 

    Error: browserType.launch: Target page, context or browser has been closed
    Browser logs:

    <launching> /Users/pc141/Library/Caches/ms-playwright/chromium_headless_shell-1223/chrome-headless-shell-mac-arm64/chrome-headless-shell --disable-field-trial-config --disable-background-networking --disable-background-timer-throttling --disable-backgrounding-occluded-windows --disable-back-forward-cache --disable-breakpad --disable-client-side-phishing-detection --disable-component-extensions-with-background-pages --disable-component-update --no-default-browser-check --disable-default-apps --disable-dev-shm-usage --disable-edgeupdater --disable-extensions --disable-features=AvoidUnnecessaryBeforeUnloadCheckSync,BoundaryEventDispatchTracksNodeRemoval,DestroyProfileOnBrowserClose,DialMediaRouteProvider,GlobalMediaControls,HttpsUpgrades,LensOverlay,MediaRouter,PaintHolding,ThirdPartyStoragePartitioning,Translate,AutoDeElevate,RenderDocument,OptimizationHints,msForceBrowserSignIn,msEdgeUpdateLaunchServicesPreferredVersion --enable-features=CDPScreenshotNewSurface --allow-pre-commit-input --disable-hang-monitor --disable-ipc-flooding-protection --disable-popup-blocking --disable-prompt-on-repost --disable-renderer-backgrounding --force-color-profile=srgb --metrics-recording-only --no-first-run --password-store=basic --use-mock-keychain --no-service-autorun --export-tagged-pdf --disable-search-engine-choice-screen --unsafely-disable-devtools-self-xss-warnings --edge-skip-compat-layer-relaunch --disable-infobars --disable-search-engine-choice-screen --disable-sync --enable-unsafe-swiftshader --headless --hide-scrollbars --mute-audio --blink-settings=primaryHoverType=2,availableHoverTypes=2,primaryPointerType=4,availablePointerTypes=4 --no-sandbox --user-data-dir=/var/folders/xx/vhn9ccgd6fn1yqgjn398gppw0000gn/T/playwright_chromiumdev_profile-bbcNtK --remote-debugging-pipe --no-startup-window
    <launched> pid=18928
    [pid=18928][err] [0913/214045.647850:ERROR:base/power_monitor/thermal_state_observer_mac.mm:140] ThermalStateObserverMac unable to register to power notifications. Result: 9
    [pid=18928][err] [0913/214045.649467:ERROR:net/dns/dns_config_service_posix.cc:138] DNS config watch failed to start.
    [pid=18928][err] [0913/214045.649791:FATAL:base/apple/mach_port_rendezvous_mac.cc:159] Check failed: kr == KERN_SUCCESS. bootstrap_check_in org.chromium.Chromium.MachPortRendezvousServer.18928: Permission denied (1100)
    Call log:
    [2m  - <launching> /Users/pc141/Library/Caches/ms-playwright/chromium_headless_shell-1223/chrome-headless-shell-mac-arm64/chrome-headless-shell --disable-field-trial-config --disable-background-networking --disable-background-timer-throttling --disable-backgrounding-occluded-windows --disable-back-forward-cache --disable-breakpad --disable-client-side-phishing-detection --disable-component-extensions-with-background-pages --disable-component-update --no-default-browser-check --disable-default-apps --disable-dev-shm-usage --disable-edgeupdater --disable-extensions --disable-features=AvoidUnnecessaryBeforeUnloadCheckSync,BoundaryEventDispatchTracksNodeRemoval,DestroyProfileOnBrowserClose,DialMediaRouteProvider,GlobalMediaControls,HttpsUpgrades,LensOverlay,MediaRouter,PaintHolding,ThirdPartyStoragePartitioning,Translate,AutoDeElevate,RenderDocument,OptimizationHints,msForceBrowserSignIn,msEdgeUpdateLaunchServicesPreferredVersion --enable-features=CDPScreenshotNewSurface --allow-pre-commit-input --disable-hang-monitor --disable-ipc-flooding-protection --disable-popup-blocking --disable-prompt-on-repost --disable-renderer-backgrounding --force-color-profile=srgb --metrics-recording-only --no-first-run --password-store=basic --use-mock-keychain --no-service-autorun --export-tagged-pdf --disable-search-engine-choice-screen --unsafely-disable-devtools-self-xss-warnings --edge-skip-compat-layer-relaunch --disable-infobars --disable-search-engine-choice-screen --disable-sync --enable-unsafe-swiftshader --headless --hide-scrollbars --mute-audio --blink-settings=primaryHoverType=2,availableHoverTypes=2,primaryPointerType=4,availablePointerTypes=4 --no-sandbox --user-data-dir=/var/folders/xx/vhn9ccgd6fn1yqgjn398gppw0000gn/T/playwright_chromiumdev_profile-bbcNtK --remote-debugging-pipe --no-startup-window[22m
    [2m  - <launched> pid=18928[22m
    [2m  - [pid=18928][err] [0913/214045.647850:ERROR:base/power_monitor/thermal_state_observer_mac.mm:140] ThermalStateObserverMac unable to register to power notifications. Result: 9[22m
    [2m  - [pid=18928][err] [0913/214045.649467:ERROR:net/dns/dns_config_service_posix.cc:138] DNS config watch failed to start.[22m
    [2m  - [pid=18928][err] [0913/214045.649791:FATAL:base/apple/mach_port_rendezvous_mac.cc:159] Check failed: kr == KERN_SUCCESS. bootstrap_check_in org.chromium.Chromium.MachPortRendezvousServer.18928: Permission denied (1100)[22m
    [2m  - [pid=18928] <gracefully close start>[22m
    [2m  - [pid=18928] <kill>[22m
    [2m  - [pid=18928] <will force kill>[22m
    [2m  - [pid=18928] exception while trying to kill process: Error: kill EPERM[22m
    [2m  - [pid=18928] <process did exit: exitCode=null, signal=SIGTRAP>[22m
    [2m  - [pid=18928] starting temporary directories cleanup[22m
    [2m  - [pid=18928] finished temporary directories cleanup[22m
    [2m  - [pid=18928] <gracefully close end>[22m


    Error Context: test-results/tools-tool-pages-render-wi-9eb27-on-wall-penetration-renders-chromium/error-context.md

  22) [chromium] › e2e/tools.spec.ts:69:9 › tool pages render with hero, diagram and explanation › ifa-initial-dimensions renders 

    Error: browserType.launch: Target page, context or browser has been closed
    Browser logs:

    <launching> /Users/pc141/Library/Caches/ms-playwright/chromium_headless_shell-1223/chrome-headless-shell-mac-arm64/chrome-headless-shell --disable-field-trial-config --disable-background-networking --disable-background-timer-throttling --disable-backgrounding-occluded-windows --disable-back-forward-cache --disable-breakpad --disable-client-side-phishing-detection --disable-component-extensions-with-background-pages --disable-component-update --no-default-browser-check --disable-default-apps --disable-dev-shm-usage --disable-edgeupdater --disable-extensions --disable-features=AvoidUnnecessaryBeforeUnloadCheckSync,BoundaryEventDispatchTracksNodeRemoval,DestroyProfileOnBrowserClose,DialMediaRouteProvider,GlobalMediaControls,HttpsUpgrades,LensOverlay,MediaRouter,PaintHolding,ThirdPartyStoragePartitioning,Translate,AutoDeElevate,RenderDocument,OptimizationHints,msForceBrowserSignIn,msEdgeUpdateLaunchServicesPreferredVersion --enable-features=CDPScreenshotNewSurface --allow-pre-commit-input --disable-hang-monitor --disable-ipc-flooding-protection --disable-popup-blocking --disable-prompt-on-repost --disable-renderer-backgrounding --force-color-profile=srgb --metrics-recording-only --no-first-run --password-store=basic --use-mock-keychain --no-service-autorun --export-tagged-pdf --disable-search-engine-choice-screen --unsafely-disable-devtools-self-xss-warnings --edge-skip-compat-layer-relaunch --disable-infobars --disable-search-engine-choice-screen --disable-sync --enable-unsafe-swiftshader --headless --hide-scrollbars --mute-audio --blink-settings=primaryHoverType=2,availableHoverTypes=2,primaryPointerType=4,availablePointerTypes=4 --no-sandbox --user-data-dir=/var/folders/xx/vhn9ccgd6fn1yqgjn398gppw0000gn/T/playwright_chromiumdev_profile-GFz7a8 --remote-debugging-pipe --no-startup-window
    <launched> pid=18930
    [pid=18930][err] [0913/214045.849498:ERROR:base/power_monitor/thermal_state_observer_mac.mm:140] ThermalStateObserverMac unable to register to power notifications. Result: 9
    [pid=18930][err] [0913/214045.851278:ERROR:net/dns/dns_config_service_posix.cc:138] DNS config watch failed to start.
    [pid=18930][err] [0913/214045.851592:FATAL:base/apple/mach_port_rendezvous_mac.cc:159] Check failed: kr == KERN_SUCCESS. bootstrap_check_in org.chromium.Chromium.MachPortRendezvousServer.18930: Permission denied (1100)
    Call log:
    [2m  - <launching> /Users/pc141/Library/Caches/ms-playwright/chromium_headless_shell-1223/chrome-headless-shell-mac-arm64/chrome-headless-shell --disable-field-trial-config --disable-background-networking --disable-background-timer-throttling --disable-backgrounding-occluded-windows --disable-back-forward-cache --disable-breakpad --disable-client-side-phishing-detection --disable-component-extensions-with-background-pages --disable-component-update --no-default-browser-check --disable-default-apps --disable-dev-shm-usage --disable-edgeupdater --disable-extensions --disable-features=AvoidUnnecessaryBeforeUnloadCheckSync,BoundaryEventDispatchTracksNodeRemoval,DestroyProfileOnBrowserClose,DialMediaRouteProvider,GlobalMediaControls,HttpsUpgrades,LensOverlay,MediaRouter,PaintHolding,ThirdPartyStoragePartitioning,Translate,AutoDeElevate,RenderDocument,OptimizationHints,msForceBrowserSignIn,msEdgeUpdateLaunchServicesPreferredVersion --enable-features=CDPScreenshotNewSurface --allow-pre-commit-input --disable-hang-monitor --disable-ipc-flooding-protection --disable-popup-blocking --disable-prompt-on-repost --disable-renderer-backgrounding --force-color-profile=srgb --metrics-recording-only --no-first-run --password-store=basic --use-mock-keychain --no-service-autorun --export-tagged-pdf --disable-search-engine-choice-screen --unsafely-disable-devtools-self-xss-warnings --edge-skip-compat-layer-relaunch --disable-infobars --disable-search-engine-choice-screen --disable-sync --enable-unsafe-swiftshader --headless --hide-scrollbars --mute-audio --blink-settings=primaryHoverType=2,availableHoverTypes=2,primaryPointerType=4,availablePointerTypes=4 --no-sandbox --user-data-dir=/var/folders/xx/vhn9ccgd6fn1yqgjn398gppw0000gn/T/playwright_chromiumdev_profile-GFz7a8 --remote-debugging-pipe --no-startup-window[22m
    [2m  - <launched> pid=18930[22m
    [2m  - [pid=18930][err] [0913/214045.849498:ERROR:base/power_monitor/thermal_state_observer_mac.mm:140] ThermalStateObserverMac unable to register to power notifications. Result: 9[22m
    [2m  - [pid=18930][err] [0913/214045.851278:ERROR:net/dns/dns_config_service_posix.cc:138] DNS config watch failed to start.[22m
    [2m  - [pid=18930][err] [0913/214045.851592:FATAL:base/apple/mach_port_rendezvous_mac.cc:159] Check failed: kr == KERN_SUCCESS. bootstrap_check_in org.chromium.Chromium.MachPortRendezvousServer.18930: Permission denied (1100)[22m
    [2m  - [pid=18930] <gracefully close start>[22m
    [2m  - [pid=18930] <kill>[22m
    [2m  - [pid=18930] <will force kill>[22m
    [2m  - [pid=18930] exception while trying to kill process: Error: kill EPERM[22m
    [2m  - [pid=18930] <process did exit: exitCode=null, signal=SIGTRAP>[22m
    [2m  - [pid=18930] starting temporary directories cleanup[22m
    [2m  - [pid=18930] finished temporary directories cleanup[22m
    [2m  - [pid=18930] <gracefully close end>[22m


    Error Context: test-results/tools-tool-pages-render-wi-8744b--initial-dimensions-renders-chromium/error-context.md

  23) [chromium] › e2e/tools.spec.ts:69:9 › tool pages render with hero, diagram and explanation › l-match renders 

    Error: browserType.launch: Target page, context or browser has been closed
    Browser logs:

    <launching> /Users/pc141/Library/Caches/ms-playwright/chromium_headless_shell-1223/chrome-headless-shell-mac-arm64/chrome-headless-shell --disable-field-trial-config --disable-background-networking --disable-background-timer-throttling --disable-backgrounding-occluded-windows --disable-back-forward-cache --disable-breakpad --disable-client-side-phishing-detection --disable-component-extensions-with-background-pages --disable-component-update --no-default-browser-check --disable-default-apps --disable-dev-shm-usage --disable-edgeupdater --disable-extensions --disable-features=AvoidUnnecessaryBeforeUnloadCheckSync,BoundaryEventDispatchTracksNodeRemoval,DestroyProfileOnBrowserClose,DialMediaRouteProvider,GlobalMediaControls,HttpsUpgrades,LensOverlay,MediaRouter,PaintHolding,ThirdPartyStoragePartitioning,Translate,AutoDeElevate,RenderDocument,OptimizationHints,msForceBrowserSignIn,msEdgeUpdateLaunchServicesPreferredVersion --enable-features=CDPScreenshotNewSurface --allow-pre-commit-input --disable-hang-monitor --disable-ipc-flooding-protection --disable-popup-blocking --disable-prompt-on-repost --disable-renderer-backgrounding --force-color-profile=srgb --metrics-recording-only --no-first-run --password-store=basic --use-mock-keychain --no-service-autorun --export-tagged-pdf --disable-search-engine-choice-screen --unsafely-disable-devtools-self-xss-warnings --edge-skip-compat-layer-relaunch --disable-infobars --disable-search-engine-choice-screen --disable-sync --enable-unsafe-swiftshader --headless --hide-scrollbars --mute-audio --blink-settings=primaryHoverType=2,availableHoverTypes=2,primaryPointerType=4,availablePointerTypes=4 --no-sandbox --user-data-dir=/var/folders/xx/vhn9ccgd6fn1yqgjn398gppw0000gn/T/playwright_chromiumdev_profile-oSUpIe --remote-debugging-pipe --no-startup-window
    <launched> pid=18932
    [pid=18932][err] [0913/214046.051910:ERROR:base/power_monitor/thermal_state_observer_mac.mm:140] ThermalStateObserverMac unable to register to power notifications. Result: 9
    [pid=18932][err] [0913/214046.053470:ERROR:net/dns/dns_config_service_posix.cc:138] DNS config watch failed to start.
    [pid=18932][err] [0913/214046.053831:FATAL:base/apple/mach_port_rendezvous_mac.cc:159] Check failed: kr == KERN_SUCCESS. bootstrap_check_in org.chromium.Chromium.MachPortRendezvousServer.18932: Permission denied (1100)
    Call log:
    [2m  - <launching> /Users/pc141/Library/Caches/ms-playwright/chromium_headless_shell-1223/chrome-headless-shell-mac-arm64/chrome-headless-shell --disable-field-trial-config --disable-background-networking --disable-background-timer-throttling --disable-backgrounding-occluded-windows --disable-back-forward-cache --disable-breakpad --disable-client-side-phishing-detection --disable-component-extensions-with-background-pages --disable-component-update --no-default-browser-check --disable-default-apps --disable-dev-shm-usage --disable-edgeupdater --disable-extensions --disable-features=AvoidUnnecessaryBeforeUnloadCheckSync,BoundaryEventDispatchTracksNodeRemoval,DestroyProfileOnBrowserClose,DialMediaRouteProvider,GlobalMediaControls,HttpsUpgrades,LensOverlay,MediaRouter,PaintHolding,ThirdPartyStoragePartitioning,Translate,AutoDeElevate,RenderDocument,OptimizationHints,msForceBrowserSignIn,msEdgeUpdateLaunchServicesPreferredVersion --enable-features=CDPScreenshotNewSurface --allow-pre-commit-input --disable-hang-monitor --disable-ipc-flooding-protection --disable-popup-blocking --disable-prompt-on-repost --disable-renderer-backgrounding --force-color-profile=srgb --metrics-recording-only --no-first-run --password-store=basic --use-mock-keychain --no-service-autorun --export-tagged-pdf --disable-search-engine-choice-screen --unsafely-disable-devtools-self-xss-warnings --edge-skip-compat-layer-relaunch --disable-infobars --disable-search-engine-choice-screen --disable-sync --enable-unsafe-swiftshader --headless --hide-scrollbars --mute-audio --blink-settings=primaryHoverType=2,availableHoverTypes=2,primaryPointerType=4,availablePointerTypes=4 --no-sandbox --user-data-dir=/var/folders/xx/vhn9ccgd6fn1yqgjn398gppw0000gn/T/playwright_chromiumdev_profile-oSUpIe --remote-debugging-pipe --no-startup-window[22m
    [2m  - <launched> pid=18932[22m
    [2m  - [pid=18932][err] [0913/214046.051910:ERROR:base/power_monitor/thermal_state_observer_mac.mm:140] ThermalStateObserverMac unable to register to power notifications. Result: 9[22m
    [2m  - [pid=18932][err] [0913/214046.053470:ERROR:net/dns/dns_config_service_posix.cc:138] DNS config watch failed to start.[22m
    [2m  - [pid=18932][err] [0913/214046.053831:FATAL:base/apple/mach_port_rendezvous_mac.cc:159] Check failed: kr == KERN_SUCCESS. bootstrap_check_in org.chromium.Chromium.MachPortRendezvousServer.18932: Permission denied (1100)[22m
    [2m  - [pid=18932] <gracefully close start>[22m
    [2m  - [pid=18932] <kill>[22m
    [2m  - [pid=18932] <will force kill>[22m
    [2m  - [pid=18932] exception while trying to kill process: Error: kill EPERM[22m
    [2m  - [pid=18932] <process did exit: exitCode=null, signal=SIGTRAP>[22m
    [2m  - [pid=18932] starting temporary directories cleanup[22m
    [2m  - [pid=18932] finished temporary directories cleanup[22m
    [2m  - [pid=18932] <gracefully close end>[22m


    Error Context: test-results/tools-tool-pages-render-wi-bb2df-explanation-l-match-renders-chromium/error-context.md

  24) [chromium] › e2e/tools.spec.ts:69:9 › tool pages render with hero, diagram and explanation › antenna-isolation renders 

    Error: browserType.launch: Target page, context or browser has been closed
    Browser logs:

    <launching> /Users/pc141/Library/Caches/ms-playwright/chromium_headless_shell-1223/chrome-headless-shell-mac-arm64/chrome-headless-shell --disable-field-trial-config --disable-background-networking --disable-background-timer-throttling --disable-backgrounding-occluded-windows --disable-back-forward-cache --disable-breakpad --disable-client-side-phishing-detection --disable-component-extensions-with-background-pages --disable-component-update --no-default-browser-check --disable-default-apps --disable-dev-shm-usage --disable-edgeupdater --disable-extensions --disable-features=AvoidUnnecessaryBeforeUnloadCheckSync,BoundaryEventDispatchTracksNodeRemoval,DestroyProfileOnBrowserClose,DialMediaRouteProvider,GlobalMediaControls,HttpsUpgrades,LensOverlay,MediaRouter,PaintHolding,ThirdPartyStoragePartitioning,Translate,AutoDeElevate,RenderDocument,OptimizationHints,msForceBrowserSignIn,msEdgeUpdateLaunchServicesPreferredVersion --enable-features=CDPScreenshotNewSurface --allow-pre-commit-input --disable-hang-monitor --disable-ipc-flooding-protection --disable-popup-blocking --disable-prompt-on-repost --disable-renderer-backgrounding --force-color-profile=srgb --metrics-recording-only --no-first-run --password-store=basic --use-mock-keychain --no-service-autorun --export-tagged-pdf --disable-search-engine-choice-screen --unsafely-disable-devtools-self-xss-warnings --edge-skip-compat-layer-relaunch --disable-infobars --disable-search-engine-choice-screen --disable-sync --enable-unsafe-swiftshader --headless --hide-scrollbars --mute-audio --blink-settings=primaryHoverType=2,availableHoverTypes=2,primaryPointerType=4,availablePointerTypes=4 --no-sandbox --user-data-dir=/var/folders/xx/vhn9ccgd6fn1yqgjn398gppw0000gn/T/playwright_chromiumdev_profile-PxFufU --remote-debugging-pipe --no-startup-window
    <launched> pid=18934
    [pid=18934][err] [0913/214046.253680:ERROR:base/power_monitor/thermal_state_observer_mac.mm:140] ThermalStateObserverMac unable to register to power notifications. Result: 9
    [pid=18934][err] [0913/214046.255494:ERROR:net/dns/dns_config_service_posix.cc:138] DNS config watch failed to start.
    [pid=18934][err] [0913/214046.255911:FATAL:base/apple/mach_port_rendezvous_mac.cc:159] Check failed: kr == KERN_SUCCESS. bootstrap_check_in org.chromium.Chromium.MachPortRendezvousServer.18934: Permission denied (1100)
    Call log:
    [2m  - <launching> /Users/pc141/Library/Caches/ms-playwright/chromium_headless_shell-1223/chrome-headless-shell-mac-arm64/chrome-headless-shell --disable-field-trial-config --disable-background-networking --disable-background-timer-throttling --disable-backgrounding-occluded-windows --disable-back-forward-cache --disable-breakpad --disable-client-side-phishing-detection --disable-component-extensions-with-background-pages --disable-component-update --no-default-browser-check --disable-default-apps --disable-dev-shm-usage --disable-edgeupdater --disable-extensions --disable-features=AvoidUnnecessaryBeforeUnloadCheckSync,BoundaryEventDispatchTracksNodeRemoval,DestroyProfileOnBrowserClose,DialMediaRouteProvider,GlobalMediaControls,HttpsUpgrades,LensOverlay,MediaRouter,PaintHolding,ThirdPartyStoragePartitioning,Translate,AutoDeElevate,RenderDocument,OptimizationHints,msForceBrowserSignIn,msEdgeUpdateLaunchServicesPreferredVersion --enable-features=CDPScreenshotNewSurface --allow-pre-commit-input --disable-hang-monitor --disable-ipc-flooding-protection --disable-popup-blocking --disable-prompt-on-repost --disable-renderer-backgrounding --force-color-profile=srgb --metrics-recording-only --no-first-run --password-store=basic --use-mock-keychain --no-service-autorun --export-tagged-pdf --disable-search-engine-choice-screen --unsafely-disable-devtools-self-xss-warnings --edge-skip-compat-layer-relaunch --disable-infobars --disable-search-engine-choice-screen --disable-sync --enable-unsafe-swiftshader --headless --hide-scrollbars --mute-audio --blink-settings=primaryHoverType=2,availableHoverTypes=2,primaryPointerType=4,availablePointerTypes=4 --no-sandbox --user-data-dir=/var/folders/xx/vhn9ccgd6fn1yqgjn398gppw0000gn/T/playwright_chromiumdev_profile-PxFufU --remote-debugging-pipe --no-startup-window[22m
    [2m  - <launched> pid=18934[22m
    [2m  - [pid=18934][err] [0913/214046.253680:ERROR:base/power_monitor/thermal_state_observer_mac.mm:140] ThermalStateObserverMac unable to register to power notifications. Result: 9[22m
    [2m  - [pid=18934][err] [0913/214046.255494:ERROR:net/dns/dns_config_service_posix.cc:138] DNS config watch failed to start.[22m
    [2m  - [pid=18934][err] [0913/214046.255911:FATAL:base/apple/mach_port_rendezvous_mac.cc:159] Check failed: kr == KERN_SUCCESS. bootstrap_check_in org.chromium.Chromium.MachPortRendezvousServer.18934: Permission denied (1100)[22m
    [2m  - [pid=18934] <gracefully close start>[22m
    [2m  - [pid=18934] <kill>[22m
    [2m  - [pid=18934] <will force kill>[22m
    [2m  - [pid=18934] exception while trying to kill process: Error: kill EPERM[22m
    [2m  - [pid=18934] <process did exit: exitCode=null, signal=SIGTRAP>[22m
    [2m  - [pid=18934] starting temporary directories cleanup[22m
    [2m  - [pid=18934] finished temporary directories cleanup[22m
    [2m  - [pid=18934] <gracefully close end>[22m


    Error Context: test-results/tools-tool-pages-render-wi-76de7-n-antenna-isolation-renders-chromium/error-context.md

  25) [chromium] › e2e/tools.spec.ts:69:9 › tool pages render with hero, diagram and explanation › diversity-gain renders 

    Error: browserType.launch: Target page, context or browser has been closed
    Browser logs:

    <launching> /Users/pc141/Library/Caches/ms-playwright/chromium_headless_shell-1223/chrome-headless-shell-mac-arm64/chrome-headless-shell --disable-field-trial-config --disable-background-networking --disable-background-timer-throttling --disable-backgrounding-occluded-windows --disable-back-forward-cache --disable-breakpad --disable-client-side-phishing-detection --disable-component-extensions-with-background-pages --disable-component-update --no-default-browser-check --disable-default-apps --disable-dev-shm-usage --disable-edgeupdater --disable-extensions --disable-features=AvoidUnnecessaryBeforeUnloadCheckSync,BoundaryEventDispatchTracksNodeRemoval,DestroyProfileOnBrowserClose,DialMediaRouteProvider,GlobalMediaControls,HttpsUpgrades,LensOverlay,MediaRouter,PaintHolding,ThirdPartyStoragePartitioning,Translate,AutoDeElevate,RenderDocument,OptimizationHints,msForceBrowserSignIn,msEdgeUpdateLaunchServicesPreferredVersion --enable-features=CDPScreenshotNewSurface --allow-pre-commit-input --disable-hang-monitor --disable-ipc-flooding-protection --disable-popup-blocking --disable-prompt-on-repost --disable-renderer-backgrounding --force-color-profile=srgb --metrics-recording-only --no-first-run --password-store=basic --use-mock-keychain --no-service-autorun --export-tagged-pdf --disable-search-engine-choice-screen --unsafely-disable-devtools-self-xss-warnings --edge-skip-compat-layer-relaunch --disable-infobars --disable-search-engine-choice-screen --disable-sync --enable-unsafe-swiftshader --headless --hide-scrollbars --mute-audio --blink-settings=primaryHoverType=2,availableHoverTypes=2,primaryPointerType=4,availablePointerTypes=4 --no-sandbox --user-data-dir=/var/folders/xx/vhn9ccgd6fn1yqgjn398gppw0000gn/T/playwright_chromiumdev_profile-lNhhIn --remote-debugging-pipe --no-startup-window
    <launched> pid=18936
    [pid=18936][err] [0913/214046.449531:ERROR:base/power_monitor/thermal_state_observer_mac.mm:140] ThermalStateObserverMac unable to register to power notifications. Result: 9
    [pid=18936][err] [0913/214046.451167:ERROR:net/dns/dns_config_service_posix.cc:138] DNS config watch failed to start.
    [pid=18936][err] [0913/214046.451475:FATAL:base/apple/mach_port_rendezvous_mac.cc:159] Check failed: kr == KERN_SUCCESS. bootstrap_check_in org.chromium.Chromium.MachPortRendezvousServer.18936: Permission denied (1100)
    Call log:
    [2m  - <launching> /Users/pc141/Library/Caches/ms-playwright/chromium_headless_shell-1223/chrome-headless-shell-mac-arm64/chrome-headless-shell --disable-field-trial-config --disable-background-networking --disable-background-timer-throttling --disable-backgrounding-occluded-windows --disable-back-forward-cache --disable-breakpad --disable-client-side-phishing-detection --disable-component-extensions-with-background-pages --disable-component-update --no-default-browser-check --disable-default-apps --disable-dev-shm-usage --disable-edgeupdater --disable-extensions --disable-features=AvoidUnnecessaryBeforeUnloadCheckSync,BoundaryEventDispatchTracksNodeRemoval,DestroyProfileOnBrowserClose,DialMediaRouteProvider,GlobalMediaControls,HttpsUpgrades,LensOverlay,MediaRouter,PaintHolding,ThirdPartyStoragePartitioning,Translate,AutoDeElevate,RenderDocument,OptimizationHints,msForceBrowserSignIn,msEdgeUpdateLaunchServicesPreferredVersion --enable-features=CDPScreenshotNewSurface --allow-pre-commit-input --disable-hang-monitor --disable-ipc-flooding-protection --disable-popup-blocking --disable-prompt-on-repost --disable-renderer-backgrounding --force-color-profile=srgb --metrics-recording-only --no-first-run --password-store=basic --use-mock-keychain --no-service-autorun --export-tagged-pdf --disable-search-engine-choice-screen --unsafely-disable-devtools-self-xss-warnings --edge-skip-compat-layer-relaunch --disable-infobars --disable-search-engine-choice-screen --disable-sync --enable-unsafe-swiftshader --headless --hide-scrollbars --mute-audio --blink-settings=primaryHoverType=2,availableHoverTypes=2,primaryPointerType=4,availablePointerTypes=4 --no-sandbox --user-data-dir=/var/folders/xx/vhn9ccgd6fn1yqgjn398gppw0000gn/T/playwright_chromiumdev_profile-lNhhIn --remote-debugging-pipe --no-startup-window[22m
    [2m  - <launched> pid=18936[22m
    [2m  - [pid=18936][err] [0913/214046.449531:ERROR:base/power_monitor/thermal_state_observer_mac.mm:140] ThermalStateObserverMac unable to register to power notifications. Result: 9[22m
    [2m  - [pid=18936][err] [0913/214046.451167:ERROR:net/dns/dns_config_service_posix.cc:138] DNS config watch failed to start.[22m
    [2m  - [pid=18936][err] [0913/214046.451475:FATAL:base/apple/mach_port_rendezvous_mac.cc:159] Check failed: kr == KERN_SUCCESS. bootstrap_check_in org.chromium.Chromium.MachPortRendezvousServer.18936: Permission denied (1100)[22m
    [2m  - [pid=18936] <gracefully close start>[22m
    [2m  - [pid=18936] <kill>[22m
    [2m  - [pid=18936] <will force kill>[22m
    [2m  - [pid=18936] exception while trying to kill process: Error: kill EPERM[22m
    [2m  - [pid=18936] <process did exit: exitCode=null, signal=SIGTRAP>[22m
    [2m  - [pid=18936] starting temporary directories cleanup[22m
    [2m  - [pid=18936] finished temporary directories cleanup[22m
    [2m  - [pid=18936] <gracefully close end>[22m


    Error Context: test-results/tools-tool-pages-render-wi-a4574-tion-diversity-gain-renders-chromium/error-context.md

  26) [chromium] › e2e/tools.spec.ts:69:9 › tool pages render with hero, diagram and explanation › antenna-keepout renders 

    Error: browserType.launch: Target page, context or browser has been closed
    Browser logs:

    <launching> /Users/pc141/Library/Caches/ms-playwright/chromium_headless_shell-1223/chrome-headless-shell-mac-arm64/chrome-headless-shell --disable-field-trial-config --disable-background-networking --disable-background-timer-throttling --disable-backgrounding-occluded-windows --disable-back-forward-cache --disable-breakpad --disable-client-side-phishing-detection --disable-component-extensions-with-background-pages --disable-component-update --no-default-browser-check --disable-default-apps --disable-dev-shm-usage --disable-edgeupdater --disable-extensions --disable-features=AvoidUnnecessaryBeforeUnloadCheckSync,BoundaryEventDispatchTracksNodeRemoval,DestroyProfileOnBrowserClose,DialMediaRouteProvider,GlobalMediaControls,HttpsUpgrades,LensOverlay,MediaRouter,PaintHolding,ThirdPartyStoragePartitioning,Translate,AutoDeElevate,RenderDocument,OptimizationHints,msForceBrowserSignIn,msEdgeUpdateLaunchServicesPreferredVersion --enable-features=CDPScreenshotNewSurface --allow-pre-commit-input --disable-hang-monitor --disable-ipc-flooding-protection --disable-popup-blocking --disable-prompt-on-repost --disable-renderer-backgrounding --force-color-profile=srgb --metrics-recording-only --no-first-run --password-store=basic --use-mock-keychain --no-service-autorun --export-tagged-pdf --disable-search-engine-choice-screen --unsafely-disable-devtools-self-xss-warnings --edge-skip-compat-layer-relaunch --disable-infobars --disable-search-engine-choice-screen --disable-sync --enable-unsafe-swiftshader --headless --hide-scrollbars --mute-audio --blink-settings=primaryHoverType=2,availableHoverTypes=2,primaryPointerType=4,availablePointerTypes=4 --no-sandbox --user-data-dir=/var/folders/xx/vhn9ccgd6fn1yqgjn398gppw0000gn/T/playwright_chromiumdev_profile-eNxzgn --remote-debugging-pipe --no-startup-window
    <launched> pid=18938
    [pid=18938][err] [0913/214046.651949:ERROR:base/power_monitor/thermal_state_observer_mac.mm:140] ThermalStateObserverMac unable to register to power notifications. Result: 9
    [pid=18938][err] [0913/214046.653582:ERROR:net/dns/dns_config_service_posix.cc:138] DNS config watch failed to start.
    [pid=18938][err] [0913/214046.653933:FATAL:base/apple/mach_port_rendezvous_mac.cc:159] Check failed: kr == KERN_SUCCESS. bootstrap_check_in org.chromium.Chromium.MachPortRendezvousServer.18938: Permission denied (1100)
    Call log:
    [2m  - <launching> /Users/pc141/Library/Caches/ms-playwright/chromium_headless_shell-1223/chrome-headless-shell-mac-arm64/chrome-headless-shell --disable-field-trial-config --disable-background-networking --disable-background-timer-throttling --disable-backgrounding-occluded-windows --disable-back-forward-cache --disable-breakpad --disable-client-side-phishing-detection --disable-component-extensions-with-background-pages --disable-component-update --no-default-browser-check --disable-default-apps --disable-dev-shm-usage --disable-edgeupdater --disable-extensions --disable-features=AvoidUnnecessaryBeforeUnloadCheckSync,BoundaryEventDispatchTracksNodeRemoval,DestroyProfileOnBrowserClose,DialMediaRouteProvider,GlobalMediaControls,HttpsUpgrades,LensOverlay,MediaRouter,PaintHolding,ThirdPartyStoragePartitioning,Translate,AutoDeElevate,RenderDocument,OptimizationHints,msForceBrowserSignIn,msEdgeUpdateLaunchServicesPreferredVersion --enable-features=CDPScreenshotNewSurface --allow-pre-commit-input --disable-hang-monitor --disable-ipc-flooding-protection --disable-popup-blocking --disable-prompt-on-repost --disable-renderer-backgrounding --force-color-profile=srgb --metrics-recording-only --no-first-run --password-store=basic --use-mock-keychain --no-service-autorun --export-tagged-pdf --disable-search-engine-choice-screen --unsafely-disable-devtools-self-xss-warnings --edge-skip-compat-layer-relaunch --disable-infobars --disable-search-engine-choice-screen --disable-sync --enable-unsafe-swiftshader --headless --hide-scrollbars --mute-audio --blink-settings=primaryHoverType=2,availableHoverTypes=2,primaryPointerType=4,availablePointerTypes=4 --no-sandbox --user-data-dir=/var/folders/xx/vhn9ccgd6fn1yqgjn398gppw0000gn/T/playwright_chromiumdev_profile-eNxzgn --remote-debugging-pipe --no-startup-window[22m
    [2m  - <launched> pid=18938[22m
    [2m  - [pid=18938][err] [0913/214046.651949:ERROR:base/power_monitor/thermal_state_observer_mac.mm:140] ThermalStateObserverMac unable to register to power notifications. Result: 9[22m
    [2m  - [pid=18938][err] [0913/214046.653582:ERROR:net/dns/dns_config_service_posix.cc:138] DNS config watch failed to start.[22m
    [2m  - [pid=18938][err] [0913/214046.653933:FATAL:base/apple/mach_port_rendezvous_mac.cc:159] Check failed: kr == KERN_SUCCESS. bootstrap_check_in org.chromium.Chromium.MachPortRendezvousServer.18938: Permission denied (1100)[22m
    [2m  - [pid=18938] <gracefully close start>[22m
    [2m  - [pid=18938] <kill>[22m
    [2m  - [pid=18938] <will force kill>[22m
    [2m  - [pid=18938] exception while trying to kill process: Error: kill EPERM[22m
    [2m  - [pid=18938] <process did exit: exitCode=null, signal=SIGTRAP>[22m
    [2m  - [pid=18938] starting temporary directories cleanup[22m
    [2m  - [pid=18938] finished temporary directories cleanup[22m
    [2m  - [pid=18938] <gracefully close end>[22m


    Error Context: test-results/tools-tool-pages-render-wi-0e75f-ion-antenna-keepout-renders-chromium/error-context.md

  27) [chromium] › e2e/tools.spec.ts:69:9 › tool pages render with hero, diagram and explanation › ground-plane-size renders 

    Error: browserType.launch: Target page, context or browser has been closed
    Browser logs:

    <launching> /Users/pc141/Library/Caches/ms-playwright/chromium_headless_shell-1223/chrome-headless-shell-mac-arm64/chrome-headless-shell --disable-field-trial-config --disable-background-networking --disable-background-timer-throttling --disable-backgrounding-occluded-windows --disable-back-forward-cache --disable-breakpad --disable-client-side-phishing-detection --disable-component-extensions-with-background-pages --disable-component-update --no-default-browser-check --disable-default-apps --disable-dev-shm-usage --disable-edgeupdater --disable-extensions --disable-features=AvoidUnnecessaryBeforeUnloadCheckSync,BoundaryEventDispatchTracksNodeRemoval,DestroyProfileOnBrowserClose,DialMediaRouteProvider,GlobalMediaControls,HttpsUpgrades,LensOverlay,MediaRouter,PaintHolding,ThirdPartyStoragePartitioning,Translate,AutoDeElevate,RenderDocument,OptimizationHints,msForceBrowserSignIn,msEdgeUpdateLaunchServicesPreferredVersion --enable-features=CDPScreenshotNewSurface --allow-pre-commit-input --disable-hang-monitor --disable-ipc-flooding-protection --disable-popup-blocking --disable-prompt-on-repost --disable-renderer-backgrounding --force-color-profile=srgb --metrics-recording-only --no-first-run --password-store=basic --use-mock-keychain --no-service-autorun --export-tagged-pdf --disable-search-engine-choice-screen --unsafely-disable-devtools-self-xss-warnings --edge-skip-compat-layer-relaunch --disable-infobars --disable-search-engine-choice-screen --disable-sync --enable-unsafe-swiftshader --headless --hide-scrollbars --mute-audio --blink-settings=primaryHoverType=2,availableHoverTypes=2,primaryPointerType=4,availablePointerTypes=4 --no-sandbox --user-data-dir=/var/folders/xx/vhn9ccgd6fn1yqgjn398gppw0000gn/T/playwright_chromiumdev_profile-Qroi4K --remote-debugging-pipe --no-startup-window
    <launched> pid=18940
    [pid=18940][err] [0913/214046.848739:ERROR:base/power_monitor/thermal_state_observer_mac.mm:140] ThermalStateObserverMac unable to register to power notifications. Result: 9
    [pid=18940][err] [0913/214046.850257:ERROR:net/dns/dns_config_service_posix.cc:138] DNS config watch failed to start.
    [pid=18940][err] [0913/214046.850779:FATAL:base/apple/mach_port_rendezvous_mac.cc:159] Check failed: kr == KERN_SUCCESS. bootstrap_check_in org.chromium.Chromium.MachPortRendezvousServer.18940: Permission denied (1100)
    Call log:
    [2m  - <launching> /Users/pc141/Library/Caches/ms-playwright/chromium_headless_shell-1223/chrome-headless-shell-mac-arm64/chrome-headless-shell --disable-field-trial-config --disable-background-networking --disable-background-timer-throttling --disable-backgrounding-occluded-windows --disable-back-forward-cache --disable-breakpad --disable-client-side-phishing-detection --disable-component-extensions-with-background-pages --disable-component-update --no-default-browser-check --disable-default-apps --disable-dev-shm-usage --disable-edgeupdater --disable-extensions --disable-features=AvoidUnnecessaryBeforeUnloadCheckSync,BoundaryEventDispatchTracksNodeRemoval,DestroyProfileOnBrowserClose,DialMediaRouteProvider,GlobalMediaControls,HttpsUpgrades,LensOverlay,MediaRouter,PaintHolding,ThirdPartyStoragePartitioning,Translate,AutoDeElevate,RenderDocument,OptimizationHints,msForceBrowserSignIn,msEdgeUpdateLaunchServicesPreferredVersion --enable-features=CDPScreenshotNewSurface --allow-pre-commit-input --disable-hang-monitor --disable-ipc-flooding-protection --disable-popup-blocking --disable-prompt-on-repost --disable-renderer-backgrounding --force-color-profile=srgb --metrics-recording-only --no-first-run --password-store=basic --use-mock-keychain --no-service-autorun --export-tagged-pdf --disable-search-engine-choice-screen --unsafely-disable-devtools-self-xss-warnings --edge-skip-compat-layer-relaunch --disable-infobars --disable-search-engine-choice-screen --disable-sync --enable-unsafe-swiftshader --headless --hide-scrollbars --mute-audio --blink-settings=primaryHoverType=2,availableHoverTypes=2,primaryPointerType=4,availablePointerTypes=4 --no-sandbox --user-data-dir=/var/folders/xx/vhn9ccgd6fn1yqgjn398gppw0000gn/T/playwright_chromiumdev_profile-Qroi4K --remote-debugging-pipe --no-startup-window[22m
    [2m  - <launched> pid=18940[22m
    [2m  - [pid=18940][err] [0913/214046.848739:ERROR:base/power_monitor/thermal_state_observer_mac.mm:140] ThermalStateObserverMac unable to register to power notifications. Result: 9[22m
    [2m  - [pid=18940][err] [0913/214046.850257:ERROR:net/dns/dns_config_service_posix.cc:138] DNS config watch failed to start.[22m
    [2m  - [pid=18940][err] [0913/214046.850779:FATAL:base/apple/mach_port_rendezvous_mac.cc:159] Check failed: kr == KERN_SUCCESS. bootstrap_check_in org.chromium.Chromium.MachPortRendezvousServer.18940: Permission denied (1100)[22m
    [2m  - [pid=18940] <gracefully close start>[22m
    [2m  - [pid=18940] <kill>[22m
    [2m  - [pid=18940] <will force kill>[22m
    [2m  - [pid=18940] exception while trying to kill process: Error: kill EPERM[22m
    [2m  - [pid=18940] <process did exit: exitCode=null, signal=SIGTRAP>[22m
    [2m  - [pid=18940] starting temporary directories cleanup[22m
    [2m  - [pid=18940] finished temporary directories cleanup[22m
    [2m  - [pid=18940] <gracefully close end>[22m


    Error Context: test-results/tools-tool-pages-render-wi-08bd3-n-ground-plane-size-renders-chromium/error-context.md

  28) [chromium] › e2e/tools.spec.ts:69:9 › tool pages render with hero, diagram and explanation › body-loss renders 

    Error: browserType.launch: Target page, context or browser has been closed
    Browser logs:

    <launching> /Users/pc141/Library/Caches/ms-playwright/chromium_headless_shell-1223/chrome-headless-shell-mac-arm64/chrome-headless-shell --disable-field-trial-config --disable-background-networking --disable-background-timer-throttling --disable-backgrounding-occluded-windows --disable-back-forward-cache --disable-breakpad --disable-client-side-phishing-detection --disable-component-extensions-with-background-pages --disable-component-update --no-default-browser-check --disable-default-apps --disable-dev-shm-usage --disable-edgeupdater --disable-extensions --disable-features=AvoidUnnecessaryBeforeUnloadCheckSync,BoundaryEventDispatchTracksNodeRemoval,DestroyProfileOnBrowserClose,DialMediaRouteProvider,GlobalMediaControls,HttpsUpgrades,LensOverlay,MediaRouter,PaintHolding,ThirdPartyStoragePartitioning,Translate,AutoDeElevate,RenderDocument,OptimizationHints,msForceBrowserSignIn,msEdgeUpdateLaunchServicesPreferredVersion --enable-features=CDPScreenshotNewSurface --allow-pre-commit-input --disable-hang-monitor --disable-ipc-flooding-protection --disable-popup-blocking --disable-prompt-on-repost --disable-renderer-backgrounding --force-color-profile=srgb --metrics-recording-only --no-first-run --password-store=basic --use-mock-keychain --no-service-autorun --export-tagged-pdf --disable-search-engine-choice-screen --unsafely-disable-devtools-self-xss-warnings --edge-skip-compat-layer-relaunch --disable-infobars --disable-search-engine-choice-screen --disable-sync --enable-unsafe-swiftshader --headless --hide-scrollbars --mute-audio --blink-settings=primaryHoverType=2,availableHoverTypes=2,primaryPointerType=4,availablePointerTypes=4 --no-sandbox --user-data-dir=/var/folders/xx/vhn9ccgd6fn1yqgjn398gppw0000gn/T/playwright_chromiumdev_profile-s3MtdS --remote-debugging-pipe --no-startup-window
    <launched> pid=18942
    [pid=18942][err] [0913/214047.045145:ERROR:base/power_monitor/thermal_state_observer_mac.mm:140] ThermalStateObserverMac unable to register to power notifications. Result: 9
    [pid=18942][err] [0913/214047.046858:ERROR:net/dns/dns_config_service_posix.cc:138] DNS config watch failed to start.
    [pid=18942][err] [0913/214047.047102:FATAL:base/apple/mach_port_rendezvous_mac.cc:159] Check failed: kr == KERN_SUCCESS. bootstrap_check_in org.chromium.Chromium.MachPortRendezvousServer.18942: Permission denied (1100)
    Call log:
    [2m  - <launching> /Users/pc141/Library/Caches/ms-playwright/chromium_headless_shell-1223/chrome-headless-shell-mac-arm64/chrome-headless-shell --disable-field-trial-config --disable-background-networking --disable-background-timer-throttling --disable-backgrounding-occluded-windows --disable-back-forward-cache --disable-breakpad --disable-client-side-phishing-detection --disable-component-extensions-with-background-pages --disable-component-update --no-default-browser-check --disable-default-apps --disable-dev-shm-usage --disable-edgeupdater --disable-extensions --disable-features=AvoidUnnecessaryBeforeUnloadCheckSync,BoundaryEventDispatchTracksNodeRemoval,DestroyProfileOnBrowserClose,DialMediaRouteProvider,GlobalMediaControls,HttpsUpgrades,LensOverlay,MediaRouter,PaintHolding,ThirdPartyStoragePartitioning,Translate,AutoDeElevate,RenderDocument,OptimizationHints,msForceBrowserSignIn,msEdgeUpdateLaunchServicesPreferredVersion --enable-features=CDPScreenshotNewSurface --allow-pre-commit-input --disable-hang-monitor --disable-ipc-flooding-protection --disable-popup-blocking --disable-prompt-on-repost --disable-renderer-backgrounding --force-color-profile=srgb --metrics-recording-only --no-first-run --password-store=basic --use-mock-keychain --no-service-autorun --export-tagged-pdf --disable-search-engine-choice-screen --unsafely-disable-devtools-self-xss-warnings --edge-skip-compat-layer-relaunch --disable-infobars --disable-search-engine-choice-screen --disable-sync --enable-unsafe-swiftshader --headless --hide-scrollbars --mute-audio --blink-settings=primaryHoverType=2,availableHoverTypes=2,primaryPointerType=4,availablePointerTypes=4 --no-sandbox --user-data-dir=/var/folders/xx/vhn9ccgd6fn1yqgjn398gppw0000gn/T/playwright_chromiumdev_profile-s3MtdS --remote-debugging-pipe --no-startup-window[22m
    [2m  - <launched> pid=18942[22m
    [2m  - [pid=18942][err] [0913/214047.045145:ERROR:base/power_monitor/thermal_state_observer_mac.mm:140] ThermalStateObserverMac unable to register to power notifications. Result: 9[22m
    [2m  - [pid=18942][err] [0913/214047.046858:ERROR:net/dns/dns_config_service_posix.cc:138] DNS config watch failed to start.[22m
    [2m  - [pid=18942][err] [0913/214047.047102:FATAL:base/apple/mach_port_rendezvous_mac.cc:159] Check failed: kr == KERN_SUCCESS. bootstrap_check_in org.chromium.Chromium.MachPortRendezvousServer.18942: Permission denied (1100)[22m
    [2m  - [pid=18942] <gracefully close start>[22m
    [2m  - [pid=18942] <kill>[22m
    [2m  - [pid=18942] <will force kill>[22m
    [2m  - [pid=18942] exception while trying to kill process: Error: kill EPERM[22m
    [2m  - [pid=18942] <process did exit: exitCode=null, signal=SIGTRAP>[22m
    [2m  - [pid=18942] starting temporary directories cleanup[22m
    [2m  - [pid=18942] finished temporary directories cleanup[22m
    [2m  - [pid=18942] <gracefully close end>[22m


    Error Context: test-results/tools-tool-pages-render-wi-44d4f-planation-body-loss-renders-chromium/error-context.md

  29) [chromium] › e2e/tools.spec.ts:69:9 › tool pages render with hero, diagram and explanation › battery-life renders 

    Error: browserType.launch: Target page, context or browser has been closed
    Browser logs:

    <launching> /Users/pc141/Library/Caches/ms-playwright/chromium_headless_shell-1223/chrome-headless-shell-mac-arm64/chrome-headless-shell --disable-field-trial-config --disable-background-networking --disable-background-timer-throttling --disable-backgrounding-occluded-windows --disable-back-forward-cache --disable-breakpad --disable-client-side-phishing-detection --disable-component-extensions-with-background-pages --disable-component-update --no-default-browser-check --disable-default-apps --disable-dev-shm-usage --disable-edgeupdater --disable-extensions --disable-features=AvoidUnnecessaryBeforeUnloadCheckSync,BoundaryEventDispatchTracksNodeRemoval,DestroyProfileOnBrowserClose,DialMediaRouteProvider,GlobalMediaControls,HttpsUpgrades,LensOverlay,MediaRouter,PaintHolding,ThirdPartyStoragePartitioning,Translate,AutoDeElevate,RenderDocument,OptimizationHints,msForceBrowserSignIn,msEdgeUpdateLaunchServicesPreferredVersion --enable-features=CDPScreenshotNewSurface --allow-pre-commit-input --disable-hang-monitor --disable-ipc-flooding-protection --disable-popup-blocking --disable-prompt-on-repost --disable-renderer-backgrounding --force-color-profile=srgb --metrics-recording-only --no-first-run --password-store=basic --use-mock-keychain --no-service-autorun --export-tagged-pdf --disable-search-engine-choice-screen --unsafely-disable-devtools-self-xss-warnings --edge-skip-compat-layer-relaunch --disable-infobars --disable-search-engine-choice-screen --disable-sync --enable-unsafe-swiftshader --headless --hide-scrollbars --mute-audio --blink-settings=primaryHoverType=2,availableHoverTypes=2,primaryPointerType=4,availablePointerTypes=4 --no-sandbox --user-data-dir=/var/folders/xx/vhn9ccgd6fn1yqgjn398gppw0000gn/T/playwright_chromiumdev_profile-OsmU6A --remote-debugging-pipe --no-startup-window
    <launched> pid=18944
    [pid=18944][err] [0913/214047.244915:ERROR:base/power_monitor/thermal_state_observer_mac.mm:140] ThermalStateObserverMac unable to register to power notifications. Result: 9
    [pid=18944][err] [0913/214047.246604:ERROR:net/dns/dns_config_service_posix.cc:138] DNS config watch failed to start.
    [pid=18944][err] [0913/214047.246950:FATAL:base/apple/mach_port_rendezvous_mac.cc:159] Check failed: kr == KERN_SUCCESS. bootstrap_check_in org.chromium.Chromium.MachPortRendezvousServer.18944: Permission denied (1100)
    Call log:
    [2m  - <launching> /Users/pc141/Library/Caches/ms-playwright/chromium_headless_shell-1223/chrome-headless-shell-mac-arm64/chrome-headless-shell --disable-field-trial-config --disable-background-networking --disable-background-timer-throttling --disable-backgrounding-occluded-windows --disable-back-forward-cache --disable-breakpad --disable-client-side-phishing-detection --disable-component-extensions-with-background-pages --disable-component-update --no-default-browser-check --disable-default-apps --disable-dev-shm-usage --disable-edgeupdater --disable-extensions --disable-features=AvoidUnnecessaryBeforeUnloadCheckSync,BoundaryEventDispatchTracksNodeRemoval,DestroyProfileOnBrowserClose,DialMediaRouteProvider,GlobalMediaControls,HttpsUpgrades,LensOverlay,MediaRouter,PaintHolding,ThirdPartyStoragePartitioning,Translate,AutoDeElevate,RenderDocument,OptimizationHints,msForceBrowserSignIn,msEdgeUpdateLaunchServicesPreferredVersion --enable-features=CDPScreenshotNewSurface --allow-pre-commit-input --disable-hang-monitor --disable-ipc-flooding-protection --disable-popup-blocking --disable-prompt-on-repost --disable-renderer-backgrounding --force-color-profile=srgb --metrics-recording-only --no-first-run --password-store=basic --use-mock-keychain --no-service-autorun --export-tagged-pdf --disable-search-engine-choice-screen --unsafely-disable-devtools-self-xss-warnings --edge-skip-compat-layer-relaunch --disable-infobars --disable-search-engine-choice-screen --disable-sync --enable-unsafe-swiftshader --headless --hide-scrollbars --mute-audio --blink-settings=primaryHoverType=2,availableHoverTypes=2,primaryPointerType=4,availablePointerTypes=4 --no-sandbox --user-data-dir=/var/folders/xx/vhn9ccgd6fn1yqgjn398gppw0000gn/T/playwright_chromiumdev_profile-OsmU6A --remote-debugging-pipe --no-startup-window[22m
    [2m  - <launched> pid=18944[22m
    [2m  - [pid=18944][err] [0913/214047.244915:ERROR:base/power_monitor/thermal_state_observer_mac.mm:140] ThermalStateObserverMac unable to register to power notifications. Result: 9[22m
    [2m  - [pid=18944][err] [0913/214047.246604:ERROR:net/dns/dns_config_service_posix.cc:138] DNS config watch failed to start.[22m
    [2m  - [pid=18944][err] [0913/214047.246950:FATAL:base/apple/mach_port_rendezvous_mac.cc:159] Check failed: kr == KERN_SUCCESS. bootstrap_check_in org.chromium.Chromium.MachPortRendezvousServer.18944: Permission denied (1100)[22m
    [2m  - [pid=18944] <gracefully close start>[22m
    [2m  - [pid=18944] <kill>[22m
    [2m  - [pid=18944] <will force kill>[22m
    [2m  - [pid=18944] exception while trying to kill process: Error: kill EPERM[22m
    [2m  - [pid=18944] <process did exit: exitCode=null, signal=SIGTRAP>[22m
    [2m  - [pid=18944] starting temporary directories cleanup[22m
    [2m  - [pid=18944] finished temporary directories cleanup[22m
    [2m  - [pid=18944] <gracefully close end>[22m


    Error Context: test-results/tools-tool-pages-render-wi-a5f74-nation-battery-life-renders-chromium/error-context.md

  30) [chromium] › e2e/tools.spec.ts:69:9 › tool pages render with hero, diagram and explanation › gnss-cn0 renders 

    Error: browserType.launch: Target page, context or browser has been closed
    Browser logs:

    <launching> /Users/pc141/Library/Caches/ms-playwright/chromium_headless_shell-1223/chrome-headless-shell-mac-arm64/chrome-headless-shell --disable-field-trial-config --disable-background-networking --disable-background-timer-throttling --disable-backgrounding-occluded-windows --disable-back-forward-cache --disable-breakpad --disable-client-side-phishing-detection --disable-component-extensions-with-background-pages --disable-component-update --no-default-browser-check --disable-default-apps --disable-dev-shm-usage --disable-edgeupdater --disable-extensions --disable-features=AvoidUnnecessaryBeforeUnloadCheckSync,BoundaryEventDispatchTracksNodeRemoval,DestroyProfileOnBrowserClose,DialMediaRouteProvider,GlobalMediaControls,HttpsUpgrades,LensOverlay,MediaRouter,PaintHolding,ThirdPartyStoragePartitioning,Translate,AutoDeElevate,RenderDocument,OptimizationHints,msForceBrowserSignIn,msEdgeUpdateLaunchServicesPreferredVersion --enable-features=CDPScreenshotNewSurface --allow-pre-commit-input --disable-hang-monitor --disable-ipc-flooding-protection --disable-popup-blocking --disable-prompt-on-repost --disable-renderer-backgrounding --force-color-profile=srgb --metrics-recording-only --no-first-run --password-store=basic --use-mock-keychain --no-service-autorun --export-tagged-pdf --disable-search-engine-choice-screen --unsafely-disable-devtools-self-xss-warnings --edge-skip-compat-layer-relaunch --disable-infobars --disable-search-engine-choice-screen --disable-sync --enable-unsafe-swiftshader --headless --hide-scrollbars --mute-audio --blink-settings=primaryHoverType=2,availableHoverTypes=2,primaryPointerType=4,availablePointerTypes=4 --no-sandbox --user-data-dir=/var/folders/xx/vhn9ccgd6fn1yqgjn398gppw0000gn/T/playwright_chromiumdev_profile-Fpp0t5 --remote-debugging-pipe --no-startup-window
    <launched> pid=18946
    [pid=18946][err] [0913/214047.444612:ERROR:base/power_monitor/thermal_state_observer_mac.mm:140] ThermalStateObserverMac unable to register to power notifications. Result: 9
    [pid=18946][err] [0913/214047.446247:ERROR:net/dns/dns_config_service_posix.cc:138] DNS config watch failed to start.
    [pid=18946][err] [0913/214047.446629:FATAL:base/apple/mach_port_rendezvous_mac.cc:159] Check failed: kr == KERN_SUCCESS. bootstrap_check_in org.chromium.Chromium.MachPortRendezvousServer.18946: Permission denied (1100)
    Call log:
    [2m  - <launching> /Users/pc141/Library/Caches/ms-playwright/chromium_headless_shell-1223/chrome-headless-shell-mac-arm64/chrome-headless-shell --disable-field-trial-config --disable-background-networking --disable-background-timer-throttling --disable-backgrounding-occluded-windows --disable-back-forward-cache --disable-breakpad --disable-client-side-phishing-detection --disable-component-extensions-with-background-pages --disable-component-update --no-default-browser-check --disable-default-apps --disable-dev-shm-usage --disable-edgeupdater --disable-extensions --disable-features=AvoidUnnecessaryBeforeUnloadCheckSync,BoundaryEventDispatchTracksNodeRemoval,DestroyProfileOnBrowserClose,DialMediaRouteProvider,GlobalMediaControls,HttpsUpgrades,LensOverlay,MediaRouter,PaintHolding,ThirdPartyStoragePartitioning,Translate,AutoDeElevate,RenderDocument,OptimizationHints,msForceBrowserSignIn,msEdgeUpdateLaunchServicesPreferredVersion --enable-features=CDPScreenshotNewSurface --allow-pre-commit-input --disable-hang-monitor --disable-ipc-flooding-protection --disable-popup-blocking --disable-prompt-on-repost --disable-renderer-backgrounding --force-color-profile=srgb --metrics-recording-only --no-first-run --password-store=basic --use-mock-keychain --no-service-autorun --export-tagged-pdf --disable-search-engine-choice-screen --unsafely-disable-devtools-self-xss-warnings --edge-skip-compat-layer-relaunch --disable-infobars --disable-search-engine-choice-screen --disable-sync --enable-unsafe-swiftshader --headless --hide-scrollbars --mute-audio --blink-settings=primaryHoverType=2,availableHoverTypes=2,primaryPointerType=4,availablePointerTypes=4 --no-sandbox --user-data-dir=/var/folders/xx/vhn9ccgd6fn1yqgjn398gppw0000gn/T/playwright_chromiumdev_profile-Fpp0t5 --remote-debugging-pipe --no-startup-window[22m
    [2m  - <launched> pid=18946[22m
    [2m  - [pid=18946][err] [0913/214047.444612:ERROR:base/power_monitor/thermal_state_observer_mac.mm:140] ThermalStateObserverMac unable to register to power notifications. Result: 9[22m
    [2m  - [pid=18946][err] [0913/214047.446247:ERROR:net/dns/dns_config_service_posix.cc:138] DNS config watch failed to start.[22m
    [2m  - [pid=18946][err] [0913/214047.446629:FATAL:base/apple/mach_port_rendezvous_mac.cc:159] Check failed: kr == KERN_SUCCESS. bootstrap_check_in org.chromium.Chromium.MachPortRendezvousServer.18946: Permission denied (1100)[22m
    [2m  - [pid=18946] <gracefully close start>[22m
    [2m  - [pid=18946] <kill>[22m
    [2m  - [pid=18946] <will force kill>[22m
    [2m  - [pid=18946] exception while trying to kill process: Error: kill EPERM[22m
    [2m  - [pid=18946] <process did exit: exitCode=null, signal=SIGTRAP>[22m
    [2m  - [pid=18946] starting temporary directories cleanup[22m
    [2m  - [pid=18946] finished temporary directories cleanup[22m
    [2m  - [pid=18946] <gracefully close end>[22m


    Error Context: test-results/tools-tool-pages-render-wi-b6310-xplanation-gnss-cn0-renders-chromium/error-context.md

  31) [chromium] › e2e/tools.spec.ts:69:9 › tool pages render with hero, diagram and explanation › lora-airtime renders 

    Error: browserType.launch: Target page, context or browser has been closed
    Browser logs:

    <launching> /Users/pc141/Library/Caches/ms-playwright/chromium_headless_shell-1223/chrome-headless-shell-mac-arm64/chrome-headless-shell --disable-field-trial-config --disable-background-networking --disable-background-timer-throttling --disable-backgrounding-occluded-windows --disable-back-forward-cache --disable-breakpad --disable-client-side-phishing-detection --disable-component-extensions-with-background-pages --disable-component-update --no-default-browser-check --disable-default-apps --disable-dev-shm-usage --disable-edgeupdater --disable-extensions --disable-features=AvoidUnnecessaryBeforeUnloadCheckSync,BoundaryEventDispatchTracksNodeRemoval,DestroyProfileOnBrowserClose,DialMediaRouteProvider,GlobalMediaControls,HttpsUpgrades,LensOverlay,MediaRouter,PaintHolding,ThirdPartyStoragePartitioning,Translate,AutoDeElevate,RenderDocument,OptimizationHints,msForceBrowserSignIn,msEdgeUpdateLaunchServicesPreferredVersion --enable-features=CDPScreenshotNewSurface --allow-pre-commit-input --disable-hang-monitor --disable-ipc-flooding-protection --disable-popup-blocking --disable-prompt-on-repost --disable-renderer-backgrounding --force-color-profile=srgb --metrics-recording-only --no-first-run --password-store=basic --use-mock-keychain --no-service-autorun --export-tagged-pdf --disable-search-engine-choice-screen --unsafely-disable-devtools-self-xss-warnings --edge-skip-compat-layer-relaunch --disable-infobars --disable-search-engine-choice-screen --disable-sync --enable-unsafe-swiftshader --headless --hide-scrollbars --mute-audio --blink-settings=primaryHoverType=2,availableHoverTypes=2,primaryPointerType=4,availablePointerTypes=4 --no-sandbox --user-data-dir=/var/folders/xx/vhn9ccgd6fn1yqgjn398gppw0000gn/T/playwright_chromiumdev_profile-UCbJpH --remote-debugging-pipe --no-startup-window
    <launched> pid=18948
    [pid=18948][err] [0913/214047.638134:ERROR:base/power_monitor/thermal_state_observer_mac.mm:140] ThermalStateObserverMac unable to register to power notifications. Result: 9
    [pid=18948][err] [0913/214047.639831:ERROR:net/dns/dns_config_service_posix.cc:138] DNS config watch failed to start.
    [pid=18948][err] [0913/214047.640683:FATAL:base/apple/mach_port_rendezvous_mac.cc:159] Check failed: kr == KERN_SUCCESS. bootstrap_check_in org.chromium.Chromium.MachPortRendezvousServer.18948: Permission denied (1100)
    Call log:
    [2m  - <launching> /Users/pc141/Library/Caches/ms-playwright/chromium_headless_shell-1223/chrome-headless-shell-mac-arm64/chrome-headless-shell --disable-field-trial-config --disable-background-networking --disable-background-timer-throttling --disable-backgrounding-occluded-windows --disable-back-forward-cache --disable-breakpad --disable-client-side-phishing-detection --disable-component-extensions-with-background-pages --disable-component-update --no-default-browser-check --disable-default-apps --disable-dev-shm-usage --disable-edgeupdater --disable-extensions --disable-features=AvoidUnnecessaryBeforeUnloadCheckSync,BoundaryEventDispatchTracksNodeRemoval,DestroyProfileOnBrowserClose,DialMediaRouteProvider,GlobalMediaControls,HttpsUpgrades,LensOverlay,MediaRouter,PaintHolding,ThirdPartyStoragePartitioning,Translate,AutoDeElevate,RenderDocument,OptimizationHints,msForceBrowserSignIn,msEdgeUpdateLaunchServicesPreferredVersion --enable-features=CDPScreenshotNewSurface --allow-pre-commit-input --disable-hang-monitor --disable-ipc-flooding-protection --disable-popup-blocking --disable-prompt-on-repost --disable-renderer-backgrounding --force-color-profile=srgb --metrics-recording-only --no-first-run --password-store=basic --use-mock-keychain --no-service-autorun --export-tagged-pdf --disable-search-engine-choice-screen --unsafely-disable-devtools-self-xss-warnings --edge-skip-compat-layer-relaunch --disable-infobars --disable-search-engine-choice-screen --disable-sync --enable-unsafe-swiftshader --headless --hide-scrollbars --mute-audio --blink-settings=primaryHoverType=2,availableHoverTypes=2,primaryPointerType=4,availablePointerTypes=4 --no-sandbox --user-data-dir=/var/folders/xx/vhn9ccgd6fn1yqgjn398gppw0000gn/T/playwright_chromiumdev_profile-UCbJpH --remote-debugging-pipe --no-startup-window[22m
    [2m  - <launched> pid=18948[22m
    [2m  - [pid=18948][err] [0913/214047.638134:ERROR:base/power_monitor/thermal_state_observer_mac.mm:140] ThermalStateObserverMac unable to register to power notifications. Result: 9[22m
    [2m  - [pid=18948][err] [0913/214047.639831:ERROR:net/dns/dns_config_service_posix.cc:138] DNS config watch failed to start.[22m
    [2m  - [pid=18948][err] [0913/214047.640683:FATAL:base/apple/mach_port_rendezvous_mac.cc:159] Check failed: kr == KERN_SUCCESS. bootstrap_check_in org.chromium.Chromium.MachPortRendezvousServer.18948: Permission denied (1100)[22m
    [2m  - [pid=18948] <gracefully close start>[22m
    [2m  - [pid=18948] <kill>[22m
    [2m  - [pid=18948] <will force kill>[22m
    [2m  - [pid=18948] exception while trying to kill process: Error: kill EPERM[22m
    [2m  - [pid=18948] <process did exit: exitCode=null, signal=SIGTRAP>[22m
    [2m  - [pid=18948] starting temporary directories cleanup[22m
    [2m  - [pid=18948] finished temporary directories cleanup[22m
    [2m  - [pid=18948] <gracefully close end>[22m


    Error Context: test-results/tools-tool-pages-render-wi-29c4e-nation-lora-airtime-renders-chromium/error-context.md

  32) [chromium] › e2e/tools.spec.ts:79:7 › G Tier2 tools › diversity gain reacts to antenna spacing 

    Error: browserType.launch: Target page, context or browser has been closed
    Browser logs:

    <launching> /Users/pc141/Library/Caches/ms-playwright/chromium_headless_shell-1223/chrome-headless-shell-mac-arm64/chrome-headless-shell --disable-field-trial-config --disable-background-networking --disable-background-timer-throttling --disable-backgrounding-occluded-windows --disable-back-forward-cache --disable-breakpad --disable-client-side-phishing-detection --disable-component-extensions-with-background-pages --disable-component-update --no-default-browser-check --disable-default-apps --disable-dev-shm-usage --disable-edgeupdater --disable-extensions --disable-features=AvoidUnnecessaryBeforeUnloadCheckSync,BoundaryEventDispatchTracksNodeRemoval,DestroyProfileOnBrowserClose,DialMediaRouteProvider,GlobalMediaControls,HttpsUpgrades,LensOverlay,MediaRouter,PaintHolding,ThirdPartyStoragePartitioning,Translate,AutoDeElevate,RenderDocument,OptimizationHints,msForceBrowserSignIn,msEdgeUpdateLaunchServicesPreferredVersion --enable-features=CDPScreenshotNewSurface --allow-pre-commit-input --disable-hang-monitor --disable-ipc-flooding-protection --disable-popup-blocking --disable-prompt-on-repost --disable-renderer-backgrounding --force-color-profile=srgb --metrics-recording-only --no-first-run --password-store=basic --use-mock-keychain --no-service-autorun --export-tagged-pdf --disable-search-engine-choice-screen --unsafely-disable-devtools-self-xss-warnings --edge-skip-compat-layer-relaunch --disable-infobars --disable-search-engine-choice-screen --disable-sync --enable-unsafe-swiftshader --headless --hide-scrollbars --mute-audio --blink-settings=primaryHoverType=2,availableHoverTypes=2,primaryPointerType=4,availablePointerTypes=4 --no-sandbox --user-data-dir=/var/folders/xx/vhn9ccgd6fn1yqgjn398gppw0000gn/T/playwright_chromiumdev_profile-IteJiG --remote-debugging-pipe --no-startup-window
    <launched> pid=18950
    [pid=18950][err] [0913/214047.839415:ERROR:base/power_monitor/thermal_state_observer_mac.mm:140] ThermalStateObserverMac unable to register to power notifications. Result: 9
    [pid=18950][err] [0913/214047.840910:ERROR:net/dns/dns_config_service_posix.cc:138] DNS config watch failed to start.
    [pid=18950][err] [0913/214047.841215:FATAL:base/apple/mach_port_rendezvous_mac.cc:159] Check failed: kr == KERN_SUCCESS. bootstrap_check_in org.chromium.Chromium.MachPortRendezvousServer.18950: Permission denied (1100)
    Call log:
    [2m  - <launching> /Users/pc141/Library/Caches/ms-playwright/chromium_headless_shell-1223/chrome-headless-shell-mac-arm64/chrome-headless-shell --disable-field-trial-config --disable-background-networking --disable-background-timer-throttling --disable-backgrounding-occluded-windows --disable-back-forward-cache --disable-breakpad --disable-client-side-phishing-detection --disable-component-extensions-with-background-pages --disable-component-update --no-default-browser-check --disable-default-apps --disable-dev-shm-usage --disable-edgeupdater --disable-extensions --disable-features=AvoidUnnecessaryBeforeUnloadCheckSync,BoundaryEventDispatchTracksNodeRemoval,DestroyProfileOnBrowserClose,DialMediaRouteProvider,GlobalMediaControls,HttpsUpgrades,LensOverlay,MediaRouter,PaintHolding,ThirdPartyStoragePartitioning,Translate,AutoDeElevate,RenderDocument,OptimizationHints,msForceBrowserSignIn,msEdgeUpdateLaunchServicesPreferredVersion --enable-features=CDPScreenshotNewSurface --allow-pre-commit-input --disable-hang-monitor --disable-ipc-flooding-protection --disable-popup-blocking --disable-prompt-on-repost --disable-renderer-backgrounding --force-color-profile=srgb --metrics-recording-only --no-first-run --password-store=basic --use-mock-keychain --no-service-autorun --export-tagged-pdf --disable-search-engine-choice-screen --unsafely-disable-devtools-self-xss-warnings --edge-skip-compat-layer-relaunch --disable-infobars --disable-search-engine-choice-screen --disable-sync --enable-unsafe-swiftshader --headless --hide-scrollbars --mute-audio --blink-settings=primaryHoverType=2,availableHoverTypes=2,primaryPointerType=4,availablePointerTypes=4 --no-sandbox --user-data-dir=/var/folders/xx/vhn9ccgd6fn1yqgjn398gppw0000gn/T/playwright_chromiumdev_profile-IteJiG --remote-debugging-pipe --no-startup-window[22m
    [2m  - <launched> pid=18950[22m
    [2m  - [pid=18950][err] [0913/214047.839415:ERROR:base/power_monitor/thermal_state_observer_mac.mm:140] ThermalStateObserverMac unable to register to power notifications. Result: 9[22m
    [2m  - [pid=18950][err] [0913/214047.840910:ERROR:net/dns/dns_config_service_posix.cc:138] DNS config watch failed to start.[22m
    [2m  - [pid=18950][err] [0913/214047.841215:FATAL:base/apple/mach_port_rendezvous_mac.cc:159] Check failed: kr == KERN_SUCCESS. bootstrap_check_in org.chromium.Chromium.MachPortRendezvousServer.18950: Permission denied (1100)[22m
    [2m  - [pid=18950] <gracefully close start>[22m
    [2m  - [pid=18950] <kill>[22m
    [2m  - [pid=18950] <will force kill>[22m
    [2m  - [pid=18950] exception while trying to kill process: Error: kill EPERM[22m
    [2m  - [pid=18950] <process did exit: exitCode=null, signal=SIGTRAP>[22m
    [2m  - [pid=18950] starting temporary directories cleanup[22m
    [2m  - [pid=18950] finished temporary directories cleanup[22m
    [2m  - [pid=18950] <gracefully close end>[22m


    Error Context: test-results/tools-G-Tier2-tools-diversity-gain-reacts-to-antenna-spacing-chromium/error-context.md

  33) [chromium] › e2e/tools.spec.ts:95:7 › G Tier2 tools › LoRa airtime reacts to SF, payload and hourly limit 

    Error: browserType.launch: Target page, context or browser has been closed
    Browser logs:

    <launching> /Users/pc141/Library/Caches/ms-playwright/chromium_headless_shell-1223/chrome-headless-shell-mac-arm64/chrome-headless-shell --disable-field-trial-config --disable-background-networking --disable-background-timer-throttling --disable-backgrounding-occluded-windows --disable-back-forward-cache --disable-breakpad --disable-client-side-phishing-detection --disable-component-extensions-with-background-pages --disable-component-update --no-default-browser-check --disable-default-apps --disable-dev-shm-usage --disable-edgeupdater --disable-extensions --disable-features=AvoidUnnecessaryBeforeUnloadCheckSync,BoundaryEventDispatchTracksNodeRemoval,DestroyProfileOnBrowserClose,DialMediaRouteProvider,GlobalMediaControls,HttpsUpgrades,LensOverlay,MediaRouter,PaintHolding,ThirdPartyStoragePartitioning,Translate,AutoDeElevate,RenderDocument,OptimizationHints,msForceBrowserSignIn,msEdgeUpdateLaunchServicesPreferredVersion --enable-features=CDPScreenshotNewSurface --allow-pre-commit-input --disable-hang-monitor --disable-ipc-flooding-protection --disable-popup-blocking --disable-prompt-on-repost --disable-renderer-backgrounding --force-color-profile=srgb --metrics-recording-only --no-first-run --password-store=basic --use-mock-keychain --no-service-autorun --export-tagged-pdf --disable-search-engine-choice-screen --unsafely-disable-devtools-self-xss-warnings --edge-skip-compat-layer-relaunch --disable-infobars --disable-search-engine-choice-screen --disable-sync --enable-unsafe-swiftshader --headless --hide-scrollbars --mute-audio --blink-settings=primaryHoverType=2,availableHoverTypes=2,primaryPointerType=4,availablePointerTypes=4 --no-sandbox --user-data-dir=/var/folders/xx/vhn9ccgd6fn1yqgjn398gppw0000gn/T/playwright_chromiumdev_profile-lBCbom --remote-debugging-pipe --no-startup-window
    <launched> pid=18952
    [pid=18952][err] [0913/214048.038755:ERROR:base/power_monitor/thermal_state_observer_mac.mm:140] ThermalStateObserverMac unable to register to power notifications. Result: 9
    [pid=18952][err] [0913/214048.040533:ERROR:net/dns/dns_config_service_posix.cc:138] DNS config watch failed to start.
    [pid=18952][err] [0913/214048.040854:FATAL:base/apple/mach_port_rendezvous_mac.cc:159] Check failed: kr == KERN_SUCCESS. bootstrap_check_in org.chromium.Chromium.MachPortRendezvousServer.18952: Permission denied (1100)
    Call log:
    [2m  - <launching> /Users/pc141/Library/Caches/ms-playwright/chromium_headless_shell-1223/chrome-headless-shell-mac-arm64/chrome-headless-shell --disable-field-trial-config --disable-background-networking --disable-background-timer-throttling --disable-backgrounding-occluded-windows --disable-back-forward-cache --disable-breakpad --disable-client-side-phishing-detection --disable-component-extensions-with-background-pages --disable-component-update --no-default-browser-check --disable-default-apps --disable-dev-shm-usage --disable-edgeupdater --disable-extensions --disable-features=AvoidUnnecessaryBeforeUnloadCheckSync,BoundaryEventDispatchTracksNodeRemoval,DestroyProfileOnBrowserClose,DialMediaRouteProvider,GlobalMediaControls,HttpsUpgrades,LensOverlay,MediaRouter,PaintHolding,ThirdPartyStoragePartitioning,Translate,AutoDeElevate,RenderDocument,OptimizationHints,msForceBrowserSignIn,msEdgeUpdateLaunchServicesPreferredVersion --enable-features=CDPScreenshotNewSurface --allow-pre-commit-input --disable-hang-monitor --disable-ipc-flooding-protection --disable-popup-blocking --disable-prompt-on-repost --disable-renderer-backgrounding --force-color-profile=srgb --metrics-recording-only --no-first-run --password-store=basic --use-mock-keychain --no-service-autorun --export-tagged-pdf --disable-search-engine-choice-screen --unsafely-disable-devtools-self-xss-warnings --edge-skip-compat-layer-relaunch --disable-infobars --disable-search-engine-choice-screen --disable-sync --enable-unsafe-swiftshader --headless --hide-scrollbars --mute-audio --blink-settings=primaryHoverType=2,availableHoverTypes=2,primaryPointerType=4,availablePointerTypes=4 --no-sandbox --user-data-dir=/var/folders/xx/vhn9ccgd6fn1yqgjn398gppw0000gn/T/playwright_chromiumdev_profile-lBCbom --remote-debugging-pipe --no-startup-window[22m
    [2m  - <launched> pid=18952[22m
    [2m  - [pid=18952][err] [0913/214048.038755:ERROR:base/power_monitor/thermal_state_observer_mac.mm:140] ThermalStateObserverMac unable to register to power notifications. Result: 9[22m
    [2m  - [pid=18952][err] [0913/214048.040533:ERROR:net/dns/dns_config_service_posix.cc:138] DNS config watch failed to start.[22m
    [2m  - [pid=18952][err] [0913/214048.040854:FATAL:base/apple/mach_port_rendezvous_mac.cc:159] Check failed: kr == KERN_SUCCESS. bootstrap_check_in org.chromium.Chromium.MachPortRendezvousServer.18952: Permission denied (1100)[22m
    [2m  - [pid=18952] <gracefully close start>[22m
    [2m  - [pid=18952] <kill>[22m
    [2m  - [pid=18952] <will force kill>[22m
    [2m  - [pid=18952] exception while trying to kill process: Error: kill EPERM[22m
    [2m  - [pid=18952] <process did exit: exitCode=null, signal=SIGTRAP>[22m
    [2m  - [pid=18952] starting temporary directories cleanup[22m
    [2m  - [pid=18952] finished temporary directories cleanup[22m
    [2m  - [pid=18952] <gracefully close end>[22m


    Error Context: test-results/tools-G-Tier2-tools-LoRa-a-e23e4-SF-payload-and-hourly-limit-chromium/error-context.md

  34) [chromium] › e2e/tools.spec.ts:115:7 › G Tier2 tools › IFA dimensions react to frequency ─────

    Error: browserType.launch: Target page, context or browser has been closed
    Browser logs:

    <launching> /Users/pc141/Library/Caches/ms-playwright/chromium_headless_shell-1223/chrome-headless-shell-mac-arm64/chrome-headless-shell --disable-field-trial-config --disable-background-networking --disable-background-timer-throttling --disable-backgrounding-occluded-windows --disable-back-forward-cache --disable-breakpad --disable-client-side-phishing-detection --disable-component-extensions-with-background-pages --disable-component-update --no-default-browser-check --disable-default-apps --disable-dev-shm-usage --disable-edgeupdater --disable-extensions --disable-features=AvoidUnnecessaryBeforeUnloadCheckSync,BoundaryEventDispatchTracksNodeRemoval,DestroyProfileOnBrowserClose,DialMediaRouteProvider,GlobalMediaControls,HttpsUpgrades,LensOverlay,MediaRouter,PaintHolding,ThirdPartyStoragePartitioning,Translate,AutoDeElevate,RenderDocument,OptimizationHints,msForceBrowserSignIn,msEdgeUpdateLaunchServicesPreferredVersion --enable-features=CDPScreenshotNewSurface --allow-pre-commit-input --disable-hang-monitor --disable-ipc-flooding-protection --disable-popup-blocking --disable-prompt-on-repost --disable-renderer-backgrounding --force-color-profile=srgb --metrics-recording-only --no-first-run --password-store=basic --use-mock-keychain --no-service-autorun --export-tagged-pdf --disable-search-engine-choice-screen --unsafely-disable-devtools-self-xss-warnings --edge-skip-compat-layer-relaunch --disable-infobars --disable-search-engine-choice-screen --disable-sync --enable-unsafe-swiftshader --headless --hide-scrollbars --mute-audio --blink-settings=primaryHoverType=2,availableHoverTypes=2,primaryPointerType=4,availablePointerTypes=4 --no-sandbox --user-data-dir=/var/folders/xx/vhn9ccgd6fn1yqgjn398gppw0000gn/T/playwright_chromiumdev_profile-8i78dh --remote-debugging-pipe --no-startup-window
    <launched> pid=18954
    [pid=18954][err] [0913/214048.233178:ERROR:base/power_monitor/thermal_state_observer_mac.mm:140] ThermalStateObserverMac unable to register to power notifications. Result: 9
    [pid=18954][err] [0913/214048.234826:ERROR:net/dns/dns_config_service_posix.cc:138] DNS config watch failed to start.
    [pid=18954][err] [0913/214048.235287:FATAL:base/apple/mach_port_rendezvous_mac.cc:159] Check failed: kr == KERN_SUCCESS. bootstrap_check_in org.chromium.Chromium.MachPortRendezvousServer.18954: Permission denied (1100)
    Call log:
    [2m  - <launching> /Users/pc141/Library/Caches/ms-playwright/chromium_headless_shell-1223/chrome-headless-shell-mac-arm64/chrome-headless-shell --disable-field-trial-config --disable-background-networking --disable-background-timer-throttling --disable-backgrounding-occluded-windows --disable-back-forward-cache --disable-breakpad --disable-client-side-phishing-detection --disable-component-extensions-with-background-pages --disable-component-update --no-default-browser-check --disable-default-apps --disable-dev-shm-usage --disable-edgeupdater --disable-extensions --disable-features=AvoidUnnecessaryBeforeUnloadCheckSync,BoundaryEventDispatchTracksNodeRemoval,DestroyProfileOnBrowserClose,DialMediaRouteProvider,GlobalMediaControls,HttpsUpgrades,LensOverlay,MediaRouter,PaintHolding,ThirdPartyStoragePartitioning,Translate,AutoDeElevate,RenderDocument,OptimizationHints,msForceBrowserSignIn,msEdgeUpdateLaunchServicesPreferredVersion --enable-features=CDPScreenshotNewSurface --allow-pre-commit-input --disable-hang-monitor --disable-ipc-flooding-protection --disable-popup-blocking --disable-prompt-on-repost --disable-renderer-backgrounding --force-color-profile=srgb --metrics-recording-only --no-first-run --password-store=basic --use-mock-keychain --no-service-autorun --export-tagged-pdf --disable-search-engine-choice-screen --unsafely-disable-devtools-self-xss-warnings --edge-skip-compat-layer-relaunch --disable-infobars --disable-search-engine-choice-screen --disable-sync --enable-unsafe-swiftshader --headless --hide-scrollbars --mute-audio --blink-settings=primaryHoverType=2,availableHoverTypes=2,primaryPointerType=4,availablePointerTypes=4 --no-sandbox --user-data-dir=/var/folders/xx/vhn9ccgd6fn1yqgjn398gppw0000gn/T/playwright_chromiumdev_profile-8i78dh --remote-debugging-pipe --no-startup-window[22m
    [2m  - <launched> pid=18954[22m
    [2m  - [pid=18954][err] [0913/214048.233178:ERROR:base/power_monitor/thermal_state_observer_mac.mm:140] ThermalStateObserverMac unable to register to power notifications. Result: 9[22m
    [2m  - [pid=18954][err] [0913/214048.234826:ERROR:net/dns/dns_config_service_posix.cc:138] DNS config watch failed to start.[22m
    [2m  - [pid=18954][err] [0913/214048.235287:FATAL:base/apple/mach_port_rendezvous_mac.cc:159] Check failed: kr == KERN_SUCCESS. bootstrap_check_in org.chromium.Chromium.MachPortRendezvousServer.18954: Permission denied (1100)[22m
    [2m  - [pid=18954] <gracefully close start>[22m
    [2m  - [pid=18954] <kill>[22m
    [2m  - [pid=18954] <will force kill>[22m
    [2m  - [pid=18954] exception while trying to kill process: Error: kill EPERM[22m
    [2m  - [pid=18954] <process did exit: exitCode=null, signal=SIGTRAP>[22m
    [2m  - [pid=18954] starting temporary directories cleanup[22m
    [2m  - [pid=18954] finished temporary directories cleanup[22m
    [2m  - [pid=18954] <gracefully close end>[22m


    Error Context: test-results/tools-G-Tier2-tools-IFA-dimensions-react-to-frequency-chromium/error-context.md

  35) [chromium] › e2e/tools.spec.ts:129:7 › G Tier2 tools › L-match shows both closed-form solutions 

    Error: browserType.launch: Target page, context or browser has been closed
    Browser logs:

    <launching> /Users/pc141/Library/Caches/ms-playwright/chromium_headless_shell-1223/chrome-headless-shell-mac-arm64/chrome-headless-shell --disable-field-trial-config --disable-background-networking --disable-background-timer-throttling --disable-backgrounding-occluded-windows --disable-back-forward-cache --disable-breakpad --disable-client-side-phishing-detection --disable-component-extensions-with-background-pages --disable-component-update --no-default-browser-check --disable-default-apps --disable-dev-shm-usage --disable-edgeupdater --disable-extensions --disable-features=AvoidUnnecessaryBeforeUnloadCheckSync,BoundaryEventDispatchTracksNodeRemoval,DestroyProfileOnBrowserClose,DialMediaRouteProvider,GlobalMediaControls,HttpsUpgrades,LensOverlay,MediaRouter,PaintHolding,ThirdPartyStoragePartitioning,Translate,AutoDeElevate,RenderDocument,OptimizationHints,msForceBrowserSignIn,msEdgeUpdateLaunchServicesPreferredVersion --enable-features=CDPScreenshotNewSurface --allow-pre-commit-input --disable-hang-monitor --disable-ipc-flooding-protection --disable-popup-blocking --disable-prompt-on-repost --disable-renderer-backgrounding --force-color-profile=srgb --metrics-recording-only --no-first-run --password-store=basic --use-mock-keychain --no-service-autorun --export-tagged-pdf --disable-search-engine-choice-screen --unsafely-disable-devtools-self-xss-warnings --edge-skip-compat-layer-relaunch --disable-infobars --disable-search-engine-choice-screen --disable-sync --enable-unsafe-swiftshader --headless --hide-scrollbars --mute-audio --blink-settings=primaryHoverType=2,availableHoverTypes=2,primaryPointerType=4,availablePointerTypes=4 --no-sandbox --user-data-dir=/var/folders/xx/vhn9ccgd6fn1yqgjn398gppw0000gn/T/playwright_chromiumdev_profile-cs73Te --remote-debugging-pipe --no-startup-window
    <launched> pid=18956
    [pid=18956][err] [0913/214048.434787:ERROR:base/power_monitor/thermal_state_observer_mac.mm:140] ThermalStateObserverMac unable to register to power notifications. Result: 9
    [pid=18956][err] [0913/214048.436436:ERROR:net/dns/dns_config_service_posix.cc:138] DNS config watch failed to start.
    [pid=18956][err] [0913/214048.436848:FATAL:base/apple/mach_port_rendezvous_mac.cc:159] Check failed: kr == KERN_SUCCESS. bootstrap_check_in org.chromium.Chromium.MachPortRendezvousServer.18956: Permission denied (1100)
    Call log:
    [2m  - <launching> /Users/pc141/Library/Caches/ms-playwright/chromium_headless_shell-1223/chrome-headless-shell-mac-arm64/chrome-headless-shell --disable-field-trial-config --disable-background-networking --disable-background-timer-throttling --disable-backgrounding-occluded-windows --disable-back-forward-cache --disable-breakpad --disable-client-side-phishing-detection --disable-component-extensions-with-background-pages --disable-component-update --no-default-browser-check --disable-default-apps --disable-dev-shm-usage --disable-edgeupdater --disable-extensions --disable-features=AvoidUnnecessaryBeforeUnloadCheckSync,BoundaryEventDispatchTracksNodeRemoval,DestroyProfileOnBrowserClose,DialMediaRouteProvider,GlobalMediaControls,HttpsUpgrades,LensOverlay,MediaRouter,PaintHolding,ThirdPartyStoragePartitioning,Translate,AutoDeElevate,RenderDocument,OptimizationHints,msForceBrowserSignIn,msEdgeUpdateLaunchServicesPreferredVersion --enable-features=CDPScreenshotNewSurface --allow-pre-commit-input --disable-hang-monitor --disable-ipc-flooding-protection --disable-popup-blocking --disable-prompt-on-repost --disable-renderer-backgrounding --force-color-profile=srgb --metrics-recording-only --no-first-run --password-store=basic --use-mock-keychain --no-service-autorun --export-tagged-pdf --disable-search-engine-choice-screen --unsafely-disable-devtools-self-xss-warnings --edge-skip-compat-layer-relaunch --disable-infobars --disable-search-engine-choice-screen --disable-sync --enable-unsafe-swiftshader --headless --hide-scrollbars --mute-audio --blink-settings=primaryHoverType=2,availableHoverTypes=2,primaryPointerType=4,availablePointerTypes=4 --no-sandbox --user-data-dir=/var/folders/xx/vhn9ccgd6fn1yqgjn398gppw0000gn/T/playwright_chromiumdev_profile-cs73Te --remote-debugging-pipe --no-startup-window[22m
    [2m  - <launched> pid=18956[22m
    [2m  - [pid=18956][err] [0913/214048.434787:ERROR:base/power_monitor/thermal_state_observer_mac.mm:140] ThermalStateObserverMac unable to register to power notifications. Result: 9[22m
    [2m  - [pid=18956][err] [0913/214048.436436:ERROR:net/dns/dns_config_service_posix.cc:138] DNS config watch failed to start.[22m
    [2m  - [pid=18956][err] [0913/214048.436848:FATAL:base/apple/mach_port_rendezvous_mac.cc:159] Check failed: kr == KERN_SUCCESS. bootstrap_check_in org.chromium.Chromium.MachPortRendezvousServer.18956: Permission denied (1100)[22m
    [2m  - [pid=18956] <gracefully close start>[22m
    [2m  - [pid=18956] <kill>[22m
    [2m  - [pid=18956] <will force kill>[22m
    [2m  - [pid=18956] exception while trying to kill process: Error: kill EPERM[22m
    [2m  - [pid=18956] <process did exit: exitCode=null, signal=SIGTRAP>[22m
    [2m  - [pid=18956] starting temporary directories cleanup[22m
    [2m  - [pid=18956] finished temporary directories cleanup[22m
    [2m  - [pid=18956] <gracefully close end>[22m


    Error Context: test-results/tools-G-Tier2-tools-L-match-shows-both-closed-form-solutions-chromium/error-context.md

  36) [chromium] › e2e/tools.spec.ts:140:7 › G Tier2 tools › antenna isolation reacts to spacing ───

    Error: browserType.launch: Target page, context or browser has been closed
    Browser logs:

    <launching> /Users/pc141/Library/Caches/ms-playwright/chromium_headless_shell-1223/chrome-headless-shell-mac-arm64/chrome-headless-shell --disable-field-trial-config --disable-background-networking --disable-background-timer-throttling --disable-backgrounding-occluded-windows --disable-back-forward-cache --disable-breakpad --disable-client-side-phishing-detection --disable-component-extensions-with-background-pages --disable-component-update --no-default-browser-check --disable-default-apps --disable-dev-shm-usage --disable-edgeupdater --disable-extensions --disable-features=AvoidUnnecessaryBeforeUnloadCheckSync,BoundaryEventDispatchTracksNodeRemoval,DestroyProfileOnBrowserClose,DialMediaRouteProvider,GlobalMediaControls,HttpsUpgrades,LensOverlay,MediaRouter,PaintHolding,ThirdPartyStoragePartitioning,Translate,AutoDeElevate,RenderDocument,OptimizationHints,msForceBrowserSignIn,msEdgeUpdateLaunchServicesPreferredVersion --enable-features=CDPScreenshotNewSurface --allow-pre-commit-input --disable-hang-monitor --disable-ipc-flooding-protection --disable-popup-blocking --disable-prompt-on-repost --disable-renderer-backgrounding --force-color-profile=srgb --metrics-recording-only --no-first-run --password-store=basic --use-mock-keychain --no-service-autorun --export-tagged-pdf --disable-search-engine-choice-screen --unsafely-disable-devtools-self-xss-warnings --edge-skip-compat-layer-relaunch --disable-infobars --disable-search-engine-choice-screen --disable-sync --enable-unsafe-swiftshader --headless --hide-scrollbars --mute-audio --blink-settings=primaryHoverType=2,availableHoverTypes=2,primaryPointerType=4,availablePointerTypes=4 --no-sandbox --user-data-dir=/var/folders/xx/vhn9ccgd6fn1yqgjn398gppw0000gn/T/playwright_chromiumdev_profile-31BRhH --remote-debugging-pipe --no-startup-window
    <launched> pid=18960
    [pid=18960][err] [0913/214048.633922:ERROR:base/power_monitor/thermal_state_observer_mac.mm:140] ThermalStateObserverMac unable to register to power notifications. Result: 9
    [pid=18960][err] [0913/214048.635481:ERROR:net/dns/dns_config_service_posix.cc:138] DNS config watch failed to start.
    [pid=18960][err] [0913/214048.635947:FATAL:base/apple/mach_port_rendezvous_mac.cc:159] Check failed: kr == KERN_SUCCESS. bootstrap_check_in org.chromium.Chromium.MachPortRendezvousServer.18960: Permission denied (1100)
    Call log:
    [2m  - <launching> /Users/pc141/Library/Caches/ms-playwright/chromium_headless_shell-1223/chrome-headless-shell-mac-arm64/chrome-headless-shell --disable-field-trial-config --disable-background-networking --disable-background-timer-throttling --disable-backgrounding-occluded-windows --disable-back-forward-cache --disable-breakpad --disable-client-side-phishing-detection --disable-component-extensions-with-background-pages --disable-component-update --no-default-browser-check --disable-default-apps --disable-dev-shm-usage --disable-edgeupdater --disable-extensions --disable-features=AvoidUnnecessaryBeforeUnloadCheckSync,BoundaryEventDispatchTracksNodeRemoval,DestroyProfileOnBrowserClose,DialMediaRouteProvider,GlobalMediaControls,HttpsUpgrades,LensOverlay,MediaRouter,PaintHolding,ThirdPartyStoragePartitioning,Translate,AutoDeElevate,RenderDocument,OptimizationHints,msForceBrowserSignIn,msEdgeUpdateLaunchServicesPreferredVersion --enable-features=CDPScreenshotNewSurface --allow-pre-commit-input --disable-hang-monitor --disable-ipc-flooding-protection --disable-popup-blocking --disable-prompt-on-repost --disable-renderer-backgrounding --force-color-profile=srgb --metrics-recording-only --no-first-run --password-store=basic --use-mock-keychain --no-service-autorun --export-tagged-pdf --disable-search-engine-choice-screen --unsafely-disable-devtools-self-xss-warnings --edge-skip-compat-layer-relaunch --disable-infobars --disable-search-engine-choice-screen --disable-sync --enable-unsafe-swiftshader --headless --hide-scrollbars --mute-audio --blink-settings=primaryHoverType=2,availableHoverTypes=2,primaryPointerType=4,availablePointerTypes=4 --no-sandbox --user-data-dir=/var/folders/xx/vhn9ccgd6fn1yqgjn398gppw0000gn/T/playwright_chromiumdev_profile-31BRhH --remote-debugging-pipe --no-startup-window[22m
    [2m  - <launched> pid=18960[22m
    [2m  - [pid=18960][err] [0913/214048.633922:ERROR:base/power_monitor/thermal_state_observer_mac.mm:140] ThermalStateObserverMac unable to register to power notifications. Result: 9[22m
    [2m  - [pid=18960][err] [0913/214048.635481:ERROR:net/dns/dns_config_service_posix.cc:138] DNS config watch failed to start.[22m
    [2m  - [pid=18960][err] [0913/214048.635947:FATAL:base/apple/mach_port_rendezvous_mac.cc:159] Check failed: kr == KERN_SUCCESS. bootstrap_check_in org.chromium.Chromium.MachPortRendezvousServer.18960: Permission denied (1100)[22m
    [2m  - [pid=18960] <gracefully close start>[22m
    [2m  - [pid=18960] <kill>[22m
    [2m  - [pid=18960] <will force kill>[22m
    [2m  - [pid=18960] exception while trying to kill process: Error: kill EPERM[22m
    [2m  - [pid=18960] <process did exit: exitCode=null, signal=SIGTRAP>[22m
    [2m  - [pid=18960] starting temporary directories cleanup[22m
    [2m  - [pid=18960] finished temporary directories cleanup[22m
    [2m  - [pid=18960] <gracefully close end>[22m


    Error Context: test-results/tools-G-Tier2-tools-antenna-isolation-reacts-to-spacing-chromium/error-context.md

  37) [chromium] › e2e/tools.spec.ts:156:7 › G Tier2 tools › battery life reacts to derating ───────

    Error: browserType.launch: Target page, context or browser has been closed
    Browser logs:

    <launching> /Users/pc141/Library/Caches/ms-playwright/chromium_headless_shell-1223/chrome-headless-shell-mac-arm64/chrome-headless-shell --disable-field-trial-config --disable-background-networking --disable-background-timer-throttling --disable-backgrounding-occluded-windows --disable-back-forward-cache --disable-breakpad --disable-client-side-phishing-detection --disable-component-extensions-with-background-pages --disable-component-update --no-default-browser-check --disable-default-apps --disable-dev-shm-usage --disable-edgeupdater --disable-extensions --disable-features=AvoidUnnecessaryBeforeUnloadCheckSync,BoundaryEventDispatchTracksNodeRemoval,DestroyProfileOnBrowserClose,DialMediaRouteProvider,GlobalMediaControls,HttpsUpgrades,LensOverlay,MediaRouter,PaintHolding,ThirdPartyStoragePartitioning,Translate,AutoDeElevate,RenderDocument,OptimizationHints,msForceBrowserSignIn,msEdgeUpdateLaunchServicesPreferredVersion --enable-features=CDPScreenshotNewSurface --allow-pre-commit-input --disable-hang-monitor --disable-ipc-flooding-protection --disable-popup-blocking --disable-prompt-on-repost --disable-renderer-backgrounding --force-color-profile=srgb --metrics-recording-only --no-first-run --password-store=basic --use-mock-keychain --no-service-autorun --export-tagged-pdf --disable-search-engine-choice-screen --unsafely-disable-devtools-self-xss-warnings --edge-skip-compat-layer-relaunch --disable-infobars --disable-search-engine-choice-screen --disable-sync --enable-unsafe-swiftshader --headless --hide-scrollbars --mute-audio --blink-settings=primaryHoverType=2,availableHoverTypes=2,primaryPointerType=4,availablePointerTypes=4 --no-sandbox --user-data-dir=/var/folders/xx/vhn9ccgd6fn1yqgjn398gppw0000gn/T/playwright_chromiumdev_profile-9Qwauq --remote-debugging-pipe --no-startup-window
    <launched> pid=18962
    [pid=18962][err] [0913/214048.833953:ERROR:base/power_monitor/thermal_state_observer_mac.mm:140] ThermalStateObserverMac unable to register to power notifications. Result: 9
    [pid=18962][err] [0913/214048.835517:ERROR:net/dns/dns_config_service_posix.cc:138] DNS config watch failed to start.
    [pid=18962][err] [0913/214048.835945:FATAL:base/apple/mach_port_rendezvous_mac.cc:159] Check failed: kr == KERN_SUCCESS. bootstrap_check_in org.chromium.Chromium.MachPortRendezvousServer.18962: Permission denied (1100)
    Call log:
    [2m  - <launching> /Users/pc141/Library/Caches/ms-playwright/chromium_headless_shell-1223/chrome-headless-shell-mac-arm64/chrome-headless-shell --disable-field-trial-config --disable-background-networking --disable-background-timer-throttling --disable-backgrounding-occluded-windows --disable-back-forward-cache --disable-breakpad --disable-client-side-phishing-detection --disable-component-extensions-with-background-pages --disable-component-update --no-default-browser-check --disable-default-apps --disable-dev-shm-usage --disable-edgeupdater --disable-extensions --disable-features=AvoidUnnecessaryBeforeUnloadCheckSync,BoundaryEventDispatchTracksNodeRemoval,DestroyProfileOnBrowserClose,DialMediaRouteProvider,GlobalMediaControls,HttpsUpgrades,LensOverlay,MediaRouter,PaintHolding,ThirdPartyStoragePartitioning,Translate,AutoDeElevate,RenderDocument,OptimizationHints,msForceBrowserSignIn,msEdgeUpdateLaunchServicesPreferredVersion --enable-features=CDPScreenshotNewSurface --allow-pre-commit-input --disable-hang-monitor --disable-ipc-flooding-protection --disable-popup-blocking --disable-prompt-on-repost --disable-renderer-backgrounding --force-color-profile=srgb --metrics-recording-only --no-first-run --password-store=basic --use-mock-keychain --no-service-autorun --export-tagged-pdf --disable-search-engine-choice-screen --unsafely-disable-devtools-self-xss-warnings --edge-skip-compat-layer-relaunch --disable-infobars --disable-search-engine-choice-screen --disable-sync --enable-unsafe-swiftshader --headless --hide-scrollbars --mute-audio --blink-settings=primaryHoverType=2,availableHoverTypes=2,primaryPointerType=4,availablePointerTypes=4 --no-sandbox --user-data-dir=/var/folders/xx/vhn9ccgd6fn1yqgjn398gppw0000gn/T/playwright_chromiumdev_profile-9Qwauq --remote-debugging-pipe --no-startup-window[22m
    [2m  - <launched> pid=18962[22m
    [2m  - [pid=18962][err] [0913/214048.833953:ERROR:base/power_monitor/thermal_state_observer_mac.mm:140] ThermalStateObserverMac unable to register to power notifications. Result: 9[22m
    [2m  - [pid=18962][err] [0913/214048.835517:ERROR:net/dns/dns_config_service_posix.cc:138] DNS config watch failed to start.[22m
    [2m  - [pid=18962][err] [0913/214048.835945:FATAL:base/apple/mach_port_rendezvous_mac.cc:159] Check failed: kr == KERN_SUCCESS. bootstrap_check_in org.chromium.Chromium.MachPortRendezvousServer.18962: Permission denied (1100)[22m
    [2m  - [pid=18962] <gracefully close start>[22m
    [2m  - [pid=18962] <kill>[22m
    [2m  - [pid=18962] <will force kill>[22m
    [2m  - [pid=18962] exception while trying to kill process: Error: kill EPERM[22m
    [2m  - [pid=18962] <process did exit: exitCode=null, signal=SIGTRAP>[22m
    [2m  - [pid=18962] starting temporary directories cleanup[22m
    [2m  - [pid=18962] finished temporary directories cleanup[22m
    [2m  - [pid=18962] <gracefully close end>[22m


    Error Context: test-results/tools-G-Tier2-tools-battery-life-reacts-to-derating-chromium/error-context.md

  38) [chromium] › e2e/tools.spec.ts:167:7 › G Tier2 tools › GNSS compares passive and active C/N0 ─

    Error: browserType.launch: Target page, context or browser has been closed
    Browser logs:

    <launching> /Users/pc141/Library/Caches/ms-playwright/chromium_headless_shell-1223/chrome-headless-shell-mac-arm64/chrome-headless-shell --disable-field-trial-config --disable-background-networking --disable-background-timer-throttling --disable-backgrounding-occluded-windows --disable-back-forward-cache --disable-breakpad --disable-client-side-phishing-detection --disable-component-extensions-with-background-pages --disable-component-update --no-default-browser-check --disable-default-apps --disable-dev-shm-usage --disable-edgeupdater --disable-extensions --disable-features=AvoidUnnecessaryBeforeUnloadCheckSync,BoundaryEventDispatchTracksNodeRemoval,DestroyProfileOnBrowserClose,DialMediaRouteProvider,GlobalMediaControls,HttpsUpgrades,LensOverlay,MediaRouter,PaintHolding,ThirdPartyStoragePartitioning,Translate,AutoDeElevate,RenderDocument,OptimizationHints,msForceBrowserSignIn,msEdgeUpdateLaunchServicesPreferredVersion --enable-features=CDPScreenshotNewSurface --allow-pre-commit-input --disable-hang-monitor --disable-ipc-flooding-protection --disable-popup-blocking --disable-prompt-on-repost --disable-renderer-backgrounding --force-color-profile=srgb --metrics-recording-only --no-first-run --password-store=basic --use-mock-keychain --no-service-autorun --export-tagged-pdf --disable-search-engine-choice-screen --unsafely-disable-devtools-self-xss-warnings --edge-skip-compat-layer-relaunch --disable-infobars --disable-search-engine-choice-screen --disable-sync --enable-unsafe-swiftshader --headless --hide-scrollbars --mute-audio --blink-settings=primaryHoverType=2,availableHoverTypes=2,primaryPointerType=4,availablePointerTypes=4 --no-sandbox --user-data-dir=/var/folders/xx/vhn9ccgd6fn1yqgjn398gppw0000gn/T/playwright_chromiumdev_profile-t8QMe5 --remote-debugging-pipe --no-startup-window
    <launched> pid=18964
    [pid=18964][err] [0913/214049.031408:ERROR:base/power_monitor/thermal_state_observer_mac.mm:140] ThermalStateObserverMac unable to register to power notifications. Result: 9
    [pid=18964][err] [0913/214049.032742:ERROR:net/dns/dns_config_service_posix.cc:138] DNS config watch failed to start.
    [pid=18964][err] [0913/214049.033203:FATAL:base/apple/mach_port_rendezvous_mac.cc:159] Check failed: kr == KERN_SUCCESS. bootstrap_check_in org.chromium.Chromium.MachPortRendezvousServer.18964: Permission denied (1100)
    Call log:
    [2m  - <launching> /Users/pc141/Library/Caches/ms-playwright/chromium_headless_shell-1223/chrome-headless-shell-mac-arm64/chrome-headless-shell --disable-field-trial-config --disable-background-networking --disable-background-timer-throttling --disable-backgrounding-occluded-windows --disable-back-forward-cache --disable-breakpad --disable-client-side-phishing-detection --disable-component-extensions-with-background-pages --disable-component-update --no-default-browser-check --disable-default-apps --disable-dev-shm-usage --disable-edgeupdater --disable-extensions --disable-features=AvoidUnnecessaryBeforeUnloadCheckSync,BoundaryEventDispatchTracksNodeRemoval,DestroyProfileOnBrowserClose,DialMediaRouteProvider,GlobalMediaControls,HttpsUpgrades,LensOverlay,MediaRouter,PaintHolding,ThirdPartyStoragePartitioning,Translate,AutoDeElevate,RenderDocument,OptimizationHints,msForceBrowserSignIn,msEdgeUpdateLaunchServicesPreferredVersion --enable-features=CDPScreenshotNewSurface --allow-pre-commit-input --disable-hang-monitor --disable-ipc-flooding-protection --disable-popup-blocking --disable-prompt-on-repost --disable-renderer-backgrounding --force-color-profile=srgb --metrics-recording-only --no-first-run --password-store=basic --use-mock-keychain --no-service-autorun --export-tagged-pdf --disable-search-engine-choice-screen --unsafely-disable-devtools-self-xss-warnings --edge-skip-compat-layer-relaunch --disable-infobars --disable-search-engine-choice-screen --disable-sync --enable-unsafe-swiftshader --headless --hide-scrollbars --mute-audio --blink-settings=primaryHoverType=2,availableHoverTypes=2,primaryPointerType=4,availablePointerTypes=4 --no-sandbox --user-data-dir=/var/folders/xx/vhn9ccgd6fn1yqgjn398gppw0000gn/T/playwright_chromiumdev_profile-t8QMe5 --remote-debugging-pipe --no-startup-window[22m
    [2m  - <launched> pid=18964[22m
    [2m  - [pid=18964][err] [0913/214049.031408:ERROR:base/power_monitor/thermal_state_observer_mac.mm:140] ThermalStateObserverMac unable to register to power notifications. Result: 9[22m
    [2m  - [pid=18964][err] [0913/214049.032742:ERROR:net/dns/dns_config_service_posix.cc:138] DNS config watch failed to start.[22m
    [2m  - [pid=18964][err] [0913/214049.033203:FATAL:base/apple/mach_port_rendezvous_mac.cc:159] Check failed: kr == KERN_SUCCESS. bootstrap_check_in org.chromium.Chromium.MachPortRendezvousServer.18964: Permission denied (1100)[22m
    [2m  - [pid=18964] <gracefully close start>[22m
    [2m  - [pid=18964] <kill>[22m
    [2m  - [pid=18964] <will force kill>[22m
    [2m  - [pid=18964] exception while trying to kill process: Error: kill EPERM[22m
    [2m  - [pid=18964] <process did exit: exitCode=null, signal=SIGTRAP>[22m
    [2m  - [pid=18964] starting temporary directories cleanup[22m
    [2m  - [pid=18964] finished temporary directories cleanup[22m
    [2m  - [pid=18964] <gracefully close end>[22m


    Error Context: test-results/tools-G-Tier2-tools-GNSS-compares-passive-and-active-C-N0-chromium/error-context.md

  39) [chromium] › e2e/tools.spec.ts:179:7 › G Tier2 tools › battery and GNSS use dedicated mobile chart layouts 

    Error: browserType.launch: Target page, context or browser has been closed
    Browser logs:

    <launching> /Users/pc141/Library/Caches/ms-playwright/chromium_headless_shell-1223/chrome-headless-shell-mac-arm64/chrome-headless-shell --disable-field-trial-config --disable-background-networking --disable-background-timer-throttling --disable-backgrounding-occluded-windows --disable-back-forward-cache --disable-breakpad --disable-client-side-phishing-detection --disable-component-extensions-with-background-pages --disable-component-update --no-default-browser-check --disable-default-apps --disable-dev-shm-usage --disable-edgeupdater --disable-extensions --disable-features=AvoidUnnecessaryBeforeUnloadCheckSync,BoundaryEventDispatchTracksNodeRemoval,DestroyProfileOnBrowserClose,DialMediaRouteProvider,GlobalMediaControls,HttpsUpgrades,LensOverlay,MediaRouter,PaintHolding,ThirdPartyStoragePartitioning,Translate,AutoDeElevate,RenderDocument,OptimizationHints,msForceBrowserSignIn,msEdgeUpdateLaunchServicesPreferredVersion --enable-features=CDPScreenshotNewSurface --allow-pre-commit-input --disable-hang-monitor --disable-ipc-flooding-protection --disable-popup-blocking --disable-prompt-on-repost --disable-renderer-backgrounding --force-color-profile=srgb --metrics-recording-only --no-first-run --password-store=basic --use-mock-keychain --no-service-autorun --export-tagged-pdf --disable-search-engine-choice-screen --unsafely-disable-devtools-self-xss-warnings --edge-skip-compat-layer-relaunch --disable-infobars --disable-search-engine-choice-screen --disable-sync --enable-unsafe-swiftshader --headless --hide-scrollbars --mute-audio --blink-settings=primaryHoverType=2,availableHoverTypes=2,primaryPointerType=4,availablePointerTypes=4 --no-sandbox --user-data-dir=/var/folders/xx/vhn9ccgd6fn1yqgjn398gppw0000gn/T/playwright_chromiumdev_profile-yToizP --remote-debugging-pipe --no-startup-window
    <launched> pid=18966
    [pid=18966][err] [0913/214049.231532:ERROR:base/power_monitor/thermal_state_observer_mac.mm:140] ThermalStateObserverMac unable to register to power notifications. Result: 9
    [pid=18966][err] [0913/214049.233113:ERROR:net/dns/dns_config_service_posix.cc:138] DNS config watch failed to start.
    [pid=18966][err] [0913/214049.233588:FATAL:base/apple/mach_port_rendezvous_mac.cc:159] Check failed: kr == KERN_SUCCESS. bootstrap_check_in org.chromium.Chromium.MachPortRendezvousServer.18966: Permission denied (1100)
    Call log:
    [2m  - <launching> /Users/pc141/Library/Caches/ms-playwright/chromium_headless_shell-1223/chrome-headless-shell-mac-arm64/chrome-headless-shell --disable-field-trial-config --disable-background-networking --disable-background-timer-throttling --disable-backgrounding-occluded-windows --disable-back-forward-cache --disable-breakpad --disable-client-side-phishing-detection --disable-component-extensions-with-background-pages --disable-component-update --no-default-browser-check --disable-default-apps --disable-dev-shm-usage --disable-edgeupdater --disable-extensions --disable-features=AvoidUnnecessaryBeforeUnloadCheckSync,BoundaryEventDispatchTracksNodeRemoval,DestroyProfileOnBrowserClose,DialMediaRouteProvider,GlobalMediaControls,HttpsUpgrades,LensOverlay,MediaRouter,PaintHolding,ThirdPartyStoragePartitioning,Translate,AutoDeElevate,RenderDocument,OptimizationHints,msForceBrowserSignIn,msEdgeUpdateLaunchServicesPreferredVersion --enable-features=CDPScreenshotNewSurface --allow-pre-commit-input --disable-hang-monitor --disable-ipc-flooding-protection --disable-popup-blocking --disable-prompt-on-repost --disable-renderer-backgrounding --force-color-profile=srgb --metrics-recording-only --no-first-run --password-store=basic --use-mock-keychain --no-service-autorun --export-tagged-pdf --disable-search-engine-choice-screen --unsafely-disable-devtools-self-xss-warnings --edge-skip-compat-layer-relaunch --disable-infobars --disable-search-engine-choice-screen --disable-sync --enable-unsafe-swiftshader --headless --hide-scrollbars --mute-audio --blink-settings=primaryHoverType=2,availableHoverTypes=2,primaryPointerType=4,availablePointerTypes=4 --no-sandbox --user-data-dir=/var/folders/xx/vhn9ccgd6fn1yqgjn398gppw0000gn/T/playwright_chromiumdev_profile-yToizP --remote-debugging-pipe --no-startup-window[22m
    [2m  - <launched> pid=18966[22m
    [2m  - [pid=18966][err] [0913/214049.231532:ERROR:base/power_monitor/thermal_state_observer_mac.mm:140] ThermalStateObserverMac unable to register to power notifications. Result: 9[22m
    [2m  - [pid=18966][err] [0913/214049.233113:ERROR:net/dns/dns_config_service_posix.cc:138] DNS config watch failed to start.[22m
    [2m  - [pid=18966][err] [0913/214049.233588:FATAL:base/apple/mach_port_rendezvous_mac.cc:159] Check failed: kr == KERN_SUCCESS. bootstrap_check_in org.chromium.Chromium.MachPortRendezvousServer.18966: Permission denied (1100)[22m
    [2m  - [pid=18966] <gracefully close start>[22m
    [2m  - [pid=18966] <kill>[22m
    [2m  - [pid=18966] <will force kill>[22m
    [2m  - [pid=18966] exception while trying to kill process: Error: kill EPERM[22m
    [2m  - [pid=18966] <process did exit: exitCode=null, signal=SIGTRAP>[22m
    [2m  - [pid=18966] starting temporary directories cleanup[22m
    [2m  - [pid=18966] finished temporary directories cleanup[22m
    [2m  - [pid=18966] <gracefully close end>[22m


    Error Context: test-results/tools-G-Tier2-tools-batter-a79be-icated-mobile-chart-layouts-chromium/error-context.md

  40) [chromium] › e2e/tools.spec.ts:192:7 › antenna research columns › patch column follows the substrate input 

    Error: browserType.launch: Target page, context or browser has been closed
    Browser logs:

    <launching> /Users/pc141/Library/Caches/ms-playwright/chromium_headless_shell-1223/chrome-headless-shell-mac-arm64/chrome-headless-shell --disable-field-trial-config --disable-background-networking --disable-background-timer-throttling --disable-backgrounding-occluded-windows --disable-back-forward-cache --disable-breakpad --disable-client-side-phishing-detection --disable-component-extensions-with-background-pages --disable-component-update --no-default-browser-check --disable-default-apps --disable-dev-shm-usage --disable-edgeupdater --disable-extensions --disable-features=AvoidUnnecessaryBeforeUnloadCheckSync,BoundaryEventDispatchTracksNodeRemoval,DestroyProfileOnBrowserClose,DialMediaRouteProvider,GlobalMediaControls,HttpsUpgrades,LensOverlay,MediaRouter,PaintHolding,ThirdPartyStoragePartitioning,Translate,AutoDeElevate,RenderDocument,OptimizationHints,msForceBrowserSignIn,msEdgeUpdateLaunchServicesPreferredVersion --enable-features=CDPScreenshotNewSurface --allow-pre-commit-input --disable-hang-monitor --disable-ipc-flooding-protection --disable-popup-blocking --disable-prompt-on-repost --disable-renderer-backgrounding --force-color-profile=srgb --metrics-recording-only --no-first-run --password-store=basic --use-mock-keychain --no-service-autorun --export-tagged-pdf --disable-search-engine-choice-screen --unsafely-disable-devtools-self-xss-warnings --edge-skip-compat-layer-relaunch --disable-infobars --disable-search-engine-choice-screen --disable-sync --enable-unsafe-swiftshader --headless --hide-scrollbars --mute-audio --blink-settings=primaryHoverType=2,availableHoverTypes=2,primaryPointerType=4,availablePointerTypes=4 --no-sandbox --user-data-dir=/var/folders/xx/vhn9ccgd6fn1yqgjn398gppw0000gn/T/playwright_chromiumdev_profile-UeWgBm --remote-debugging-pipe --no-startup-window
    <launched> pid=18968
    [pid=18968][err] [0913/214049.433830:ERROR:base/power_monitor/thermal_state_observer_mac.mm:140] ThermalStateObserverMac unable to register to power notifications. Result: 9
    [pid=18968][err] [0913/214049.435496:ERROR:net/dns/dns_config_service_posix.cc:138] DNS config watch failed to start.
    [pid=18968][err] [0913/214049.436044:FATAL:base/apple/mach_port_rendezvous_mac.cc:159] Check failed: kr == KERN_SUCCESS. bootstrap_check_in org.chromium.Chromium.MachPortRendezvousServer.18968: Permission denied (1100)
    Call log:
    [2m  - <launching> /Users/pc141/Library/Caches/ms-playwright/chromium_headless_shell-1223/chrome-headless-shell-mac-arm64/chrome-headless-shell --disable-field-trial-config --disable-background-networking --disable-background-timer-throttling --disable-backgrounding-occluded-windows --disable-back-forward-cache --disable-breakpad --disable-client-side-phishing-detection --disable-component-extensions-with-background-pages --disable-component-update --no-default-browser-check --disable-default-apps --disable-dev-shm-usage --disable-edgeupdater --disable-extensions --disable-features=AvoidUnnecessaryBeforeUnloadCheckSync,BoundaryEventDispatchTracksNodeRemoval,DestroyProfileOnBrowserClose,DialMediaRouteProvider,GlobalMediaControls,HttpsUpgrades,LensOverlay,MediaRouter,PaintHolding,ThirdPartyStoragePartitioning,Translate,AutoDeElevate,RenderDocument,OptimizationHints,msForceBrowserSignIn,msEdgeUpdateLaunchServicesPreferredVersion --enable-features=CDPScreenshotNewSurface --allow-pre-commit-input --disable-hang-monitor --disable-ipc-flooding-protection --disable-popup-blocking --disable-prompt-on-repost --disable-renderer-backgrounding --force-color-profile=srgb --metrics-recording-only --no-first-run --password-store=basic --use-mock-keychain --no-service-autorun --export-tagged-pdf --disable-search-engine-choice-screen --unsafely-disable-devtools-self-xss-warnings --edge-skip-compat-layer-relaunch --disable-infobars --disable-search-engine-choice-screen --disable-sync --enable-unsafe-swiftshader --headless --hide-scrollbars --mute-audio --blink-settings=primaryHoverType=2,availableHoverTypes=2,primaryPointerType=4,availablePointerTypes=4 --no-sandbox --user-data-dir=/var/folders/xx/vhn9ccgd6fn1yqgjn398gppw0000gn/T/playwright_chromiumdev_profile-UeWgBm --remote-debugging-pipe --no-startup-window[22m
    [2m  - <launched> pid=18968[22m
    [2m  - [pid=18968][err] [0913/214049.433830:ERROR:base/power_monitor/thermal_state_observer_mac.mm:140] ThermalStateObserverMac unable to register to power notifications. Result: 9[22m
    [2m  - [pid=18968][err] [0913/214049.435496:ERROR:net/dns/dns_config_service_posix.cc:138] DNS config watch failed to start.[22m
    [2m  - [pid=18968][err] [0913/214049.436044:FATAL:base/apple/mach_port_rendezvous_mac.cc:159] Check failed: kr == KERN_SUCCESS. bootstrap_check_in org.chromium.Chromium.MachPortRendezvousServer.18968: Permission denied (1100)[22m
    [2m  - [pid=18968] <gracefully close start>[22m
    [2m  - [pid=18968] <kill>[22m
    [2m  - [pid=18968] <will force kill>[22m
    [2m  - [pid=18968] exception while trying to kill process: Error: kill EPERM[22m
    [2m  - [pid=18968] <process did exit: exitCode=null, signal=SIGTRAP>[22m
    [2m  - [pid=18968] starting temporary directories cleanup[22m
    [2m  - [pid=18968] finished temporary directories cleanup[22m
    [2m  - [pid=18968] <gracefully close end>[22m


    Error Context: test-results/tools-antenna-research-col-a5979-follows-the-substrate-input-chromium/error-context.md

  41) [chromium] › e2e/tools.spec.ts:202:7 › antenna research columns › radiation column follows antenna kind 

    Error: browserType.launch: Target page, context or browser has been closed
    Browser logs:

    <launching> /Users/pc141/Library/Caches/ms-playwright/chromium_headless_shell-1223/chrome-headless-shell-mac-arm64/chrome-headless-shell --disable-field-trial-config --disable-background-networking --disable-background-timer-throttling --disable-backgrounding-occluded-windows --disable-back-forward-cache --disable-breakpad --disable-client-side-phishing-detection --disable-component-extensions-with-background-pages --disable-component-update --no-default-browser-check --disable-default-apps --disable-dev-shm-usage --disable-edgeupdater --disable-extensions --disable-features=AvoidUnnecessaryBeforeUnloadCheckSync,BoundaryEventDispatchTracksNodeRemoval,DestroyProfileOnBrowserClose,DialMediaRouteProvider,GlobalMediaControls,HttpsUpgrades,LensOverlay,MediaRouter,PaintHolding,ThirdPartyStoragePartitioning,Translate,AutoDeElevate,RenderDocument,OptimizationHints,msForceBrowserSignIn,msEdgeUpdateLaunchServicesPreferredVersion --enable-features=CDPScreenshotNewSurface --allow-pre-commit-input --disable-hang-monitor --disable-ipc-flooding-protection --disable-popup-blocking --disable-prompt-on-repost --disable-renderer-backgrounding --force-color-profile=srgb --metrics-recording-only --no-first-run --password-store=basic --use-mock-keychain --no-service-autorun --export-tagged-pdf --disable-search-engine-choice-screen --unsafely-disable-devtools-self-xss-warnings --edge-skip-compat-layer-relaunch --disable-infobars --disable-search-engine-choice-screen --disable-sync --enable-unsafe-swiftshader --headless --hide-scrollbars --mute-audio --blink-settings=primaryHoverType=2,availableHoverTypes=2,primaryPointerType=4,availablePointerTypes=4 --no-sandbox --user-data-dir=/var/folders/xx/vhn9ccgd6fn1yqgjn398gppw0000gn/T/playwright_chromiumdev_profile-rt2IPI --remote-debugging-pipe --no-startup-window
    <launched> pid=18972
    [pid=18972][err] [0913/214049.641324:ERROR:base/power_monitor/thermal_state_observer_mac.mm:140] ThermalStateObserverMac unable to register to power notifications. Result: 9
    [pid=18972][err] [0913/214049.642826:ERROR:net/dns/dns_config_service_posix.cc:138] DNS config watch failed to start.
    [pid=18972][err] [0913/214049.643287:FATAL:base/apple/mach_port_rendezvous_mac.cc:159] Check failed: kr == KERN_SUCCESS. bootstrap_check_in org.chromium.Chromium.MachPortRendezvousServer.18972: Permission denied (1100)
    Call log:
    [2m  - <launching> /Users/pc141/Library/Caches/ms-playwright/chromium_headless_shell-1223/chrome-headless-shell-mac-arm64/chrome-headless-shell --disable-field-trial-config --disable-background-networking --disable-background-timer-throttling --disable-backgrounding-occluded-windows --disable-back-forward-cache --disable-breakpad --disable-client-side-phishing-detection --disable-component-extensions-with-background-pages --disable-component-update --no-default-browser-check --disable-default-apps --disable-dev-shm-usage --disable-edgeupdater --disable-extensions --disable-features=AvoidUnnecessaryBeforeUnloadCheckSync,BoundaryEventDispatchTracksNodeRemoval,DestroyProfileOnBrowserClose,DialMediaRouteProvider,GlobalMediaControls,HttpsUpgrades,LensOverlay,MediaRouter,PaintHolding,ThirdPartyStoragePartitioning,Translate,AutoDeElevate,RenderDocument,OptimizationHints,msForceBrowserSignIn,msEdgeUpdateLaunchServicesPreferredVersion --enable-features=CDPScreenshotNewSurface --allow-pre-commit-input --disable-hang-monitor --disable-ipc-flooding-protection --disable-popup-blocking --disable-prompt-on-repost --disable-renderer-backgrounding --force-color-profile=srgb --metrics-recording-only --no-first-run --password-store=basic --use-mock-keychain --no-service-autorun --export-tagged-pdf --disable-search-engine-choice-screen --unsafely-disable-devtools-self-xss-warnings --edge-skip-compat-layer-relaunch --disable-infobars --disable-search-engine-choice-screen --disable-sync --enable-unsafe-swiftshader --headless --hide-scrollbars --mute-audio --blink-settings=primaryHoverType=2,availableHoverTypes=2,primaryPointerType=4,availablePointerTypes=4 --no-sandbox --user-data-dir=/var/folders/xx/vhn9ccgd6fn1yqgjn398gppw0000gn/T/playwright_chromiumdev_profile-rt2IPI --remote-debugging-pipe --no-startup-window[22m
    [2m  - <launched> pid=18972[22m
    [2m  - [pid=18972][err] [0913/214049.641324:ERROR:base/power_monitor/thermal_state_observer_mac.mm:140] ThermalStateObserverMac unable to register to power notifications. Result: 9[22m
    [2m  - [pid=18972][err] [0913/214049.642826:ERROR:net/dns/dns_config_service_posix.cc:138] DNS config watch failed to start.[22m
    [2m  - [pid=18972][err] [0913/214049.643287:FATAL:base/apple/mach_port_rendezvous_mac.cc:159] Check failed: kr == KERN_SUCCESS. bootstrap_check_in org.chromium.Chromium.MachPortRendezvousServer.18972: Permission denied (1100)[22m
    [2m  - [pid=18972] <gracefully close start>[22m
    [2m  - [pid=18972] <kill>[22m
    [2m  - [pid=18972] <will force kill>[22m
    [2m  - [pid=18972] exception while trying to kill process: Error: kill EPERM[22m
    [2m  - [pid=18972] <process did exit: exitCode=null, signal=SIGTRAP>[22m
    [2m  - [pid=18972] starting temporary directories cleanup[22m
    [2m  - [pid=18972] finished temporary directories cleanup[22m
    [2m  - [pid=18972] <gracefully close end>[22m


    Error Context: test-results/tools-antenna-research-col-6613f-column-follows-antenna-kind-chromium/error-context.md

  42) [chromium] › e2e/tools.spec.ts:212:7 › antenna research columns › small antenna column follows radius 

    Error: browserType.launch: Target page, context or browser has been closed
    Browser logs:

    <launching> /Users/pc141/Library/Caches/ms-playwright/chromium_headless_shell-1223/chrome-headless-shell-mac-arm64/chrome-headless-shell --disable-field-trial-config --disable-background-networking --disable-background-timer-throttling --disable-backgrounding-occluded-windows --disable-back-forward-cache --disable-breakpad --disable-client-side-phishing-detection --disable-component-extensions-with-background-pages --disable-component-update --no-default-browser-check --disable-default-apps --disable-dev-shm-usage --disable-edgeupdater --disable-extensions --disable-features=AvoidUnnecessaryBeforeUnloadCheckSync,BoundaryEventDispatchTracksNodeRemoval,DestroyProfileOnBrowserClose,DialMediaRouteProvider,GlobalMediaControls,HttpsUpgrades,LensOverlay,MediaRouter,PaintHolding,ThirdPartyStoragePartitioning,Translate,AutoDeElevate,RenderDocument,OptimizationHints,msForceBrowserSignIn,msEdgeUpdateLaunchServicesPreferredVersion --enable-features=CDPScreenshotNewSurface --allow-pre-commit-input --disable-hang-monitor --disable-ipc-flooding-protection --disable-popup-blocking --disable-prompt-on-repost --disable-renderer-backgrounding --force-color-profile=srgb --metrics-recording-only --no-first-run --password-store=basic --use-mock-keychain --no-service-autorun --export-tagged-pdf --disable-search-engine-choice-screen --unsafely-disable-devtools-self-xss-warnings --edge-skip-compat-layer-relaunch --disable-infobars --disable-search-engine-choice-screen --disable-sync --enable-unsafe-swiftshader --headless --hide-scrollbars --mute-audio --blink-settings=primaryHoverType=2,availableHoverTypes=2,primaryPointerType=4,availablePointerTypes=4 --no-sandbox --user-data-dir=/var/folders/xx/vhn9ccgd6fn1yqgjn398gppw0000gn/T/playwright_chromiumdev_profile-sCmQ3o --remote-debugging-pipe --no-startup-window
    <launched> pid=18974
    [pid=18974][err] [0913/214049.842535:ERROR:base/power_monitor/thermal_state_observer_mac.mm:140] ThermalStateObserverMac unable to register to power notifications. Result: 9
    [pid=18974][err] [0913/214049.844133:ERROR:net/dns/dns_config_service_posix.cc:138] DNS config watch failed to start.
    [pid=18974][err] [0913/214049.844518:FATAL:base/apple/mach_port_rendezvous_mac.cc:159] Check failed: kr == KERN_SUCCESS. bootstrap_check_in org.chromium.Chromium.MachPortRendezvousServer.18974: Permission denied (1100)
    Call log:
    [2m  - <launching> /Users/pc141/Library/Caches/ms-playwright/chromium_headless_shell-1223/chrome-headless-shell-mac-arm64/chrome-headless-shell --disable-field-trial-config --disable-background-networking --disable-background-timer-throttling --disable-backgrounding-occluded-windows --disable-back-forward-cache --disable-breakpad --disable-client-side-phishing-detection --disable-component-extensions-with-background-pages --disable-component-update --no-default-browser-check --disable-default-apps --disable-dev-shm-usage --disable-edgeupdater --disable-extensions --disable-features=AvoidUnnecessaryBeforeUnloadCheckSync,BoundaryEventDispatchTracksNodeRemoval,DestroyProfileOnBrowserClose,DialMediaRouteProvider,GlobalMediaControls,HttpsUpgrades,LensOverlay,MediaRouter,PaintHolding,ThirdPartyStoragePartitioning,Translate,AutoDeElevate,RenderDocument,OptimizationHints,msForceBrowserSignIn,msEdgeUpdateLaunchServicesPreferredVersion --enable-features=CDPScreenshotNewSurface --allow-pre-commit-input --disable-hang-monitor --disable-ipc-flooding-protection --disable-popup-blocking --disable-prompt-on-repost --disable-renderer-backgrounding --force-color-profile=srgb --metrics-recording-only --no-first-run --password-store=basic --use-mock-keychain --no-service-autorun --export-tagged-pdf --disable-search-engine-choice-screen --unsafely-disable-devtools-self-xss-warnings --edge-skip-compat-layer-relaunch --disable-infobars --disable-search-engine-choice-screen --disable-sync --enable-unsafe-swiftshader --headless --hide-scrollbars --mute-audio --blink-settings=primaryHoverType=2,availableHoverTypes=2,primaryPointerType=4,availablePointerTypes=4 --no-sandbox --user-data-dir=/var/folders/xx/vhn9ccgd6fn1yqgjn398gppw0000gn/T/playwright_chromiumdev_profile-sCmQ3o --remote-debugging-pipe --no-startup-window[22m
    [2m  - <launched> pid=18974[22m
    [2m  - [pid=18974][err] [0913/214049.842535:ERROR:base/power_monitor/thermal_state_observer_mac.mm:140] ThermalStateObserverMac unable to register to power notifications. Result: 9[22m
    [2m  - [pid=18974][err] [0913/214049.844133:ERROR:net/dns/dns_config_service_posix.cc:138] DNS config watch failed to start.[22m
    [2m  - [pid=18974][err] [0913/214049.844518:FATAL:base/apple/mach_port_rendezvous_mac.cc:159] Check failed: kr == KERN_SUCCESS. bootstrap_check_in org.chromium.Chromium.MachPortRendezvousServer.18974: Permission denied (1100)[22m
    [2m  - [pid=18974] <gracefully close start>[22m
    [2m  - [pid=18974] <kill>[22m
    [2m  - [pid=18974] <will force kill>[22m
    [2m  - [pid=18974] exception while trying to kill process: Error: kill EPERM[22m
    [2m  - [pid=18974] <process did exit: exitCode=null, signal=SIGTRAP>[22m
    [2m  - [pid=18974] starting temporary directories cleanup[22m
    [2m  - [pid=18974] finished temporary directories cleanup[22m
    [2m  - [pid=18974] <gracefully close end>[22m


    Error Context: test-results/tools-antenna-research-col-4b520-tenna-column-follows-radius-chromium/error-context.md

  43) [chromium] › e2e/tools.spec.ts:222:7 › antenna research columns › small loop column follows the loop diameter 

    Error: browserType.launch: Target page, context or browser has been closed
    Browser logs:

    <launching> /Users/pc141/Library/Caches/ms-playwright/chromium_headless_shell-1223/chrome-headless-shell-mac-arm64/chrome-headless-shell --disable-field-trial-config --disable-background-networking --disable-background-timer-throttling --disable-backgrounding-occluded-windows --disable-back-forward-cache --disable-breakpad --disable-client-side-phishing-detection --disable-component-extensions-with-background-pages --disable-component-update --no-default-browser-check --disable-default-apps --disable-dev-shm-usage --disable-edgeupdater --disable-extensions --disable-features=AvoidUnnecessaryBeforeUnloadCheckSync,BoundaryEventDispatchTracksNodeRemoval,DestroyProfileOnBrowserClose,DialMediaRouteProvider,GlobalMediaControls,HttpsUpgrades,LensOverlay,MediaRouter,PaintHolding,ThirdPartyStoragePartitioning,Translate,AutoDeElevate,RenderDocument,OptimizationHints,msForceBrowserSignIn,msEdgeUpdateLaunchServicesPreferredVersion --enable-features=CDPScreenshotNewSurface --allow-pre-commit-input --disable-hang-monitor --disable-ipc-flooding-protection --disable-popup-blocking --disable-prompt-on-repost --disable-renderer-backgrounding --force-color-profile=srgb --metrics-recording-only --no-first-run --password-store=basic --use-mock-keychain --no-service-autorun --export-tagged-pdf --disable-search-engine-choice-screen --unsafely-disable-devtools-self-xss-warnings --edge-skip-compat-layer-relaunch --disable-infobars --disable-search-engine-choice-screen --disable-sync --enable-unsafe-swiftshader --headless --hide-scrollbars --mute-audio --blink-settings=primaryHoverType=2,availableHoverTypes=2,primaryPointerType=4,availablePointerTypes=4 --no-sandbox --user-data-dir=/var/folders/xx/vhn9ccgd6fn1yqgjn398gppw0000gn/T/playwright_chromiumdev_profile-gXhzAD --remote-debugging-pipe --no-startup-window
    <launched> pid=18976
    [pid=18976][err] [0913/214050.048255:ERROR:base/power_monitor/thermal_state_observer_mac.mm:140] ThermalStateObserverMac unable to register to power notifications. Result: 9
    [pid=18976][err] [0913/214050.050283:ERROR:net/dns/dns_config_service_posix.cc:138] DNS config watch failed to start.
    [pid=18976][err] [0913/214050.050892:FATAL:base/apple/mach_port_rendezvous_mac.cc:159] Check failed: kr == KERN_SUCCESS. bootstrap_check_in org.chromium.Chromium.MachPortRendezvousServer.18976: Permission denied (1100)
    Call log:
    [2m  - <launching> /Users/pc141/Library/Caches/ms-playwright/chromium_headless_shell-1223/chrome-headless-shell-mac-arm64/chrome-headless-shell --disable-field-trial-config --disable-background-networking --disable-background-timer-throttling --disable-backgrounding-occluded-windows --disable-back-forward-cache --disable-breakpad --disable-client-side-phishing-detection --disable-component-extensions-with-background-pages --disable-component-update --no-default-browser-check --disable-default-apps --disable-dev-shm-usage --disable-edgeupdater --disable-extensions --disable-features=AvoidUnnecessaryBeforeUnloadCheckSync,BoundaryEventDispatchTracksNodeRemoval,DestroyProfileOnBrowserClose,DialMediaRouteProvider,GlobalMediaControls,HttpsUpgrades,LensOverlay,MediaRouter,PaintHolding,ThirdPartyStoragePartitioning,Translate,AutoDeElevate,RenderDocument,OptimizationHints,msForceBrowserSignIn,msEdgeUpdateLaunchServicesPreferredVersion --enable-features=CDPScreenshotNewSurface --allow-pre-commit-input --disable-hang-monitor --disable-ipc-flooding-protection --disable-popup-blocking --disable-prompt-on-repost --disable-renderer-backgrounding --force-color-profile=srgb --metrics-recording-only --no-first-run --password-store=basic --use-mock-keychain --no-service-autorun --export-tagged-pdf --disable-search-engine-choice-screen --unsafely-disable-devtools-self-xss-warnings --edge-skip-compat-layer-relaunch --disable-infobars --disable-search-engine-choice-screen --disable-sync --enable-unsafe-swiftshader --headless --hide-scrollbars --mute-audio --blink-settings=primaryHoverType=2,availableHoverTypes=2,primaryPointerType=4,availablePointerTypes=4 --no-sandbox --user-data-dir=/var/folders/xx/vhn9ccgd6fn1yqgjn398gppw0000gn/T/playwright_chromiumdev_profile-gXhzAD --remote-debugging-pipe --no-startup-window[22m
    [2m  - <launched> pid=18976[22m
    [2m  - [pid=18976][err] [0913/214050.048255:ERROR:base/power_monitor/thermal_state_observer_mac.mm:140] ThermalStateObserverMac unable to register to power notifications. Result: 9[22m
    [2m  - [pid=18976][err] [0913/214050.050283:ERROR:net/dns/dns_config_service_posix.cc:138] DNS config watch failed to start.[22m
    [2m  - [pid=18976][err] [0913/214050.050892:FATAL:base/apple/mach_port_rendezvous_mac.cc:159] Check failed: kr == KERN_SUCCESS. bootstrap_check_in org.chromium.Chromium.MachPortRendezvousServer.18976: Permission denied (1100)[22m
    [2m  - [pid=18976] <gracefully close start>[22m
    [2m  - [pid=18976] <kill>[22m
    [2m  - [pid=18976] <will force kill>[22m
    [2m  - [pid=18976] exception while trying to kill process: Error: kill EPERM[22m
    [2m  - [pid=18976] <process did exit: exitCode=null, signal=SIGTRAP>[22m
    [2m  - [pid=18976] starting temporary directories cleanup[22m
    [2m  - [pid=18976] finished temporary directories cleanup[22m
    [2m  - [pid=18976] <gracefully close end>[22m


    Error Context: test-results/tools-antenna-research-col-251a0-n-follows-the-loop-diameter-chromium/error-context.md

  44) [chromium] › e2e/tools.spec.ts:233:7 › antenna research columns › research columns fit mobile and expose their sources 

    Error: browserType.launch: Target page, context or browser has been closed
    Browser logs:

    <launching> /Users/pc141/Library/Caches/ms-playwright/chromium_headless_shell-1223/chrome-headless-shell-mac-arm64/chrome-headless-shell --disable-field-trial-config --disable-background-networking --disable-background-timer-throttling --disable-backgrounding-occluded-windows --disable-back-forward-cache --disable-breakpad --disable-client-side-phishing-detection --disable-component-extensions-with-background-pages --disable-component-update --no-default-browser-check --disable-default-apps --disable-dev-shm-usage --disable-edgeupdater --disable-extensions --disable-features=AvoidUnnecessaryBeforeUnloadCheckSync,BoundaryEventDispatchTracksNodeRemoval,DestroyProfileOnBrowserClose,DialMediaRouteProvider,GlobalMediaControls,HttpsUpgrades,LensOverlay,MediaRouter,PaintHolding,ThirdPartyStoragePartitioning,Translate,AutoDeElevate,RenderDocument,OptimizationHints,msForceBrowserSignIn,msEdgeUpdateLaunchServicesPreferredVersion --enable-features=CDPScreenshotNewSurface --allow-pre-commit-input --disable-hang-monitor --disable-ipc-flooding-protection --disable-popup-blocking --disable-prompt-on-repost --disable-renderer-backgrounding --force-color-profile=srgb --metrics-recording-only --no-first-run --password-store=basic --use-mock-keychain --no-service-autorun --export-tagged-pdf --disable-search-engine-choice-screen --unsafely-disable-devtools-self-xss-warnings --edge-skip-compat-layer-relaunch --disable-infobars --disable-search-engine-choice-screen --disable-sync --enable-unsafe-swiftshader --headless --hide-scrollbars --mute-audio --blink-settings=primaryHoverType=2,availableHoverTypes=2,primaryPointerType=4,availablePointerTypes=4 --no-sandbox --user-data-dir=/var/folders/xx/vhn9ccgd6fn1yqgjn398gppw0000gn/T/playwright_chromiumdev_profile-OTeBZJ --remote-debugging-pipe --no-startup-window
    <launched> pid=18978
    [pid=18978][err] [0913/214050.253348:ERROR:base/power_monitor/thermal_state_observer_mac.mm:140] ThermalStateObserverMac unable to register to power notifications. Result: 9
    [pid=18978][err] [0913/214050.255007:ERROR:net/dns/dns_config_service_posix.cc:138] DNS config watch failed to start.
    [pid=18978][err] [0913/214050.255483:FATAL:base/apple/mach_port_rendezvous_mac.cc:159] Check failed: kr == KERN_SUCCESS. bootstrap_check_in org.chromium.Chromium.MachPortRendezvousServer.18978: Permission denied (1100)
    Call log:
    [2m  - <launching> /Users/pc141/Library/Caches/ms-playwright/chromium_headless_shell-1223/chrome-headless-shell-mac-arm64/chrome-headless-shell --disable-field-trial-config --disable-background-networking --disable-background-timer-throttling --disable-backgrounding-occluded-windows --disable-back-forward-cache --disable-breakpad --disable-client-side-phishing-detection --disable-component-extensions-with-background-pages --disable-component-update --no-default-browser-check --disable-default-apps --disable-dev-shm-usage --disable-edgeupdater --disable-extensions --disable-features=AvoidUnnecessaryBeforeUnloadCheckSync,BoundaryEventDispatchTracksNodeRemoval,DestroyProfileOnBrowserClose,DialMediaRouteProvider,GlobalMediaControls,HttpsUpgrades,LensOverlay,MediaRouter,PaintHolding,ThirdPartyStoragePartitioning,Translate,AutoDeElevate,RenderDocument,OptimizationHints,msForceBrowserSignIn,msEdgeUpdateLaunchServicesPreferredVersion --enable-features=CDPScreenshotNewSurface --allow-pre-commit-input --disable-hang-monitor --disable-ipc-flooding-protection --disable-popup-blocking --disable-prompt-on-repost --disable-renderer-backgrounding --force-color-profile=srgb --metrics-recording-only --no-first-run --password-store=basic --use-mock-keychain --no-service-autorun --export-tagged-pdf --disable-search-engine-choice-screen --unsafely-disable-devtools-self-xss-warnings --edge-skip-compat-layer-relaunch --disable-infobars --disable-search-engine-choice-screen --disable-sync --enable-unsafe-swiftshader --headless --hide-scrollbars --mute-audio --blink-settings=primaryHoverType=2,availableHoverTypes=2,primaryPointerType=4,availablePointerTypes=4 --no-sandbox --user-data-dir=/var/folders/xx/vhn9ccgd6fn1yqgjn398gppw0000gn/T/playwright_chromiumdev_profile-OTeBZJ --remote-debugging-pipe --no-startup-window[22m
    [2m  - <launched> pid=18978[22m
    [2m  - [pid=18978][err] [0913/214050.253348:ERROR:base/power_monitor/thermal_state_observer_mac.mm:140] ThermalStateObserverMac unable to register to power notifications. Result: 9[22m
    [2m  - [pid=18978][err] [0913/214050.255007:ERROR:net/dns/dns_config_service_posix.cc:138] DNS config watch failed to start.[22m
    [2m  - [pid=18978][err] [0913/214050.255483:FATAL:base/apple/mach_port_rendezvous_mac.cc:159] Check failed: kr == KERN_SUCCESS. bootstrap_check_in org.chromium.Chromium.MachPortRendezvousServer.18978: Permission denied (1100)[22m
    [2m  - [pid=18978] <gracefully close start>[22m
    [2m  - [pid=18978] <kill>[22m
    [2m  - [pid=18978] <will force kill>[22m
    [2m  - [pid=18978] exception while trying to kill process: Error: kill EPERM[22m
    [2m  - [pid=18978] <process did exit: exitCode=null, signal=SIGTRAP>[22m
    [2m  - [pid=18978] starting temporary directories cleanup[22m
    [2m  - [pid=18978] finished temporary directories cleanup[22m
    [2m  - [pid=18978] <gracefully close end>[22m


    Error Context: test-results/tools-antenna-research-col-5db3f-le-and-expose-their-sources-chromium/error-context.md

  45) [chromium] › e2e/tools.spec.ts:295:5 › basic tools keep the calculator and primary result near the first viewport 

    Error: browserType.launch: Target page, context or browser has been closed
    Browser logs:

    <launching> /Users/pc141/Library/Caches/ms-playwright/chromium_headless_shell-1223/chrome-headless-shell-mac-arm64/chrome-headless-shell --disable-field-trial-config --disable-background-networking --disable-background-timer-throttling --disable-backgrounding-occluded-windows --disable-back-forward-cache --disable-breakpad --disable-client-side-phishing-detection --disable-component-extensions-with-background-pages --disable-component-update --no-default-browser-check --disable-default-apps --disable-dev-shm-usage --disable-edgeupdater --disable-extensions --disable-features=AvoidUnnecessaryBeforeUnloadCheckSync,BoundaryEventDispatchTracksNodeRemoval,DestroyProfileOnBrowserClose,DialMediaRouteProvider,GlobalMediaControls,HttpsUpgrades,LensOverlay,MediaRouter,PaintHolding,ThirdPartyStoragePartitioning,Translate,AutoDeElevate,RenderDocument,OptimizationHints,msForceBrowserSignIn,msEdgeUpdateLaunchServicesPreferredVersion --enable-features=CDPScreenshotNewSurface --allow-pre-commit-input --disable-hang-monitor --disable-ipc-flooding-protection --disable-popup-blocking --disable-prompt-on-repost --disable-renderer-backgrounding --force-color-profile=srgb --metrics-recording-only --no-first-run --password-store=basic --use-mock-keychain --no-service-autorun --export-tagged-pdf --disable-search-engine-choice-screen --unsafely-disable-devtools-self-xss-warnings --edge-skip-compat-layer-relaunch --disable-infobars --disable-search-engine-choice-screen --disable-sync --enable-unsafe-swiftshader --headless --hide-scrollbars --mute-audio --blink-settings=primaryHoverType=2,availableHoverTypes=2,primaryPointerType=4,availablePointerTypes=4 --no-sandbox --user-data-dir=/var/folders/xx/vhn9ccgd6fn1yqgjn398gppw0000gn/T/playwright_chromiumdev_profile-fxwr46 --remote-debugging-pipe --no-startup-window
    <launched> pid=18980
    [pid=18980][err] [0913/214050.447985:ERROR:base/power_monitor/thermal_state_observer_mac.mm:140] ThermalStateObserverMac unable to register to power notifications. Result: 9
    [pid=18980][err] [0913/214050.449722:ERROR:net/dns/dns_config_service_posix.cc:138] DNS config watch failed to start.
    [pid=18980][err] [0913/214050.449992:FATAL:base/apple/mach_port_rendezvous_mac.cc:159] Check failed: kr == KERN_SUCCESS. bootstrap_check_in org.chromium.Chromium.MachPortRendezvousServer.18980: Permission denied (1100)
    Call log:
    [2m  - <launching> /Users/pc141/Library/Caches/ms-playwright/chromium_headless_shell-1223/chrome-headless-shell-mac-arm64/chrome-headless-shell --disable-field-trial-config --disable-background-networking --disable-background-timer-throttling --disable-backgrounding-occluded-windows --disable-back-forward-cache --disable-breakpad --disable-client-side-phishing-detection --disable-component-extensions-with-background-pages --disable-component-update --no-default-browser-check --disable-default-apps --disable-dev-shm-usage --disable-edgeupdater --disable-extensions --disable-features=AvoidUnnecessaryBeforeUnloadCheckSync,BoundaryEventDispatchTracksNodeRemoval,DestroyProfileOnBrowserClose,DialMediaRouteProvider,GlobalMediaControls,HttpsUpgrades,LensOverlay,MediaRouter,PaintHolding,ThirdPartyStoragePartitioning,Translate,AutoDeElevate,RenderDocument,OptimizationHints,msForceBrowserSignIn,msEdgeUpdateLaunchServicesPreferredVersion --enable-features=CDPScreenshotNewSurface --allow-pre-commit-input --disable-hang-monitor --disable-ipc-flooding-protection --disable-popup-blocking --disable-prompt-on-repost --disable-renderer-backgrounding --force-color-profile=srgb --metrics-recording-only --no-first-run --password-store=basic --use-mock-keychain --no-service-autorun --export-tagged-pdf --disable-search-engine-choice-screen --unsafely-disable-devtools-self-xss-warnings --edge-skip-compat-layer-relaunch --disable-infobars --disable-search-engine-choice-screen --disable-sync --enable-unsafe-swiftshader --headless --hide-scrollbars --mute-audio --blink-settings=primaryHoverType=2,availableHoverTypes=2,primaryPointerType=4,availablePointerTypes=4 --no-sandbox --user-data-dir=/var/folders/xx/vhn9ccgd6fn1yqgjn398gppw0000gn/T/playwright_chromiumdev_profile-fxwr46 --remote-debugging-pipe --no-startup-window[22m
    [2m  - <launched> pid=18980[22m
    [2m  - [pid=18980][err] [0913/214050.447985:ERROR:base/power_monitor/thermal_state_observer_mac.mm:140] ThermalStateObserverMac unable to register to power notifications. Result: 9[22m
    [2m  - [pid=18980][err] [0913/214050.449722:ERROR:net/dns/dns_config_service_posix.cc:138] DNS config watch failed to start.[22m
    [2m  - [pid=18980][err] [0913/214050.449992:FATAL:base/apple/mach_port_rendezvous_mac.cc:159] Check failed: kr == KERN_SUCCESS. bootstrap_check_in org.chromium.Chromium.MachPortRendezvousServer.18980: Permission denied (1100)[22m
    [2m  - [pid=18980] <gracefully close start>[22m
    [2m  - [pid=18980] <kill>[22m
    [2m  - [pid=18980] <will force kill>[22m
    [2m  - [pid=18980] exception while trying to kill process: Error: kill EPERM[22m
    [2m  - [pid=18980] <process did exit: exitCode=null, signal=SIGTRAP>[22m
    [2m  - [pid=18980] starting temporary directories cleanup[22m
    [2m  - [pid=18980] finished temporary directories cleanup[22m
    [2m  - [pid=18980] <gracefully close end>[22m


    Error Context: test-results/tools-basic-tools-keep-the-d2613-ult-near-the-first-viewport-chromium/error-context.md

  46) [chromium] › e2e/tools.spec.ts:327:5 › VSWR diagram reacts to input ──────────────────────────

    Error: browserType.launch: Target page, context or browser has been closed
    Browser logs:

    <launching> /Users/pc141/Library/Caches/ms-playwright/chromium_headless_shell-1223/chrome-headless-shell-mac-arm64/chrome-headless-shell --disable-field-trial-config --disable-background-networking --disable-background-timer-throttling --disable-backgrounding-occluded-windows --disable-back-forward-cache --disable-breakpad --disable-client-side-phishing-detection --disable-component-extensions-with-background-pages --disable-component-update --no-default-browser-check --disable-default-apps --disable-dev-shm-usage --disable-edgeupdater --disable-extensions --disable-features=AvoidUnnecessaryBeforeUnloadCheckSync,BoundaryEventDispatchTracksNodeRemoval,DestroyProfileOnBrowserClose,DialMediaRouteProvider,GlobalMediaControls,HttpsUpgrades,LensOverlay,MediaRouter,PaintHolding,ThirdPartyStoragePartitioning,Translate,AutoDeElevate,RenderDocument,OptimizationHints,msForceBrowserSignIn,msEdgeUpdateLaunchServicesPreferredVersion --enable-features=CDPScreenshotNewSurface --allow-pre-commit-input --disable-hang-monitor --disable-ipc-flooding-protection --disable-popup-blocking --disable-prompt-on-repost --disable-renderer-backgrounding --force-color-profile=srgb --metrics-recording-only --no-first-run --password-store=basic --use-mock-keychain --no-service-autorun --export-tagged-pdf --disable-search-engine-choice-screen --unsafely-disable-devtools-self-xss-warnings --edge-skip-compat-layer-relaunch --disable-infobars --disable-search-engine-choice-screen --disable-sync --enable-unsafe-swiftshader --headless --hide-scrollbars --mute-audio --blink-settings=primaryHoverType=2,availableHoverTypes=2,primaryPointerType=4,availablePointerTypes=4 --no-sandbox --user-data-dir=/var/folders/xx/vhn9ccgd6fn1yqgjn398gppw0000gn/T/playwright_chromiumdev_profile-upTp8I --remote-debugging-pipe --no-startup-window
    <launched> pid=18982
    [pid=18982][err] [0913/214050.653334:ERROR:base/power_monitor/thermal_state_observer_mac.mm:140] ThermalStateObserverMac unable to register to power notifications. Result: 9
    [pid=18982][err] [0913/214050.655041:ERROR:net/dns/dns_config_service_posix.cc:138] DNS config watch failed to start.
    [pid=18982][err] [0913/214050.655443:FATAL:base/apple/mach_port_rendezvous_mac.cc:159] Check failed: kr == KERN_SUCCESS. bootstrap_check_in org.chromium.Chromium.MachPortRendezvousServer.18982: Permission denied (1100)
    Call log:
    [2m  - <launching> /Users/pc141/Library/Caches/ms-playwright/chromium_headless_shell-1223/chrome-headless-shell-mac-arm64/chrome-headless-shell --disable-field-trial-config --disable-background-networking --disable-background-timer-throttling --disable-backgrounding-occluded-windows --disable-back-forward-cache --disable-breakpad --disable-client-side-phishing-detection --disable-component-extensions-with-background-pages --disable-component-update --no-default-browser-check --disable-default-apps --disable-dev-shm-usage --disable-edgeupdater --disable-extensions --disable-features=AvoidUnnecessaryBeforeUnloadCheckSync,BoundaryEventDispatchTracksNodeRemoval,DestroyProfileOnBrowserClose,DialMediaRouteProvider,GlobalMediaControls,HttpsUpgrades,LensOverlay,MediaRouter,PaintHolding,ThirdPartyStoragePartitioning,Translate,AutoDeElevate,RenderDocument,OptimizationHints,msForceBrowserSignIn,msEdgeUpdateLaunchServicesPreferredVersion --enable-features=CDPScreenshotNewSurface --allow-pre-commit-input --disable-hang-monitor --disable-ipc-flooding-protection --disable-popup-blocking --disable-prompt-on-repost --disable-renderer-backgrounding --force-color-profile=srgb --metrics-recording-only --no-first-run --password-store=basic --use-mock-keychain --no-service-autorun --export-tagged-pdf --disable-search-engine-choice-screen --unsafely-disable-devtools-self-xss-warnings --edge-skip-compat-layer-relaunch --disable-infobars --disable-search-engine-choice-screen --disable-sync --enable-unsafe-swiftshader --headless --hide-scrollbars --mute-audio --blink-settings=primaryHoverType=2,availableHoverTypes=2,primaryPointerType=4,availablePointerTypes=4 --no-sandbox --user-data-dir=/var/folders/xx/vhn9ccgd6fn1yqgjn398gppw0000gn/T/playwright_chromiumdev_profile-upTp8I --remote-debugging-pipe --no-startup-window[22m
    [2m  - <launched> pid=18982[22m
    [2m  - [pid=18982][err] [0913/214050.653334:ERROR:base/power_monitor/thermal_state_observer_mac.mm:140] ThermalStateObserverMac unable to register to power notifications. Result: 9[22m
    [2m  - [pid=18982][err] [0913/214050.655041:ERROR:net/dns/dns_config_service_posix.cc:138] DNS config watch failed to start.[22m
    [2m  - [pid=18982][err] [0913/214050.655443:FATAL:base/apple/mach_port_rendezvous_mac.cc:159] Check failed: kr == KERN_SUCCESS. bootstrap_check_in org.chromium.Chromium.MachPortRendezvousServer.18982: Permission denied (1100)[22m
    [2m  - [pid=18982] <gracefully close start>[22m
    [2m  - [pid=18982] <kill>[22m
    [2m  - [pid=18982] <will force kill>[22m
    [2m  - [pid=18982] exception while trying to kill process: Error: kill EPERM[22m
    [2m  - [pid=18982] <process did exit: exitCode=null, signal=SIGTRAP>[22m
    [2m  - [pid=18982] starting temporary directories cleanup[22m
    [2m  - [pid=18982] finished temporary directories cleanup[22m
    [2m  - [pid=18982] <gracefully close end>[22m


    Error Context: test-results/tools-VSWR-diagram-reacts-to-input-chromium/error-context.md

  47) [chromium] › e2e/tools.spec.ts:335:5 › VSWR keeps its derived primary result visible beside the inputs 

    Error: browserType.launch: Target page, context or browser has been closed
    Browser logs:

    <launching> /Users/pc141/Library/Caches/ms-playwright/chromium_headless_shell-1223/chrome-headless-shell-mac-arm64/chrome-headless-shell --disable-field-trial-config --disable-background-networking --disable-background-timer-throttling --disable-backgrounding-occluded-windows --disable-back-forward-cache --disable-breakpad --disable-client-side-phishing-detection --disable-component-extensions-with-background-pages --disable-component-update --no-default-browser-check --disable-default-apps --disable-dev-shm-usage --disable-edgeupdater --disable-extensions --disable-features=AvoidUnnecessaryBeforeUnloadCheckSync,BoundaryEventDispatchTracksNodeRemoval,DestroyProfileOnBrowserClose,DialMediaRouteProvider,GlobalMediaControls,HttpsUpgrades,LensOverlay,MediaRouter,PaintHolding,ThirdPartyStoragePartitioning,Translate,AutoDeElevate,RenderDocument,OptimizationHints,msForceBrowserSignIn,msEdgeUpdateLaunchServicesPreferredVersion --enable-features=CDPScreenshotNewSurface --allow-pre-commit-input --disable-hang-monitor --disable-ipc-flooding-protection --disable-popup-blocking --disable-prompt-on-repost --disable-renderer-backgrounding --force-color-profile=srgb --metrics-recording-only --no-first-run --password-store=basic --use-mock-keychain --no-service-autorun --export-tagged-pdf --disable-search-engine-choice-screen --unsafely-disable-devtools-self-xss-warnings --edge-skip-compat-layer-relaunch --disable-infobars --disable-search-engine-choice-screen --disable-sync --enable-unsafe-swiftshader --headless --hide-scrollbars --mute-audio --blink-settings=primaryHoverType=2,availableHoverTypes=2,primaryPointerType=4,availablePointerTypes=4 --no-sandbox --user-data-dir=/var/folders/xx/vhn9ccgd6fn1yqgjn398gppw0000gn/T/playwright_chromiumdev_profile-wB2bMG --remote-debugging-pipe --no-startup-window
    <launched> pid=18985
    [pid=18985][err] [0913/214050.861796:ERROR:base/power_monitor/thermal_state_observer_mac.mm:140] ThermalStateObserverMac unable to register to power notifications. Result: 9
    [pid=18985][err] [0913/214050.863270:ERROR:net/dns/dns_config_service_posix.cc:138] DNS config watch failed to start.
    [pid=18985][err] [0913/214050.863572:FATAL:base/apple/mach_port_rendezvous_mac.cc:159] Check failed: kr == KERN_SUCCESS. bootstrap_check_in org.chromium.Chromium.MachPortRendezvousServer.18985: Permission denied (1100)
    Call log:
    [2m  - <launching> /Users/pc141/Library/Caches/ms-playwright/chromium_headless_shell-1223/chrome-headless-shell-mac-arm64/chrome-headless-shell --disable-field-trial-config --disable-background-networking --disable-background-timer-throttling --disable-backgrounding-occluded-windows --disable-back-forward-cache --disable-breakpad --disable-client-side-phishing-detection --disable-component-extensions-with-background-pages --disable-component-update --no-default-browser-check --disable-default-apps --disable-dev-shm-usage --disable-edgeupdater --disable-extensions --disable-features=AvoidUnnecessaryBeforeUnloadCheckSync,BoundaryEventDispatchTracksNodeRemoval,DestroyProfileOnBrowserClose,DialMediaRouteProvider,GlobalMediaControls,HttpsUpgrades,LensOverlay,MediaRouter,PaintHolding,ThirdPartyStoragePartitioning,Translate,AutoDeElevate,RenderDocument,OptimizationHints,msForceBrowserSignIn,msEdgeUpdateLaunchServicesPreferredVersion --enable-features=CDPScreenshotNewSurface --allow-pre-commit-input --disable-hang-monitor --disable-ipc-flooding-protection --disable-popup-blocking --disable-prompt-on-repost --disable-renderer-backgrounding --force-color-profile=srgb --metrics-recording-only --no-first-run --password-store=basic --use-mock-keychain --no-service-autorun --export-tagged-pdf --disable-search-engine-choice-screen --unsafely-disable-devtools-self-xss-warnings --edge-skip-compat-layer-relaunch --disable-infobars --disable-search-engine-choice-screen --disable-sync --enable-unsafe-swiftshader --headless --hide-scrollbars --mute-audio --blink-settings=primaryHoverType=2,availableHoverTypes=2,primaryPointerType=4,availablePointerTypes=4 --no-sandbox --user-data-dir=/var/folders/xx/vhn9ccgd6fn1yqgjn398gppw0000gn/T/playwright_chromiumdev_profile-wB2bMG --remote-debugging-pipe --no-startup-window[22m
    [2m  - <launched> pid=18985[22m
    [2m  - [pid=18985][err] [0913/214050.861796:ERROR:base/power_monitor/thermal_state_observer_mac.mm:140] ThermalStateObserverMac unable to register to power notifications. Result: 9[22m
    [2m  - [pid=18985][err] [0913/214050.863270:ERROR:net/dns/dns_config_service_posix.cc:138] DNS config watch failed to start.[22m
    [2m  - [pid=18985][err] [0913/214050.863572:FATAL:base/apple/mach_port_rendezvous_mac.cc:159] Check failed: kr == KERN_SUCCESS. bootstrap_check_in org.chromium.Chromium.MachPortRendezvousServer.18985: Permission denied (1100)[22m
    [2m  - [pid=18985] <gracefully close start>[22m
    [2m  - [pid=18985] <kill>[22m
    [2m  - [pid=18985] <will force kill>[22m
    [2m  - [pid=18985] exception while trying to kill process: Error: kill EPERM[22m
    [2m  - [pid=18985] <process did exit: exitCode=null, signal=SIGTRAP>[22m
    [2m  - [pid=18985] starting temporary directories cleanup[22m
    [2m  - [pid=18985] finished temporary directories cleanup[22m
    [2m  - [pid=18985] <gracefully close end>[22m


    Error Context: test-results/tools-VSWR-keeps-its-deriv-fd161-t-visible-beside-the-inputs-chromium/error-context.md

  48) [chromium] › e2e/tools.spec.ts:351:5 › FSPL keeps its primary result visible beside the inputs 

    Error: browserType.launch: Target page, context or browser has been closed
    Browser logs:

    <launching> /Users/pc141/Library/Caches/ms-playwright/chromium_headless_shell-1223/chrome-headless-shell-mac-arm64/chrome-headless-shell --disable-field-trial-config --disable-background-networking --disable-background-timer-throttling --disable-backgrounding-occluded-windows --disable-back-forward-cache --disable-breakpad --disable-client-side-phishing-detection --disable-component-extensions-with-background-pages --disable-component-update --no-default-browser-check --disable-default-apps --disable-dev-shm-usage --disable-edgeupdater --disable-extensions --disable-features=AvoidUnnecessaryBeforeUnloadCheckSync,BoundaryEventDispatchTracksNodeRemoval,DestroyProfileOnBrowserClose,DialMediaRouteProvider,GlobalMediaControls,HttpsUpgrades,LensOverlay,MediaRouter,PaintHolding,ThirdPartyStoragePartitioning,Translate,AutoDeElevate,RenderDocument,OptimizationHints,msForceBrowserSignIn,msEdgeUpdateLaunchServicesPreferredVersion --enable-features=CDPScreenshotNewSurface --allow-pre-commit-input --disable-hang-monitor --disable-ipc-flooding-protection --disable-popup-blocking --disable-prompt-on-repost --disable-renderer-backgrounding --force-color-profile=srgb --metrics-recording-only --no-first-run --password-store=basic --use-mock-keychain --no-service-autorun --export-tagged-pdf --disable-search-engine-choice-screen --unsafely-disable-devtools-self-xss-warnings --edge-skip-compat-layer-relaunch --disable-infobars --disable-search-engine-choice-screen --disable-sync --enable-unsafe-swiftshader --headless --hide-scrollbars --mute-audio --blink-settings=primaryHoverType=2,availableHoverTypes=2,primaryPointerType=4,availablePointerTypes=4 --no-sandbox --user-data-dir=/var/folders/xx/vhn9ccgd6fn1yqgjn398gppw0000gn/T/playwright_chromiumdev_profile-nxg9O4 --remote-debugging-pipe --no-startup-window
    <launched> pid=18987
    [pid=18987][err] [0913/214051.070995:ERROR:base/power_monitor/thermal_state_observer_mac.mm:140] ThermalStateObserverMac unable to register to power notifications. Result: 9
    [pid=18987][err] [0913/214051.072620:ERROR:net/dns/dns_config_service_posix.cc:138] DNS config watch failed to start.
    [pid=18987][err] [0913/214051.072935:FATAL:base/apple/mach_port_rendezvous_mac.cc:159] Check failed: kr == KERN_SUCCESS. bootstrap_check_in org.chromium.Chromium.MachPortRendezvousServer.18987: Permission denied (1100)
    Call log:
    [2m  - <launching> /Users/pc141/Library/Caches/ms-playwright/chromium_headless_shell-1223/chrome-headless-shell-mac-arm64/chrome-headless-shell --disable-field-trial-config --disable-background-networking --disable-background-timer-throttling --disable-backgrounding-occluded-windows --disable-back-forward-cache --disable-breakpad --disable-client-side-phishing-detection --disable-component-extensions-with-background-pages --disable-component-update --no-default-browser-check --disable-default-apps --disable-dev-shm-usage --disable-edgeupdater --disable-extensions --disable-features=AvoidUnnecessaryBeforeUnloadCheckSync,BoundaryEventDispatchTracksNodeRemoval,DestroyProfileOnBrowserClose,DialMediaRouteProvider,GlobalMediaControls,HttpsUpgrades,LensOverlay,MediaRouter,PaintHolding,ThirdPartyStoragePartitioning,Translate,AutoDeElevate,RenderDocument,OptimizationHints,msForceBrowserSignIn,msEdgeUpdateLaunchServicesPreferredVersion --enable-features=CDPScreenshotNewSurface --allow-pre-commit-input --disable-hang-monitor --disable-ipc-flooding-protection --disable-popup-blocking --disable-prompt-on-repost --disable-renderer-backgrounding --force-color-profile=srgb --metrics-recording-only --no-first-run --password-store=basic --use-mock-keychain --no-service-autorun --export-tagged-pdf --disable-search-engine-choice-screen --unsafely-disable-devtools-self-xss-warnings --edge-skip-compat-layer-relaunch --disable-infobars --disable-search-engine-choice-screen --disable-sync --enable-unsafe-swiftshader --headless --hide-scrollbars --mute-audio --blink-settings=primaryHoverType=2,availableHoverTypes=2,primaryPointerType=4,availablePointerTypes=4 --no-sandbox --user-data-dir=/var/folders/xx/vhn9ccgd6fn1yqgjn398gppw0000gn/T/playwright_chromiumdev_profile-nxg9O4 --remote-debugging-pipe --no-startup-window[22m
    [2m  - <launched> pid=18987[22m
    [2m  - [pid=18987][err] [0913/214051.070995:ERROR:base/power_monitor/thermal_state_observer_mac.mm:140] ThermalStateObserverMac unable to register to power notifications. Result: 9[22m
    [2m  - [pid=18987][err] [0913/214051.072620:ERROR:net/dns/dns_config_service_posix.cc:138] DNS config watch failed to start.[22m
    [2m  - [pid=18987][err] [0913/214051.072935:FATAL:base/apple/mach_port_rendezvous_mac.cc:159] Check failed: kr == KERN_SUCCESS. bootstrap_check_in org.chromium.Chromium.MachPortRendezvousServer.18987: Permission denied (1100)[22m
    [2m  - [pid=18987] <gracefully close start>[22m
    [2m  - [pid=18987] <kill>[22m
    [2m  - [pid=18987] <will force kill>[22m
    [2m  - [pid=18987] exception while trying to kill process: Error: kill EPERM[22m
    [2m  - [pid=18987] <process did exit: exitCode=null, signal=SIGTRAP>[22m
    [2m  - [pid=18987] starting temporary directories cleanup[22m
    [2m  - [pid=18987] finished temporary directories cleanup[22m
    [2m  - [pid=18987] <gracefully close end>[22m


    Error Context: test-results/tools-FSPL-keeps-its-prima-940c0-t-visible-beside-the-inputs-chromium/error-context.md

  49) [chromium] › e2e/tools.spec.ts:366:5 › dBm converter keeps a derived primary result visible beside the input 

    Error: browserType.launch: Target page, context or browser has been closed
    Browser logs:

    <launching> /Users/pc141/Library/Caches/ms-playwright/chromium_headless_shell-1223/chrome-headless-shell-mac-arm64/chrome-headless-shell --disable-field-trial-config --disable-background-networking --disable-background-timer-throttling --disable-backgrounding-occluded-windows --disable-back-forward-cache --disable-breakpad --disable-client-side-phishing-detection --disable-component-extensions-with-background-pages --disable-component-update --no-default-browser-check --disable-default-apps --disable-dev-shm-usage --disable-edgeupdater --disable-extensions --disable-features=AvoidUnnecessaryBeforeUnloadCheckSync,BoundaryEventDispatchTracksNodeRemoval,DestroyProfileOnBrowserClose,DialMediaRouteProvider,GlobalMediaControls,HttpsUpgrades,LensOverlay,MediaRouter,PaintHolding,ThirdPartyStoragePartitioning,Translate,AutoDeElevate,RenderDocument,OptimizationHints,msForceBrowserSignIn,msEdgeUpdateLaunchServicesPreferredVersion --enable-features=CDPScreenshotNewSurface --allow-pre-commit-input --disable-hang-monitor --disable-ipc-flooding-protection --disable-popup-blocking --disable-prompt-on-repost --disable-renderer-backgrounding --force-color-profile=srgb --metrics-recording-only --no-first-run --password-store=basic --use-mock-keychain --no-service-autorun --export-tagged-pdf --disable-search-engine-choice-screen --unsafely-disable-devtools-self-xss-warnings --edge-skip-compat-layer-relaunch --disable-infobars --disable-search-engine-choice-screen --disable-sync --enable-unsafe-swiftshader --headless --hide-scrollbars --mute-audio --blink-settings=primaryHoverType=2,availableHoverTypes=2,primaryPointerType=4,availablePointerTypes=4 --no-sandbox --user-data-dir=/var/folders/xx/vhn9ccgd6fn1yqgjn398gppw0000gn/T/playwright_chromiumdev_profile-uJHW1x --remote-debugging-pipe --no-startup-window
    <launched> pid=18990
    [pid=18990][err] [0913/214051.273458:ERROR:base/power_monitor/thermal_state_observer_mac.mm:140] ThermalStateObserverMac unable to register to power notifications. Result: 9
    [pid=18990][err] [0913/214051.274960:ERROR:net/dns/dns_config_service_posix.cc:138] DNS config watch failed to start.
    [pid=18990][err] [0913/214051.275382:FATAL:base/apple/mach_port_rendezvous_mac.cc:159] Check failed: kr == KERN_SUCCESS. bootstrap_check_in org.chromium.Chromium.MachPortRendezvousServer.18990: Permission denied (1100)
    Call log:
    [2m  - <launching> /Users/pc141/Library/Caches/ms-playwright/chromium_headless_shell-1223/chrome-headless-shell-mac-arm64/chrome-headless-shell --disable-field-trial-config --disable-background-networking --disable-background-timer-throttling --disable-backgrounding-occluded-windows --disable-back-forward-cache --disable-breakpad --disable-client-side-phishing-detection --disable-component-extensions-with-background-pages --disable-component-update --no-default-browser-check --disable-default-apps --disable-dev-shm-usage --disable-edgeupdater --disable-extensions --disable-features=AvoidUnnecessaryBeforeUnloadCheckSync,BoundaryEventDispatchTracksNodeRemoval,DestroyProfileOnBrowserClose,DialMediaRouteProvider,GlobalMediaControls,HttpsUpgrades,LensOverlay,MediaRouter,PaintHolding,ThirdPartyStoragePartitioning,Translate,AutoDeElevate,RenderDocument,OptimizationHints,msForceBrowserSignIn,msEdgeUpdateLaunchServicesPreferredVersion --enable-features=CDPScreenshotNewSurface --allow-pre-commit-input --disable-hang-monitor --disable-ipc-flooding-protection --disable-popup-blocking --disable-prompt-on-repost --disable-renderer-backgrounding --force-color-profile=srgb --metrics-recording-only --no-first-run --password-store=basic --use-mock-keychain --no-service-autorun --export-tagged-pdf --disable-search-engine-choice-screen --unsafely-disable-devtools-self-xss-warnings --edge-skip-compat-layer-relaunch --disable-infobars --disable-search-engine-choice-screen --disable-sync --enable-unsafe-swiftshader --headless --hide-scrollbars --mute-audio --blink-settings=primaryHoverType=2,availableHoverTypes=2,primaryPointerType=4,availablePointerTypes=4 --no-sandbox --user-data-dir=/var/folders/xx/vhn9ccgd6fn1yqgjn398gppw0000gn/T/playwright_chromiumdev_profile-uJHW1x --remote-debugging-pipe --no-startup-window[22m
    [2m  - <launched> pid=18990[22m
    [2m  - [pid=18990][err] [0913/214051.273458:ERROR:base/power_monitor/thermal_state_observer_mac.mm:140] ThermalStateObserverMac unable to register to power notifications. Result: 9[22m
    [2m  - [pid=18990][err] [0913/214051.274960:ERROR:net/dns/dns_config_service_posix.cc:138] DNS config watch failed to start.[22m
    [2m  - [pid=18990][err] [0913/214051.275382:FATAL:base/apple/mach_port_rendezvous_mac.cc:159] Check failed: kr == KERN_SUCCESS. bootstrap_check_in org.chromium.Chromium.MachPortRendezvousServer.18990: Permission denied (1100)[22m
    [2m  - [pid=18990] <gracefully close start>[22m
    [2m  - [pid=18990] <kill>[22m
    [2m  - [pid=18990] <will force kill>[22m
    [2m  - [pid=18990] exception while trying to kill process: Error: kill EPERM[22m
    [2m  - [pid=18990] <process did exit: exitCode=null, signal=SIGTRAP>[22m
    [2m  - [pid=18990] starting temporary directories cleanup[22m
    [2m  - [pid=18990] finished temporary directories cleanup[22m
    [2m  - [pid=18990] <gracefully close end>[22m


    Error Context: test-results/tools-dBm-converter-keeps--f5f72-lt-visible-beside-the-input-chromium/error-context.md

  50) [chromium] › e2e/tools.spec.ts:381:5 › frequency tool keeps wavelength visible beside the input 

    Error: browserType.launch: Target page, context or browser has been closed
    Browser logs:

    <launching> /Users/pc141/Library/Caches/ms-playwright/chromium_headless_shell-1223/chrome-headless-shell-mac-arm64/chrome-headless-shell --disable-field-trial-config --disable-background-networking --disable-background-timer-throttling --disable-backgrounding-occluded-windows --disable-back-forward-cache --disable-breakpad --disable-client-side-phishing-detection --disable-component-extensions-with-background-pages --disable-component-update --no-default-browser-check --disable-default-apps --disable-dev-shm-usage --disable-edgeupdater --disable-extensions --disable-features=AvoidUnnecessaryBeforeUnloadCheckSync,BoundaryEventDispatchTracksNodeRemoval,DestroyProfileOnBrowserClose,DialMediaRouteProvider,GlobalMediaControls,HttpsUpgrades,LensOverlay,MediaRouter,PaintHolding,ThirdPartyStoragePartitioning,Translate,AutoDeElevate,RenderDocument,OptimizationHints,msForceBrowserSignIn,msEdgeUpdateLaunchServicesPreferredVersion --enable-features=CDPScreenshotNewSurface --allow-pre-commit-input --disable-hang-monitor --disable-ipc-flooding-protection --disable-popup-blocking --disable-prompt-on-repost --disable-renderer-backgrounding --force-color-profile=srgb --metrics-recording-only --no-first-run --password-store=basic --use-mock-keychain --no-service-autorun --export-tagged-pdf --disable-search-engine-choice-screen --unsafely-disable-devtools-self-xss-warnings --edge-skip-compat-layer-relaunch --disable-infobars --disable-search-engine-choice-screen --disable-sync --enable-unsafe-swiftshader --headless --hide-scrollbars --mute-audio --blink-settings=primaryHoverType=2,availableHoverTypes=2,primaryPointerType=4,availablePointerTypes=4 --no-sandbox --user-data-dir=/var/folders/xx/vhn9ccgd6fn1yqgjn398gppw0000gn/T/playwright_chromiumdev_profile-GRolJU --remote-debugging-pipe --no-startup-window
    <launched> pid=18992
    [pid=18992][err] [0913/214051.477353:ERROR:base/power_monitor/thermal_state_observer_mac.mm:140] ThermalStateObserverMac unable to register to power notifications. Result: 9
    [pid=18992][err] [0913/214051.478992:ERROR:net/dns/dns_config_service_posix.cc:138] DNS config watch failed to start.
    [pid=18992][err] [0913/214051.479371:FATAL:base/apple/mach_port_rendezvous_mac.cc:159] Check failed: kr == KERN_SUCCESS. bootstrap_check_in org.chromium.Chromium.MachPortRendezvousServer.18992: Permission denied (1100)
    Call log:
    [2m  - <launching> /Users/pc141/Library/Caches/ms-playwright/chromium_headless_shell-1223/chrome-headless-shell-mac-arm64/chrome-headless-shell --disable-field-trial-config --disable-background-networking --disable-background-timer-throttling --disable-backgrounding-occluded-windows --disable-back-forward-cache --disable-breakpad --disable-client-side-phishing-detection --disable-component-extensions-with-background-pages --disable-component-update --no-default-browser-check --disable-default-apps --disable-dev-shm-usage --disable-edgeupdater --disable-extensions --disable-features=AvoidUnnecessaryBeforeUnloadCheckSync,BoundaryEventDispatchTracksNodeRemoval,DestroyProfileOnBrowserClose,DialMediaRouteProvider,GlobalMediaControls,HttpsUpgrades,LensOverlay,MediaRouter,PaintHolding,ThirdPartyStoragePartitioning,Translate,AutoDeElevate,RenderDocument,OptimizationHints,msForceBrowserSignIn,msEdgeUpdateLaunchServicesPreferredVersion --enable-features=CDPScreenshotNewSurface --allow-pre-commit-input --disable-hang-monitor --disable-ipc-flooding-protection --disable-popup-blocking --disable-prompt-on-repost --disable-renderer-backgrounding --force-color-profile=srgb --metrics-recording-only --no-first-run --password-store=basic --use-mock-keychain --no-service-autorun --export-tagged-pdf --disable-search-engine-choice-screen --unsafely-disable-devtools-self-xss-warnings --edge-skip-compat-layer-relaunch --disable-infobars --disable-search-engine-choice-screen --disable-sync --enable-unsafe-swiftshader --headless --hide-scrollbars --mute-audio --blink-settings=primaryHoverType=2,availableHoverTypes=2,primaryPointerType=4,availablePointerTypes=4 --no-sandbox --user-data-dir=/var/folders/xx/vhn9ccgd6fn1yqgjn398gppw0000gn/T/playwright_chromiumdev_profile-GRolJU --remote-debugging-pipe --no-startup-window[22m
    [2m  - <launched> pid=18992[22m
    [2m  - [pid=18992][err] [0913/214051.477353:ERROR:base/power_monitor/thermal_state_observer_mac.mm:140] ThermalStateObserverMac unable to register to power notifications. Result: 9[22m
    [2m  - [pid=18992][err] [0913/214051.478992:ERROR:net/dns/dns_config_service_posix.cc:138] DNS config watch failed to start.[22m
    [2m  - [pid=18992][err] [0913/214051.479371:FATAL:base/apple/mach_port_rendezvous_mac.cc:159] Check failed: kr == KERN_SUCCESS. bootstrap_check_in org.chromium.Chromium.MachPortRendezvousServer.18992: Permission denied (1100)[22m
    [2m  - [pid=18992] <gracefully close start>[22m
    [2m  - [pid=18992] <kill>[22m
    [2m  - [pid=18992] <will force kill>[22m
    [2m  - [pid=18992] exception while trying to kill process: Error: kill EPERM[22m
    [2m  - [pid=18992] <process did exit: exitCode=null, signal=SIGTRAP>[22m
    [2m  - [pid=18992] starting temporary directories cleanup[22m
    [2m  - [pid=18992] finished temporary directories cleanup[22m
    [2m  - [pid=18992] <gracefully close end>[22m


    Error Context: test-results/tools-frequency-tool-keeps-a6c7a-th-visible-beside-the-input-chromium/error-context.md

  51) [chromium] › e2e/tools.spec.ts:392:5 › dB feel slider reacts to dB ───────────────────────────

    Error: browserType.launch: Target page, context or browser has been closed
    Browser logs:

    <launching> /Users/pc141/Library/Caches/ms-playwright/chromium_headless_shell-1223/chrome-headless-shell-mac-arm64/chrome-headless-shell --disable-field-trial-config --disable-background-networking --disable-background-timer-throttling --disable-backgrounding-occluded-windows --disable-back-forward-cache --disable-breakpad --disable-client-side-phishing-detection --disable-component-extensions-with-background-pages --disable-component-update --no-default-browser-check --disable-default-apps --disable-dev-shm-usage --disable-edgeupdater --disable-extensions --disable-features=AvoidUnnecessaryBeforeUnloadCheckSync,BoundaryEventDispatchTracksNodeRemoval,DestroyProfileOnBrowserClose,DialMediaRouteProvider,GlobalMediaControls,HttpsUpgrades,LensOverlay,MediaRouter,PaintHolding,ThirdPartyStoragePartitioning,Translate,AutoDeElevate,RenderDocument,OptimizationHints,msForceBrowserSignIn,msEdgeUpdateLaunchServicesPreferredVersion --enable-features=CDPScreenshotNewSurface --allow-pre-commit-input --disable-hang-monitor --disable-ipc-flooding-protection --disable-popup-blocking --disable-prompt-on-repost --disable-renderer-backgrounding --force-color-profile=srgb --metrics-recording-only --no-first-run --password-store=basic --use-mock-keychain --no-service-autorun --export-tagged-pdf --disable-search-engine-choice-screen --unsafely-disable-devtools-self-xss-warnings --edge-skip-compat-layer-relaunch --disable-infobars --disable-search-engine-choice-screen --disable-sync --enable-unsafe-swiftshader --headless --hide-scrollbars --mute-audio --blink-settings=primaryHoverType=2,availableHoverTypes=2,primaryPointerType=4,availablePointerTypes=4 --no-sandbox --user-data-dir=/var/folders/xx/vhn9ccgd6fn1yqgjn398gppw0000gn/T/playwright_chromiumdev_profile-LbngXX --remote-debugging-pipe --no-startup-window
    <launched> pid=18994
    [pid=18994][err] [0913/214051.678904:ERROR:base/power_monitor/thermal_state_observer_mac.mm:140] ThermalStateObserverMac unable to register to power notifications. Result: 9
    [pid=18994][err] [0913/214051.680527:ERROR:net/dns/dns_config_service_posix.cc:138] DNS config watch failed to start.
    [pid=18994][err] [0913/214051.680886:FATAL:base/apple/mach_port_rendezvous_mac.cc:159] Check failed: kr == KERN_SUCCESS. bootstrap_check_in org.chromium.Chromium.MachPortRendezvousServer.18994: Permission denied (1100)
    Call log:
    [2m  - <launching> /Users/pc141/Library/Caches/ms-playwright/chromium_headless_shell-1223/chrome-headless-shell-mac-arm64/chrome-headless-shell --disable-field-trial-config --disable-background-networking --disable-background-timer-throttling --disable-backgrounding-occluded-windows --disable-back-forward-cache --disable-breakpad --disable-client-side-phishing-detection --disable-component-extensions-with-background-pages --disable-component-update --no-default-browser-check --disable-default-apps --disable-dev-shm-usage --disable-edgeupdater --disable-extensions --disable-features=AvoidUnnecessaryBeforeUnloadCheckSync,BoundaryEventDispatchTracksNodeRemoval,DestroyProfileOnBrowserClose,DialMediaRouteProvider,GlobalMediaControls,HttpsUpgrades,LensOverlay,MediaRouter,PaintHolding,ThirdPartyStoragePartitioning,Translate,AutoDeElevate,RenderDocument,OptimizationHints,msForceBrowserSignIn,msEdgeUpdateLaunchServicesPreferredVersion --enable-features=CDPScreenshotNewSurface --allow-pre-commit-input --disable-hang-monitor --disable-ipc-flooding-protection --disable-popup-blocking --disable-prompt-on-repost --disable-renderer-backgrounding --force-color-profile=srgb --metrics-recording-only --no-first-run --password-store=basic --use-mock-keychain --no-service-autorun --export-tagged-pdf --disable-search-engine-choice-screen --unsafely-disable-devtools-self-xss-warnings --edge-skip-compat-layer-relaunch --disable-infobars --disable-search-engine-choice-screen --disable-sync --enable-unsafe-swiftshader --headless --hide-scrollbars --mute-audio --blink-settings=primaryHoverType=2,availableHoverTypes=2,primaryPointerType=4,availablePointerTypes=4 --no-sandbox --user-data-dir=/var/folders/xx/vhn9ccgd6fn1yqgjn398gppw0000gn/T/playwright_chromiumdev_profile-LbngXX --remote-debugging-pipe --no-startup-window[22m
    [2m  - <launched> pid=18994[22m
    [2m  - [pid=18994][err] [0913/214051.678904:ERROR:base/power_monitor/thermal_state_observer_mac.mm:140] ThermalStateObserverMac unable to register to power notifications. Result: 9[22m
    [2m  - [pid=18994][err] [0913/214051.680527:ERROR:net/dns/dns_config_service_posix.cc:138] DNS config watch failed to start.[22m
    [2m  - [pid=18994][err] [0913/214051.680886:FATAL:base/apple/mach_port_rendezvous_mac.cc:159] Check failed: kr == KERN_SUCCESS. bootstrap_check_in org.chromium.Chromium.MachPortRendezvousServer.18994: Permission denied (1100)[22m
    [2m  - [pid=18994] <gracefully close start>[22m
    [2m  - [pid=18994] <kill>[22m
    [2m  - [pid=18994] <will force kill>[22m
    [2m  - [pid=18994] exception while trying to kill process: Error: kill EPERM[22m
    [2m  - [pid=18994] <process did exit: exitCode=null, signal=SIGTRAP>[22m
    [2m  - [pid=18994] starting temporary directories cleanup[22m
    [2m  - [pid=18994] finished temporary directories cleanup[22m
    [2m  - [pid=18994] <gracefully close end>[22m


    Error Context: test-results/tools-dB-feel-slider-reacts-to-dB-chromium/error-context.md

  52) [chromium] › e2e/tools.spec.ts:404:5 › dB feel keeps power ratio visible beside the slider ───

    Error: browserType.launch: Target page, context or browser has been closed
    Browser logs:

    <launching> /Users/pc141/Library/Caches/ms-playwright/chromium_headless_shell-1223/chrome-headless-shell-mac-arm64/chrome-headless-shell --disable-field-trial-config --disable-background-networking --disable-background-timer-throttling --disable-backgrounding-occluded-windows --disable-back-forward-cache --disable-breakpad --disable-client-side-phishing-detection --disable-component-extensions-with-background-pages --disable-component-update --no-default-browser-check --disable-default-apps --disable-dev-shm-usage --disable-edgeupdater --disable-extensions --disable-features=AvoidUnnecessaryBeforeUnloadCheckSync,BoundaryEventDispatchTracksNodeRemoval,DestroyProfileOnBrowserClose,DialMediaRouteProvider,GlobalMediaControls,HttpsUpgrades,LensOverlay,MediaRouter,PaintHolding,ThirdPartyStoragePartitioning,Translate,AutoDeElevate,RenderDocument,OptimizationHints,msForceBrowserSignIn,msEdgeUpdateLaunchServicesPreferredVersion --enable-features=CDPScreenshotNewSurface --allow-pre-commit-input --disable-hang-monitor --disable-ipc-flooding-protection --disable-popup-blocking --disable-prompt-on-repost --disable-renderer-backgrounding --force-color-profile=srgb --metrics-recording-only --no-first-run --password-store=basic --use-mock-keychain --no-service-autorun --export-tagged-pdf --disable-search-engine-choice-screen --unsafely-disable-devtools-self-xss-warnings --edge-skip-compat-layer-relaunch --disable-infobars --disable-search-engine-choice-screen --disable-sync --enable-unsafe-swiftshader --headless --hide-scrollbars --mute-audio --blink-settings=primaryHoverType=2,availableHoverTypes=2,primaryPointerType=4,availablePointerTypes=4 --no-sandbox --user-data-dir=/var/folders/xx/vhn9ccgd6fn1yqgjn398gppw0000gn/T/playwright_chromiumdev_profile-7fEAxy --remote-debugging-pipe --no-startup-window
    <launched> pid=18996
    [pid=18996][err] [0913/214051.888993:ERROR:base/power_monitor/thermal_state_observer_mac.mm:140] ThermalStateObserverMac unable to register to power notifications. Result: 9
    [pid=18996][err] [0913/214051.890494:ERROR:net/dns/dns_config_service_posix.cc:138] DNS config watch failed to start.
    [pid=18996][err] [0913/214051.890868:FATAL:base/apple/mach_port_rendezvous_mac.cc:159] Check failed: kr == KERN_SUCCESS. bootstrap_check_in org.chromium.Chromium.MachPortRendezvousServer.18996: Permission denied (1100)
    Call log:
    [2m  - <launching> /Users/pc141/Library/Caches/ms-playwright/chromium_headless_shell-1223/chrome-headless-shell-mac-arm64/chrome-headless-shell --disable-field-trial-config --disable-background-networking --disable-background-timer-throttling --disable-backgrounding-occluded-windows --disable-back-forward-cache --disable-breakpad --disable-client-side-phishing-detection --disable-component-extensions-with-background-pages --disable-component-update --no-default-browser-check --disable-default-apps --disable-dev-shm-usage --disable-edgeupdater --disable-extensions --disable-features=AvoidUnnecessaryBeforeUnloadCheckSync,BoundaryEventDispatchTracksNodeRemoval,DestroyProfileOnBrowserClose,DialMediaRouteProvider,GlobalMediaControls,HttpsUpgrades,LensOverlay,MediaRouter,PaintHolding,ThirdPartyStoragePartitioning,Translate,AutoDeElevate,RenderDocument,OptimizationHints,msForceBrowserSignIn,msEdgeUpdateLaunchServicesPreferredVersion --enable-features=CDPScreenshotNewSurface --allow-pre-commit-input --disable-hang-monitor --disable-ipc-flooding-protection --disable-popup-blocking --disable-prompt-on-repost --disable-renderer-backgrounding --force-color-profile=srgb --metrics-recording-only --no-first-run --password-store=basic --use-mock-keychain --no-service-autorun --export-tagged-pdf --disable-search-engine-choice-screen --unsafely-disable-devtools-self-xss-warnings --edge-skip-compat-layer-relaunch --disable-infobars --disable-search-engine-choice-screen --disable-sync --enable-unsafe-swiftshader --headless --hide-scrollbars --mute-audio --blink-settings=primaryHoverType=2,availableHoverTypes=2,primaryPointerType=4,availablePointerTypes=4 --no-sandbox --user-data-dir=/var/folders/xx/vhn9ccgd6fn1yqgjn398gppw0000gn/T/playwright_chromiumdev_profile-7fEAxy --remote-debugging-pipe --no-startup-window[22m
    [2m  - <launched> pid=18996[22m
    [2m  - [pid=18996][err] [0913/214051.888993:ERROR:base/power_monitor/thermal_state_observer_mac.mm:140] ThermalStateObserverMac unable to register to power notifications. Result: 9[22m
    [2m  - [pid=18996][err] [0913/214051.890494:ERROR:net/dns/dns_config_service_posix.cc:138] DNS config watch failed to start.[22m
    [2m  - [pid=18996][err] [0913/214051.890868:FATAL:base/apple/mach_port_rendezvous_mac.cc:159] Check failed: kr == KERN_SUCCESS. bootstrap_check_in org.chromium.Chromium.MachPortRendezvousServer.18996: Permission denied (1100)[22m
    [2m  - [pid=18996] <gracefully close start>[22m
    [2m  - [pid=18996] <kill>[22m
    [2m  - [pid=18996] <will force kill>[22m
    [2m  - [pid=18996] exception while trying to kill process: Error: kill EPERM[22m
    [2m  - [pid=18996] <process did exit: exitCode=null, signal=SIGTRAP>[22m
    [2m  - [pid=18996] starting temporary directories cleanup[22m
    [2m  - [pid=18996] finished temporary directories cleanup[22m
    [2m  - [pid=18996] <gracefully close end>[22m


    Error Context: test-results/tools-dB-feel-keeps-power-ratio-visible-beside-the-slider-chromium/error-context.md

  53) [chromium] › e2e/tools.spec.ts:413:5 › coax tool keeps total loss visible beside the inputs ──

    Error: browserType.launch: Target page, context or browser has been closed
    Browser logs:

    <launching> /Users/pc141/Library/Caches/ms-playwright/chromium_headless_shell-1223/chrome-headless-shell-mac-arm64/chrome-headless-shell --disable-field-trial-config --disable-background-networking --disable-background-timer-throttling --disable-backgrounding-occluded-windows --disable-back-forward-cache --disable-breakpad --disable-client-side-phishing-detection --disable-component-extensions-with-background-pages --disable-component-update --no-default-browser-check --disable-default-apps --disable-dev-shm-usage --disable-edgeupdater --disable-extensions --disable-features=AvoidUnnecessaryBeforeUnloadCheckSync,BoundaryEventDispatchTracksNodeRemoval,DestroyProfileOnBrowserClose,DialMediaRouteProvider,GlobalMediaControls,HttpsUpgrades,LensOverlay,MediaRouter,PaintHolding,ThirdPartyStoragePartitioning,Translate,AutoDeElevate,RenderDocument,OptimizationHints,msForceBrowserSignIn,msEdgeUpdateLaunchServicesPreferredVersion --enable-features=CDPScreenshotNewSurface --allow-pre-commit-input --disable-hang-monitor --disable-ipc-flooding-protection --disable-popup-blocking --disable-prompt-on-repost --disable-renderer-backgrounding --force-color-profile=srgb --metrics-recording-only --no-first-run --password-store=basic --use-mock-keychain --no-service-autorun --export-tagged-pdf --disable-search-engine-choice-screen --unsafely-disable-devtools-self-xss-warnings --edge-skip-compat-layer-relaunch --disable-infobars --disable-search-engine-choice-screen --disable-sync --enable-unsafe-swiftshader --headless --hide-scrollbars --mute-audio --blink-settings=primaryHoverType=2,availableHoverTypes=2,primaryPointerType=4,availablePointerTypes=4 --no-sandbox --user-data-dir=/var/folders/xx/vhn9ccgd6fn1yqgjn398gppw0000gn/T/playwright_chromiumdev_profile-BGCqg9 --remote-debugging-pipe --no-startup-window
    <launched> pid=19008
    [pid=19008][err] [0913/214052.093588:ERROR:base/power_monitor/thermal_state_observer_mac.mm:140] ThermalStateObserverMac unable to register to power notifications. Result: 9
    [pid=19008][err] [0913/214052.095447:ERROR:net/dns/dns_config_service_posix.cc:138] DNS config watch failed to start.
    [pid=19008][err] [0913/214052.095921:FATAL:base/apple/mach_port_rendezvous_mac.cc:159] Check failed: kr == KERN_SUCCESS. bootstrap_check_in org.chromium.Chromium.MachPortRendezvousServer.19008: Permission denied (1100)
    Call log:
    [2m  - <launching> /Users/pc141/Library/Caches/ms-playwright/chromium_headless_shell-1223/chrome-headless-shell-mac-arm64/chrome-headless-shell --disable-field-trial-config --disable-background-networking --disable-background-timer-throttling --disable-backgrounding-occluded-windows --disable-back-forward-cache --disable-breakpad --disable-client-side-phishing-detection --disable-component-extensions-with-background-pages --disable-component-update --no-default-browser-check --disable-default-apps --disable-dev-shm-usage --disable-edgeupdater --disable-extensions --disable-features=AvoidUnnecessaryBeforeUnloadCheckSync,BoundaryEventDispatchTracksNodeRemoval,DestroyProfileOnBrowserClose,DialMediaRouteProvider,GlobalMediaControls,HttpsUpgrades,LensOverlay,MediaRouter,PaintHolding,ThirdPartyStoragePartitioning,Translate,AutoDeElevate,RenderDocument,OptimizationHints,msForceBrowserSignIn,msEdgeUpdateLaunchServicesPreferredVersion --enable-features=CDPScreenshotNewSurface --allow-pre-commit-input --disable-hang-monitor --disable-ipc-flooding-protection --disable-popup-blocking --disable-prompt-on-repost --disable-renderer-backgrounding --force-color-profile=srgb --metrics-recording-only --no-first-run --password-store=basic --use-mock-keychain --no-service-autorun --export-tagged-pdf --disable-search-engine-choice-screen --unsafely-disable-devtools-self-xss-warnings --edge-skip-compat-layer-relaunch --disable-infobars --disable-search-engine-choice-screen --disable-sync --enable-unsafe-swiftshader --headless --hide-scrollbars --mute-audio --blink-settings=primaryHoverType=2,availableHoverTypes=2,primaryPointerType=4,availablePointerTypes=4 --no-sandbox --user-data-dir=/var/folders/xx/vhn9ccgd6fn1yqgjn398gppw0000gn/T/playwright_chromiumdev_profile-BGCqg9 --remote-debugging-pipe --no-startup-window[22m
    [2m  - <launched> pid=19008[22m
    [2m  - [pid=19008][err] [0913/214052.093588:ERROR:base/power_monitor/thermal_state_observer_mac.mm:140] ThermalStateObserverMac unable to register to power notifications. Result: 9[22m
    [2m  - [pid=19008][err] [0913/214052.095447:ERROR:net/dns/dns_config_service_posix.cc:138] DNS config watch failed to start.[22m
    [2m  - [pid=19008][err] [0913/214052.095921:FATAL:base/apple/mach_port_rendezvous_mac.cc:159] Check failed: kr == KERN_SUCCESS. bootstrap_check_in org.chromium.Chromium.MachPortRendezvousServer.19008: Permission denied (1100)[22m
    [2m  - [pid=19008] <gracefully close start>[22m
    [2m  - [pid=19008] <kill>[22m
    [2m  - [pid=19008] <will force kill>[22m
    [2m  - [pid=19008] exception while trying to kill process: Error: kill EPERM[22m
    [2m  - [pid=19008] <process did exit: exitCode=null, signal=SIGTRAP>[22m
    [2m  - [pid=19008] starting temporary directories cleanup[22m
    [2m  - [pid=19008] finished temporary directories cleanup[22m
    [2m  - [pid=19008] <gracefully close end>[22m


    Error Context: test-results/tools-coax-tool-keeps-total-loss-visible-beside-the-inputs-chromium/error-context.md

  54) [chromium] › e2e/tools.spec.ts:424:5 › RF calculator opens in guided mode with advice chips that apply on click 

    Error: browserType.launch: Target page, context or browser has been closed
    Browser logs:

    <launching> /Users/pc141/Library/Caches/ms-playwright/chromium_headless_shell-1223/chrome-headless-shell-mac-arm64/chrome-headless-shell --disable-field-trial-config --disable-background-networking --disable-background-timer-throttling --disable-backgrounding-occluded-windows --disable-back-forward-cache --disable-breakpad --disable-client-side-phishing-detection --disable-component-extensions-with-background-pages --disable-component-update --no-default-browser-check --disable-default-apps --disable-dev-shm-usage --disable-edgeupdater --disable-extensions --disable-features=AvoidUnnecessaryBeforeUnloadCheckSync,BoundaryEventDispatchTracksNodeRemoval,DestroyProfileOnBrowserClose,DialMediaRouteProvider,GlobalMediaControls,HttpsUpgrades,LensOverlay,MediaRouter,PaintHolding,ThirdPartyStoragePartitioning,Translate,AutoDeElevate,RenderDocument,OptimizationHints,msForceBrowserSignIn,msEdgeUpdateLaunchServicesPreferredVersion --enable-features=CDPScreenshotNewSurface --allow-pre-commit-input --disable-hang-monitor --disable-ipc-flooding-protection --disable-popup-blocking --disable-prompt-on-repost --disable-renderer-backgrounding --force-color-profile=srgb --metrics-recording-only --no-first-run --password-store=basic --use-mock-keychain --no-service-autorun --export-tagged-pdf --disable-search-engine-choice-screen --unsafely-disable-devtools-self-xss-warnings --edge-skip-compat-layer-relaunch --disable-infobars --disable-search-engine-choice-screen --disable-sync --enable-unsafe-swiftshader --headless --hide-scrollbars --mute-audio --blink-settings=primaryHoverType=2,availableHoverTypes=2,primaryPointerType=4,availablePointerTypes=4 --no-sandbox --user-data-dir=/var/folders/xx/vhn9ccgd6fn1yqgjn398gppw0000gn/T/playwright_chromiumdev_profile-slKTRb --remote-debugging-pipe --no-startup-window
    <launched> pid=19010
    [pid=19010][err] [0913/214052.314019:ERROR:base/power_monitor/thermal_state_observer_mac.mm:140] ThermalStateObserverMac unable to register to power notifications. Result: 9
    [pid=19010][err] [0913/214052.315634:ERROR:net/dns/dns_config_service_posix.cc:138] DNS config watch failed to start.
    [pid=19010][err] [0913/214052.315978:FATAL:base/apple/mach_port_rendezvous_mac.cc:159] Check failed: kr == KERN_SUCCESS. bootstrap_check_in org.chromium.Chromium.MachPortRendezvousServer.19010: Permission denied (1100)
    Call log:
    [2m  - <launching> /Users/pc141/Library/Caches/ms-playwright/chromium_headless_shell-1223/chrome-headless-shell-mac-arm64/chrome-headless-shell --disable-field-trial-config --disable-background-networking --disable-background-timer-throttling --disable-backgrounding-occluded-windows --disable-back-forward-cache --disable-breakpad --disable-client-side-phishing-detection --disable-component-extensions-with-background-pages --disable-component-update --no-default-browser-check --disable-default-apps --disable-dev-shm-usage --disable-edgeupdater --disable-extensions --disable-features=AvoidUnnecessaryBeforeUnloadCheckSync,BoundaryEventDispatchTracksNodeRemoval,DestroyProfileOnBrowserClose,DialMediaRouteProvider,GlobalMediaControls,HttpsUpgrades,LensOverlay,MediaRouter,PaintHolding,ThirdPartyStoragePartitioning,Translate,AutoDeElevate,RenderDocument,OptimizationHints,msForceBrowserSignIn,msEdgeUpdateLaunchServicesPreferredVersion --enable-features=CDPScreenshotNewSurface --allow-pre-commit-input --disable-hang-monitor --disable-ipc-flooding-protection --disable-popup-blocking --disable-prompt-on-repost --disable-renderer-backgrounding --force-color-profile=srgb --metrics-recording-only --no-first-run --password-store=basic --use-mock-keychain --no-service-autorun --export-tagged-pdf --disable-search-engine-choice-screen --unsafely-disable-devtools-self-xss-warnings --edge-skip-compat-layer-relaunch --disable-infobars --disable-search-engine-choice-screen --disable-sync --enable-unsafe-swiftshader --headless --hide-scrollbars --mute-audio --blink-settings=primaryHoverType=2,availableHoverTypes=2,primaryPointerType=4,availablePointerTypes=4 --no-sandbox --user-data-dir=/var/folders/xx/vhn9ccgd6fn1yqgjn398gppw0000gn/T/playwright_chromiumdev_profile-slKTRb --remote-debugging-pipe --no-startup-window[22m
    [2m  - <launched> pid=19010[22m
    [2m  - [pid=19010][err] [0913/214052.314019:ERROR:base/power_monitor/thermal_state_observer_mac.mm:140] ThermalStateObserverMac unable to register to power notifications. Result: 9[22m
    [2m  - [pid=19010][err] [0913/214052.315634:ERROR:net/dns/dns_config_service_posix.cc:138] DNS config watch failed to start.[22m
    [2m  - [pid=19010][err] [0913/214052.315978:FATAL:base/apple/mach_port_rendezvous_mac.cc:159] Check failed: kr == KERN_SUCCESS. bootstrap_check_in org.chromium.Chromium.MachPortRendezvousServer.19010: Permission denied (1100)[22m
    [2m  - [pid=19010] <gracefully close start>[22m
    [2m  - [pid=19010] <kill>[22m
    [2m  - [pid=19010] <will force kill>[22m
    [2m  - [pid=19010] exception while trying to kill process: Error: kill EPERM[22m
    [2m  - [pid=19010] <process did exit: exitCode=null, signal=SIGTRAP>[22m
    [2m  - [pid=19010] starting temporary directories cleanup[22m
    [2m  - [pid=19010] finished temporary directories cleanup[22m
    [2m  - [pid=19010] <gracefully close end>[22m


    Error Context: test-results/tools-RF-calculator-opens--c4df3-e-chips-that-apply-on-click-chromium/error-context.md

  55) [chromium] › e2e/tools.spec.ts:453:5 › RF calculator switches to the research distance sheet ─

    Error: browserType.launch: Target page, context or browser has been closed
    Browser logs:

    <launching> /Users/pc141/Library/Caches/ms-playwright/chromium_headless_shell-1223/chrome-headless-shell-mac-arm64/chrome-headless-shell --disable-field-trial-config --disable-background-networking --disable-background-timer-throttling --disable-backgrounding-occluded-windows --disable-back-forward-cache --disable-breakpad --disable-client-side-phishing-detection --disable-component-extensions-with-background-pages --disable-component-update --no-default-browser-check --disable-default-apps --disable-dev-shm-usage --disable-edgeupdater --disable-extensions --disable-features=AvoidUnnecessaryBeforeUnloadCheckSync,BoundaryEventDispatchTracksNodeRemoval,DestroyProfileOnBrowserClose,DialMediaRouteProvider,GlobalMediaControls,HttpsUpgrades,LensOverlay,MediaRouter,PaintHolding,ThirdPartyStoragePartitioning,Translate,AutoDeElevate,RenderDocument,OptimizationHints,msForceBrowserSignIn,msEdgeUpdateLaunchServicesPreferredVersion --enable-features=CDPScreenshotNewSurface --allow-pre-commit-input --disable-hang-monitor --disable-ipc-flooding-protection --disable-popup-blocking --disable-prompt-on-repost --disable-renderer-backgrounding --force-color-profile=srgb --metrics-recording-only --no-first-run --password-store=basic --use-mock-keychain --no-service-autorun --export-tagged-pdf --disable-search-engine-choice-screen --unsafely-disable-devtools-self-xss-warnings --edge-skip-compat-layer-relaunch --disable-infobars --disable-search-engine-choice-screen --disable-sync --enable-unsafe-swiftshader --headless --hide-scrollbars --mute-audio --blink-settings=primaryHoverType=2,availableHoverTypes=2,primaryPointerType=4,availablePointerTypes=4 --no-sandbox --user-data-dir=/var/folders/xx/vhn9ccgd6fn1yqgjn398gppw0000gn/T/playwright_chromiumdev_profile-zp226u --remote-debugging-pipe --no-startup-window
    <launched> pid=19012
    [pid=19012][err] [0913/214052.521851:ERROR:base/power_monitor/thermal_state_observer_mac.mm:140] ThermalStateObserverMac unable to register to power notifications. Result: 9
    [pid=19012][err] [0913/214052.523489:ERROR:net/dns/dns_config_service_posix.cc:138] DNS config watch failed to start.
    [pid=19012][err] [0913/214052.523771:FATAL:base/apple/mach_port_rendezvous_mac.cc:159] Check failed: kr == KERN_SUCCESS. bootstrap_check_in org.chromium.Chromium.MachPortRendezvousServer.19012: Permission denied (1100)
    Call log:
    [2m  - <launching> /Users/pc141/Library/Caches/ms-playwright/chromium_headless_shell-1223/chrome-headless-shell-mac-arm64/chrome-headless-shell --disable-field-trial-config --disable-background-networking --disable-background-timer-throttling --disable-backgrounding-occluded-windows --disable-back-forward-cache --disable-breakpad --disable-client-side-phishing-detection --disable-component-extensions-with-background-pages --disable-component-update --no-default-browser-check --disable-default-apps --disable-dev-shm-usage --disable-edgeupdater --disable-extensions --disable-features=AvoidUnnecessaryBeforeUnloadCheckSync,BoundaryEventDispatchTracksNodeRemoval,DestroyProfileOnBrowserClose,DialMediaRouteProvider,GlobalMediaControls,HttpsUpgrades,LensOverlay,MediaRouter,PaintHolding,ThirdPartyStoragePartitioning,Translate,AutoDeElevate,RenderDocument,OptimizationHints,msForceBrowserSignIn,msEdgeUpdateLaunchServicesPreferredVersion --enable-features=CDPScreenshotNewSurface --allow-pre-commit-input --disable-hang-monitor --disable-ipc-flooding-protection --disable-popup-blocking --disable-prompt-on-repost --disable-renderer-backgrounding --force-color-profile=srgb --metrics-recording-only --no-first-run --password-store=basic --use-mock-keychain --no-service-autorun --export-tagged-pdf --disable-search-engine-choice-screen --unsafely-disable-devtools-self-xss-warnings --edge-skip-compat-layer-relaunch --disable-infobars --disable-search-engine-choice-screen --disable-sync --enable-unsafe-swiftshader --headless --hide-scrollbars --mute-audio --blink-settings=primaryHoverType=2,availableHoverTypes=2,primaryPointerType=4,availablePointerTypes=4 --no-sandbox --user-data-dir=/var/folders/xx/vhn9ccgd6fn1yqgjn398gppw0000gn/T/playwright_chromiumdev_profile-zp226u --remote-debugging-pipe --no-startup-window[22m
    [2m  - <launched> pid=19012[22m
    [2m  - [pid=19012][err] [0913/214052.521851:ERROR:base/power_monitor/thermal_state_observer_mac.mm:140] ThermalStateObserverMac unable to register to power notifications. Result: 9[22m
    [2m  - [pid=19012][err] [0913/214052.523489:ERROR:net/dns/dns_config_service_posix.cc:138] DNS config watch failed to start.[22m
    [2m  - [pid=19012][err] [0913/214052.523771:FATAL:base/apple/mach_port_rendezvous_mac.cc:159] Check failed: kr == KERN_SUCCESS. bootstrap_check_in org.chromium.Chromium.MachPortRendezvousServer.19012: Permission denied (1100)[22m
    [2m  - [pid=19012] <gracefully close start>[22m
    [2m  - [pid=19012] <kill>[22m
    [2m  - [pid=19012] <will force kill>[22m
    [2m  - [pid=19012] exception while trying to kill process: Error: kill EPERM[22m
    [2m  - [pid=19012] <process did exit: exitCode=null, signal=SIGTRAP>[22m
    [2m  - [pid=19012] starting temporary directories cleanup[22m
    [2m  - [pid=19012] finished temporary directories cleanup[22m
    [2m  - [pid=19012] <gracefully close end>[22m


    Error Context: test-results/tools-RF-calculator-switches-to-the-research-distance-sheet-chromium/error-context.md

  56) [chromium] › e2e/tools.spec.ts:475:5 › RF calculator keeps each number field's intentional empty-value behavior 

    Error: browserType.launch: Target page, context or browser has been closed
    Browser logs:

    <launching> /Users/pc141/Library/Caches/ms-playwright/chromium_headless_shell-1223/chrome-headless-shell-mac-arm64/chrome-headless-shell --disable-field-trial-config --disable-background-networking --disable-background-timer-throttling --disable-backgrounding-occluded-windows --disable-back-forward-cache --disable-breakpad --disable-client-side-phishing-detection --disable-component-extensions-with-background-pages --disable-component-update --no-default-browser-check --disable-default-apps --disable-dev-shm-usage --disable-edgeupdater --disable-extensions --disable-features=AvoidUnnecessaryBeforeUnloadCheckSync,BoundaryEventDispatchTracksNodeRemoval,DestroyProfileOnBrowserClose,DialMediaRouteProvider,GlobalMediaControls,HttpsUpgrades,LensOverlay,MediaRouter,PaintHolding,ThirdPartyStoragePartitioning,Translate,AutoDeElevate,RenderDocument,OptimizationHints,msForceBrowserSignIn,msEdgeUpdateLaunchServicesPreferredVersion --enable-features=CDPScreenshotNewSurface --allow-pre-commit-input --disable-hang-monitor --disable-ipc-flooding-protection --disable-popup-blocking --disable-prompt-on-repost --disable-renderer-backgrounding --force-color-profile=srgb --metrics-recording-only --no-first-run --password-store=basic --use-mock-keychain --no-service-autorun --export-tagged-pdf --disable-search-engine-choice-screen --unsafely-disable-devtools-self-xss-warnings --edge-skip-compat-layer-relaunch --disable-infobars --disable-search-engine-choice-screen --disable-sync --enable-unsafe-swiftshader --headless --hide-scrollbars --mute-audio --blink-settings=primaryHoverType=2,availableHoverTypes=2,primaryPointerType=4,availablePointerTypes=4 --no-sandbox --user-data-dir=/var/folders/xx/vhn9ccgd6fn1yqgjn398gppw0000gn/T/playwright_chromiumdev_profile-aSDPNd --remote-debugging-pipe --no-startup-window
    <launched> pid=19014
    [pid=19014][err] [0913/214052.732197:ERROR:base/power_monitor/thermal_state_observer_mac.mm:140] ThermalStateObserverMac unable to register to power notifications. Result: 9
    [pid=19014][err] [0913/214052.733771:ERROR:net/dns/dns_config_service_posix.cc:138] DNS config watch failed to start.
    [pid=19014][err] [0913/214052.734218:FATAL:base/apple/mach_port_rendezvous_mac.cc:159] Check failed: kr == KERN_SUCCESS. bootstrap_check_in org.chromium.Chromium.MachPortRendezvousServer.19014: Permission denied (1100)
    Call log:
    [2m  - <launching> /Users/pc141/Library/Caches/ms-playwright/chromium_headless_shell-1223/chrome-headless-shell-mac-arm64/chrome-headless-shell --disable-field-trial-config --disable-background-networking --disable-background-timer-throttling --disable-backgrounding-occluded-windows --disable-back-forward-cache --disable-breakpad --disable-client-side-phishing-detection --disable-component-extensions-with-background-pages --disable-component-update --no-default-browser-check --disable-default-apps --disable-dev-shm-usage --disable-edgeupdater --disable-extensions --disable-features=AvoidUnnecessaryBeforeUnloadCheckSync,BoundaryEventDispatchTracksNodeRemoval,DestroyProfileOnBrowserClose,DialMediaRouteProvider,GlobalMediaControls,HttpsUpgrades,LensOverlay,MediaRouter,PaintHolding,ThirdPartyStoragePartitioning,Translate,AutoDeElevate,RenderDocument,OptimizationHints,msForceBrowserSignIn,msEdgeUpdateLaunchServicesPreferredVersion --enable-features=CDPScreenshotNewSurface --allow-pre-commit-input --disable-hang-monitor --disable-ipc-flooding-protection --disable-popup-blocking --disable-prompt-on-repost --disable-renderer-backgrounding --force-color-profile=srgb --metrics-recording-only --no-first-run --password-store=basic --use-mock-keychain --no-service-autorun --export-tagged-pdf --disable-search-engine-choice-screen --unsafely-disable-devtools-self-xss-warnings --edge-skip-compat-layer-relaunch --disable-infobars --disable-search-engine-choice-screen --disable-sync --enable-unsafe-swiftshader --headless --hide-scrollbars --mute-audio --blink-settings=primaryHoverType=2,availableHoverTypes=2,primaryPointerType=4,availablePointerTypes=4 --no-sandbox --user-data-dir=/var/folders/xx/vhn9ccgd6fn1yqgjn398gppw0000gn/T/playwright_chromiumdev_profile-aSDPNd --remote-debugging-pipe --no-startup-window[22m
    [2m  - <launched> pid=19014[22m
    [2m  - [pid=19014][err] [0913/214052.732197:ERROR:base/power_monitor/thermal_state_observer_mac.mm:140] ThermalStateObserverMac unable to register to power notifications. Result: 9[22m
    [2m  - [pid=19014][err] [0913/214052.733771:ERROR:net/dns/dns_config_service_posix.cc:138] DNS config watch failed to start.[22m
    [2m  - [pid=19014][err] [0913/214052.734218:FATAL:base/apple/mach_port_rendezvous_mac.cc:159] Check failed: kr == KERN_SUCCESS. bootstrap_check_in org.chromium.Chromium.MachPortRendezvousServer.19014: Permission denied (1100)[22m
    [2m  - [pid=19014] <gracefully close start>[22m
    [2m  - [pid=19014] <kill>[22m
    [2m  - [pid=19014] <will force kill>[22m
    [2m  - [pid=19014] exception while trying to kill process: Error: kill EPERM[22m
    [2m  - [pid=19014] <process did exit: exitCode=null, signal=SIGTRAP>[22m
    [2m  - [pid=19014] starting temporary directories cleanup[22m
    [2m  - [pid=19014] finished temporary directories cleanup[22m
    [2m  - [pid=19014] <gracefully close end>[22m


    Error Context: test-results/tools-RF-calculator-keeps--46f16-tional-empty-value-behavior-chromium/error-context.md

  57) [chromium] › e2e/tools.spec.ts:501:5 › research distance delays the invalid-frequency banner while typing 

    Error: browserType.launch: Target page, context or browser has been closed
    Browser logs:

    <launching> /Users/pc141/Library/Caches/ms-playwright/chromium_headless_shell-1223/chrome-headless-shell-mac-arm64/chrome-headless-shell --disable-field-trial-config --disable-background-networking --disable-background-timer-throttling --disable-backgrounding-occluded-windows --disable-back-forward-cache --disable-breakpad --disable-client-side-phishing-detection --disable-component-extensions-with-background-pages --disable-component-update --no-default-browser-check --disable-default-apps --disable-dev-shm-usage --disable-edgeupdater --disable-extensions --disable-features=AvoidUnnecessaryBeforeUnloadCheckSync,BoundaryEventDispatchTracksNodeRemoval,DestroyProfileOnBrowserClose,DialMediaRouteProvider,GlobalMediaControls,HttpsUpgrades,LensOverlay,MediaRouter,PaintHolding,ThirdPartyStoragePartitioning,Translate,AutoDeElevate,RenderDocument,OptimizationHints,msForceBrowserSignIn,msEdgeUpdateLaunchServicesPreferredVersion --enable-features=CDPScreenshotNewSurface --allow-pre-commit-input --disable-hang-monitor --disable-ipc-flooding-protection --disable-popup-blocking --disable-prompt-on-repost --disable-renderer-backgrounding --force-color-profile=srgb --metrics-recording-only --no-first-run --password-store=basic --use-mock-keychain --no-service-autorun --export-tagged-pdf --disable-search-engine-choice-screen --unsafely-disable-devtools-self-xss-warnings --edge-skip-compat-layer-relaunch --disable-infobars --disable-search-engine-choice-screen --disable-sync --enable-unsafe-swiftshader --headless --hide-scrollbars --mute-audio --blink-settings=primaryHoverType=2,availableHoverTypes=2,primaryPointerType=4,availablePointerTypes=4 --no-sandbox --user-data-dir=/var/folders/xx/vhn9ccgd6fn1yqgjn398gppw0000gn/T/playwright_chromiumdev_profile-VoZHB9 --remote-debugging-pipe --no-startup-window
    <launched> pid=19016
    [pid=19016][err] [0913/214052.949077:ERROR:base/power_monitor/thermal_state_observer_mac.mm:140] ThermalStateObserverMac unable to register to power notifications. Result: 9
    [pid=19016][err] [0913/214052.950650:ERROR:net/dns/dns_config_service_posix.cc:138] DNS config watch failed to start.
    [pid=19016][err] [0913/214052.950985:FATAL:base/apple/mach_port_rendezvous_mac.cc:159] Check failed: kr == KERN_SUCCESS. bootstrap_check_in org.chromium.Chromium.MachPortRendezvousServer.19016: Permission denied (1100)
    Call log:
    [2m  - <launching> /Users/pc141/Library/Caches/ms-playwright/chromium_headless_shell-1223/chrome-headless-shell-mac-arm64/chrome-headless-shell --disable-field-trial-config --disable-background-networking --disable-background-timer-throttling --disable-backgrounding-occluded-windows --disable-back-forward-cache --disable-breakpad --disable-client-side-phishing-detection --disable-component-extensions-with-background-pages --disable-component-update --no-default-browser-check --disable-default-apps --disable-dev-shm-usage --disable-edgeupdater --disable-extensions --disable-features=AvoidUnnecessaryBeforeUnloadCheckSync,BoundaryEventDispatchTracksNodeRemoval,DestroyProfileOnBrowserClose,DialMediaRouteProvider,GlobalMediaControls,HttpsUpgrades,LensOverlay,MediaRouter,PaintHolding,ThirdPartyStoragePartitioning,Translate,AutoDeElevate,RenderDocument,OptimizationHints,msForceBrowserSignIn,msEdgeUpdateLaunchServicesPreferredVersion --enable-features=CDPScreenshotNewSurface --allow-pre-commit-input --disable-hang-monitor --disable-ipc-flooding-protection --disable-popup-blocking --disable-prompt-on-repost --disable-renderer-backgrounding --force-color-profile=srgb --metrics-recording-only --no-first-run --password-store=basic --use-mock-keychain --no-service-autorun --export-tagged-pdf --disable-search-engine-choice-screen --unsafely-disable-devtools-self-xss-warnings --edge-skip-compat-layer-relaunch --disable-infobars --disable-search-engine-choice-screen --disable-sync --enable-unsafe-swiftshader --headless --hide-scrollbars --mute-audio --blink-settings=primaryHoverType=2,availableHoverTypes=2,primaryPointerType=4,availablePointerTypes=4 --no-sandbox --user-data-dir=/var/folders/xx/vhn9ccgd6fn1yqgjn398gppw0000gn/T/playwright_chromiumdev_profile-VoZHB9 --remote-debugging-pipe --no-startup-window[22m
    [2m  - <launched> pid=19016[22m
    [2m  - [pid=19016][err] [0913/214052.949077:ERROR:base/power_monitor/thermal_state_observer_mac.mm:140] ThermalStateObserverMac unable to register to power notifications. Result: 9[22m
    [2m  - [pid=19016][err] [0913/214052.950650:ERROR:net/dns/dns_config_service_posix.cc:138] DNS config watch failed to start.[22m
    [2m  - [pid=19016][err] [0913/214052.950985:FATAL:base/apple/mach_port_rendezvous_mac.cc:159] Check failed: kr == KERN_SUCCESS. bootstrap_check_in org.chromium.Chromium.MachPortRendezvousServer.19016: Permission denied (1100)[22m
    [2m  - [pid=19016] <gracefully close start>[22m
    [2m  - [pid=19016] <kill>[22m
    [2m  - [pid=19016] <will force kill>[22m
    [2m  - [pid=19016] exception while trying to kill process: Error: kill EPERM[22m
    [2m  - [pid=19016] <process did exit: exitCode=null, signal=SIGTRAP>[22m
    [2m  - [pid=19016] starting temporary directories cleanup[22m
    [2m  - [pid=19016] finished temporary directories cleanup[22m
    [2m  - [pid=19016] <gracefully close end>[22m


    Error Context: test-results/tools-research-distance-de-5909d-equency-banner-while-typing-chromium/error-context.md

  58) [chromium] › e2e/tools.spec.ts:516:5 › RF calculator explains that Hata antenna heights are not fixed 

    Error: browserType.launch: Target page, context or browser has been closed
    Browser logs:

    <launching> /Users/pc141/Library/Caches/ms-playwright/chromium_headless_shell-1223/chrome-headless-shell-mac-arm64/chrome-headless-shell --disable-field-trial-config --disable-background-networking --disable-background-timer-throttling --disable-backgrounding-occluded-windows --disable-back-forward-cache --disable-breakpad --disable-client-side-phishing-detection --disable-component-extensions-with-background-pages --disable-component-update --no-default-browser-check --disable-default-apps --disable-dev-shm-usage --disable-edgeupdater --disable-extensions --disable-features=AvoidUnnecessaryBeforeUnloadCheckSync,BoundaryEventDispatchTracksNodeRemoval,DestroyProfileOnBrowserClose,DialMediaRouteProvider,GlobalMediaControls,HttpsUpgrades,LensOverlay,MediaRouter,PaintHolding,ThirdPartyStoragePartitioning,Translate,AutoDeElevate,RenderDocument,OptimizationHints,msForceBrowserSignIn,msEdgeUpdateLaunchServicesPreferredVersion --enable-features=CDPScreenshotNewSurface --allow-pre-commit-input --disable-hang-monitor --disable-ipc-flooding-protection --disable-popup-blocking --disable-prompt-on-repost --disable-renderer-backgrounding --force-color-profile=srgb --metrics-recording-only --no-first-run --password-store=basic --use-mock-keychain --no-service-autorun --export-tagged-pdf --disable-search-engine-choice-screen --unsafely-disable-devtools-self-xss-warnings --edge-skip-compat-layer-relaunch --disable-infobars --disable-search-engine-choice-screen --disable-sync --enable-unsafe-swiftshader --headless --hide-scrollbars --mute-audio --blink-settings=primaryHoverType=2,availableHoverTypes=2,primaryPointerType=4,availablePointerTypes=4 --no-sandbox --user-data-dir=/var/folders/xx/vhn9ccgd6fn1yqgjn398gppw0000gn/T/playwright_chromiumdev_profile-pVY5a8 --remote-debugging-pipe --no-startup-window
    <launched> pid=19018
    [pid=19018][err] [0913/214053.156364:ERROR:base/power_monitor/thermal_state_observer_mac.mm:140] ThermalStateObserverMac unable to register to power notifications. Result: 9
    [pid=19018][err] [0913/214053.157928:ERROR:net/dns/dns_config_service_posix.cc:138] DNS config watch failed to start.
    [pid=19018][err] [0913/214053.158351:FATAL:base/apple/mach_port_rendezvous_mac.cc:159] Check failed: kr == KERN_SUCCESS. bootstrap_check_in org.chromium.Chromium.MachPortRendezvousServer.19018: Permission denied (1100)
    Call log:
    [2m  - <launching> /Users/pc141/Library/Caches/ms-playwright/chromium_headless_shell-1223/chrome-headless-shell-mac-arm64/chrome-headless-shell --disable-field-trial-config --disable-background-networking --disable-background-timer-throttling --disable-backgrounding-occluded-windows --disable-back-forward-cache --disable-breakpad --disable-client-side-phishing-detection --disable-component-extensions-with-background-pages --disable-component-update --no-default-browser-check --disable-default-apps --disable-dev-shm-usage --disable-edgeupdater --disable-extensions --disable-features=AvoidUnnecessaryBeforeUnloadCheckSync,BoundaryEventDispatchTracksNodeRemoval,DestroyProfileOnBrowserClose,DialMediaRouteProvider,GlobalMediaControls,HttpsUpgrades,LensOverlay,MediaRouter,PaintHolding,ThirdPartyStoragePartitioning,Translate,AutoDeElevate,RenderDocument,OptimizationHints,msForceBrowserSignIn,msEdgeUpdateLaunchServicesPreferredVersion --enable-features=CDPScreenshotNewSurface --allow-pre-commit-input --disable-hang-monitor --disable-ipc-flooding-protection --disable-popup-blocking --disable-prompt-on-repost --disable-renderer-backgrounding --force-color-profile=srgb --metrics-recording-only --no-first-run --password-store=basic --use-mock-keychain --no-service-autorun --export-tagged-pdf --disable-search-engine-choice-screen --unsafely-disable-devtools-self-xss-warnings --edge-skip-compat-layer-relaunch --disable-infobars --disable-search-engine-choice-screen --disable-sync --enable-unsafe-swiftshader --headless --hide-scrollbars --mute-audio --blink-settings=primaryHoverType=2,availableHoverTypes=2,primaryPointerType=4,availablePointerTypes=4 --no-sandbox --user-data-dir=/var/folders/xx/vhn9ccgd6fn1yqgjn398gppw0000gn/T/playwright_chromiumdev_profile-pVY5a8 --remote-debugging-pipe --no-startup-window[22m
    [2m  - <launched> pid=19018[22m
    [2m  - [pid=19018][err] [0913/214053.156364:ERROR:base/power_monitor/thermal_state_observer_mac.mm:140] ThermalStateObserverMac unable to register to power notifications. Result: 9[22m
    [2m  - [pid=19018][err] [0913/214053.157928:ERROR:net/dns/dns_config_service_posix.cc:138] DNS config watch failed to start.[22m
    [2m  - [pid=19018][err] [0913/214053.158351:FATAL:base/apple/mach_port_rendezvous_mac.cc:159] Check failed: kr == KERN_SUCCESS. bootstrap_check_in org.chromium.Chromium.MachPortRendezvousServer.19018: Permission denied (1100)[22m
    [2m  - [pid=19018] <gracefully close start>[22m
    [2m  - [pid=19018] <kill>[22m
    [2m  - [pid=19018] <will force kill>[22m
    [2m  - [pid=19018] exception while trying to kill process: Error: kill EPERM[22m
    [2m  - [pid=19018] <process did exit: exitCode=null, signal=SIGTRAP>[22m
    [2m  - [pid=19018] starting temporary directories cleanup[22m
    [2m  - [pid=19018] finished temporary directories cleanup[22m
    [2m  - [pid=19018] <gracefully close end>[22m


    Error Context: test-results/tools-RF-calculator-explai-5a075-tenna-heights-are-not-fixed-chromium/error-context.md

  59) [chromium] › e2e/tools.spec.ts:539:5 › RF calculator shows model assumptions, double-counting guidance, and research column 

    Error: browserType.launch: Target page, context or browser has been closed
    Browser logs:

    <launching> /Users/pc141/Library/Caches/ms-playwright/chromium_headless_shell-1223/chrome-headless-shell-mac-arm64/chrome-headless-shell --disable-field-trial-config --disable-background-networking --disable-background-timer-throttling --disable-backgrounding-occluded-windows --disable-back-forward-cache --disable-breakpad --disable-client-side-phishing-detection --disable-component-extensions-with-background-pages --disable-component-update --no-default-browser-check --disable-default-apps --disable-dev-shm-usage --disable-edgeupdater --disable-extensions --disable-features=AvoidUnnecessaryBeforeUnloadCheckSync,BoundaryEventDispatchTracksNodeRemoval,DestroyProfileOnBrowserClose,DialMediaRouteProvider,GlobalMediaControls,HttpsUpgrades,LensOverlay,MediaRouter,PaintHolding,ThirdPartyStoragePartitioning,Translate,AutoDeElevate,RenderDocument,OptimizationHints,msForceBrowserSignIn,msEdgeUpdateLaunchServicesPreferredVersion --enable-features=CDPScreenshotNewSurface --allow-pre-commit-input --disable-hang-monitor --disable-ipc-flooding-protection --disable-popup-blocking --disable-prompt-on-repost --disable-renderer-backgrounding --force-color-profile=srgb --metrics-recording-only --no-first-run --password-store=basic --use-mock-keychain --no-service-autorun --export-tagged-pdf --disable-search-engine-choice-screen --unsafely-disable-devtools-self-xss-warnings --edge-skip-compat-layer-relaunch --disable-infobars --disable-search-engine-choice-screen --disable-sync --enable-unsafe-swiftshader --headless --hide-scrollbars --mute-audio --blink-settings=primaryHoverType=2,availableHoverTypes=2,primaryPointerType=4,availablePointerTypes=4 --no-sandbox --user-data-dir=/var/folders/xx/vhn9ccgd6fn1yqgjn398gppw0000gn/T/playwright_chromiumdev_profile-jXMUth --remote-debugging-pipe --no-startup-window
    <launched> pid=19020
    [pid=19020][err] [0913/214053.365281:ERROR:base/power_monitor/thermal_state_observer_mac.mm:140] ThermalStateObserverMac unable to register to power notifications. Result: 9
    [pid=19020][err] [0913/214053.366836:ERROR:net/dns/dns_config_service_posix.cc:138] DNS config watch failed to start.
    [pid=19020][err] [0913/214053.367184:FATAL:base/apple/mach_port_rendezvous_mac.cc:159] Check failed: kr == KERN_SUCCESS. bootstrap_check_in org.chromium.Chromium.MachPortRendezvousServer.19020: Permission denied (1100)
    Call log:
    [2m  - <launching> /Users/pc141/Library/Caches/ms-playwright/chromium_headless_shell-1223/chrome-headless-shell-mac-arm64/chrome-headless-shell --disable-field-trial-config --disable-background-networking --disable-background-timer-throttling --disable-backgrounding-occluded-windows --disable-back-forward-cache --disable-breakpad --disable-client-side-phishing-detection --disable-component-extensions-with-background-pages --disable-component-update --no-default-browser-check --disable-default-apps --disable-dev-shm-usage --disable-edgeupdater --disable-extensions --disable-features=AvoidUnnecessaryBeforeUnloadCheckSync,BoundaryEventDispatchTracksNodeRemoval,DestroyProfileOnBrowserClose,DialMediaRouteProvider,GlobalMediaControls,HttpsUpgrades,LensOverlay,MediaRouter,PaintHolding,ThirdPartyStoragePartitioning,Translate,AutoDeElevate,RenderDocument,OptimizationHints,msForceBrowserSignIn,msEdgeUpdateLaunchServicesPreferredVersion --enable-features=CDPScreenshotNewSurface --allow-pre-commit-input --disable-hang-monitor --disable-ipc-flooding-protection --disable-popup-blocking --disable-prompt-on-repost --disable-renderer-backgrounding --force-color-profile=srgb --metrics-recording-only --no-first-run --password-store=basic --use-mock-keychain --no-service-autorun --export-tagged-pdf --disable-search-engine-choice-screen --unsafely-disable-devtools-self-xss-warnings --edge-skip-compat-layer-relaunch --disable-infobars --disable-search-engine-choice-screen --disable-sync --enable-unsafe-swiftshader --headless --hide-scrollbars --mute-audio --blink-settings=primaryHoverType=2,availableHoverTypes=2,primaryPointerType=4,availablePointerTypes=4 --no-sandbox --user-data-dir=/var/folders/xx/vhn9ccgd6fn1yqgjn398gppw0000gn/T/playwright_chromiumdev_profile-jXMUth --remote-debugging-pipe --no-startup-window[22m
    [2m  - <launched> pid=19020[22m
    [2m  - [pid=19020][err] [0913/214053.365281:ERROR:base/power_monitor/thermal_state_observer_mac.mm:140] ThermalStateObserverMac unable to register to power notifications. Result: 9[22m
    [2m  - [pid=19020][err] [0913/214053.366836:ERROR:net/dns/dns_config_service_posix.cc:138] DNS config watch failed to start.[22m
    [2m  - [pid=19020][err] [0913/214053.367184:FATAL:base/apple/mach_port_rendezvous_mac.cc:159] Check failed: kr == KERN_SUCCESS. bootstrap_check_in org.chromium.Chromium.MachPortRendezvousServer.19020: Permission denied (1100)[22m
    [2m  - [pid=19020] <gracefully close start>[22m
    [2m  - [pid=19020] <kill>[22m
    [2m  - [pid=19020] <will force kill>[22m
    [2m  - [pid=19020] exception while trying to kill process: Error: kill EPERM[22m
    [2m  - [pid=19020] <process did exit: exitCode=null, signal=SIGTRAP>[22m
    [2m  - [pid=19020] starting temporary directories cleanup[22m
    [2m  - [pid=19020] finished temporary directories cleanup[22m
    [2m  - [pid=19020] <gracefully close end>[22m


    Error Context: test-results/tools-RF-calculator-shows--88aba-uidance-and-research-column-chromium/error-context.md

  60) [chromium] › e2e/tools.spec.ts:559:5 › RF calculator diagrams show the two-ray interference lab synced with inputs 

    Error: browserType.launch: Target page, context or browser has been closed
    Browser logs:

    <launching> /Users/pc141/Library/Caches/ms-playwright/chromium_headless_shell-1223/chrome-headless-shell-mac-arm64/chrome-headless-shell --disable-field-trial-config --disable-background-networking --disable-background-timer-throttling --disable-backgrounding-occluded-windows --disable-back-forward-cache --disable-breakpad --disable-client-side-phishing-detection --disable-component-extensions-with-background-pages --disable-component-update --no-default-browser-check --disable-default-apps --disable-dev-shm-usage --disable-edgeupdater --disable-extensions --disable-features=AvoidUnnecessaryBeforeUnloadCheckSync,BoundaryEventDispatchTracksNodeRemoval,DestroyProfileOnBrowserClose,DialMediaRouteProvider,GlobalMediaControls,HttpsUpgrades,LensOverlay,MediaRouter,PaintHolding,ThirdPartyStoragePartitioning,Translate,AutoDeElevate,RenderDocument,OptimizationHints,msForceBrowserSignIn,msEdgeUpdateLaunchServicesPreferredVersion --enable-features=CDPScreenshotNewSurface --allow-pre-commit-input --disable-hang-monitor --disable-ipc-flooding-protection --disable-popup-blocking --disable-prompt-on-repost --disable-renderer-backgrounding --force-color-profile=srgb --metrics-recording-only --no-first-run --password-store=basic --use-mock-keychain --no-service-autorun --export-tagged-pdf --disable-search-engine-choice-screen --unsafely-disable-devtools-self-xss-warnings --edge-skip-compat-layer-relaunch --disable-infobars --disable-search-engine-choice-screen --disable-sync --enable-unsafe-swiftshader --headless --hide-scrollbars --mute-audio --blink-settings=primaryHoverType=2,availableHoverTypes=2,primaryPointerType=4,availablePointerTypes=4 --no-sandbox --user-data-dir=/var/folders/xx/vhn9ccgd6fn1yqgjn398gppw0000gn/T/playwright_chromiumdev_profile-6TXzbm --remote-debugging-pipe --no-startup-window
    <launched> pid=19022
    [pid=19022][err] [0913/214053.567544:ERROR:base/power_monitor/thermal_state_observer_mac.mm:140] ThermalStateObserverMac unable to register to power notifications. Result: 9
    [pid=19022][err] [0913/214053.569225:ERROR:net/dns/dns_config_service_posix.cc:138] DNS config watch failed to start.
    [pid=19022][err] [0913/214053.569791:FATAL:base/apple/mach_port_rendezvous_mac.cc:159] Check failed: kr == KERN_SUCCESS. bootstrap_check_in org.chromium.Chromium.MachPortRendezvousServer.19022: Permission denied (1100)
    Call log:
    [2m  - <launching> /Users/pc141/Library/Caches/ms-playwright/chromium_headless_shell-1223/chrome-headless-shell-mac-arm64/chrome-headless-shell --disable-field-trial-config --disable-background-networking --disable-background-timer-throttling --disable-backgrounding-occluded-windows --disable-back-forward-cache --disable-breakpad --disable-client-side-phishing-detection --disable-component-extensions-with-background-pages --disable-component-update --no-default-browser-check --disable-default-apps --disable-dev-shm-usage --disable-edgeupdater --disable-extensions --disable-features=AvoidUnnecessaryBeforeUnloadCheckSync,BoundaryEventDispatchTracksNodeRemoval,DestroyProfileOnBrowserClose,DialMediaRouteProvider,GlobalMediaControls,HttpsUpgrades,LensOverlay,MediaRouter,PaintHolding,ThirdPartyStoragePartitioning,Translate,AutoDeElevate,RenderDocument,OptimizationHints,msForceBrowserSignIn,msEdgeUpdateLaunchServicesPreferredVersion --enable-features=CDPScreenshotNewSurface --allow-pre-commit-input --disable-hang-monitor --disable-ipc-flooding-protection --disable-popup-blocking --disable-prompt-on-repost --disable-renderer-backgrounding --force-color-profile=srgb --metrics-recording-only --no-first-run --password-store=basic --use-mock-keychain --no-service-autorun --export-tagged-pdf --disable-search-engine-choice-screen --unsafely-disable-devtools-self-xss-warnings --edge-skip-compat-layer-relaunch --disable-infobars --disable-search-engine-choice-screen --disable-sync --enable-unsafe-swiftshader --headless --hide-scrollbars --mute-audio --blink-settings=primaryHoverType=2,availableHoverTypes=2,primaryPointerType=4,availablePointerTypes=4 --no-sandbox --user-data-dir=/var/folders/xx/vhn9ccgd6fn1yqgjn398gppw0000gn/T/playwright_chromiumdev_profile-6TXzbm --remote-debugging-pipe --no-startup-window[22m
    [2m  - <launched> pid=19022[22m
    [2m  - [pid=19022][err] [0913/214053.567544:ERROR:base/power_monitor/thermal_state_observer_mac.mm:140] ThermalStateObserverMac unable to register to power notifications. Result: 9[22m
    [2m  - [pid=19022][err] [0913/214053.569225:ERROR:net/dns/dns_config_service_posix.cc:138] DNS config watch failed to start.[22m
    [2m  - [pid=19022][err] [0913/214053.569791:FATAL:base/apple/mach_port_rendezvous_mac.cc:159] Check failed: kr == KERN_SUCCESS. bootstrap_check_in org.chromium.Chromium.MachPortRendezvousServer.19022: Permission denied (1100)[22m
    [2m  - [pid=19022] <gracefully close start>[22m
    [2m  - [pid=19022] <kill>[22m
    [2m  - [pid=19022] <will force kill>[22m
    [2m  - [pid=19022] exception while trying to kill process: Error: kill EPERM[22m
    [2m  - [pid=19022] <process did exit: exitCode=null, signal=SIGTRAP>[22m
    [2m  - [pid=19022] starting temporary directories cleanup[22m
    [2m  - [pid=19022] finished temporary directories cleanup[22m
    [2m  - [pid=19022] <gracefully close end>[22m


    Error Context: test-results/tools-RF-calculator-diagra-16d4d-ence-lab-synced-with-inputs-chromium/error-context.md

  61) [chromium] › e2e/tools.spec.ts:578:5 › RF calculator supports IoT calibrated Hata mode ───────

    Error: browserType.launch: Target page, context or browser has been closed
    Browser logs:

    <launching> /Users/pc141/Library/Caches/ms-playwright/chromium_headless_shell-1223/chrome-headless-shell-mac-arm64/chrome-headless-shell --disable-field-trial-config --disable-background-networking --disable-background-timer-throttling --disable-backgrounding-occluded-windows --disable-back-forward-cache --disable-breakpad --disable-client-side-phishing-detection --disable-component-extensions-with-background-pages --disable-component-update --no-default-browser-check --disable-default-apps --disable-dev-shm-usage --disable-edgeupdater --disable-extensions --disable-features=AvoidUnnecessaryBeforeUnloadCheckSync,BoundaryEventDispatchTracksNodeRemoval,DestroyProfileOnBrowserClose,DialMediaRouteProvider,GlobalMediaControls,HttpsUpgrades,LensOverlay,MediaRouter,PaintHolding,ThirdPartyStoragePartitioning,Translate,AutoDeElevate,RenderDocument,OptimizationHints,msForceBrowserSignIn,msEdgeUpdateLaunchServicesPreferredVersion --enable-features=CDPScreenshotNewSurface --allow-pre-commit-input --disable-hang-monitor --disable-ipc-flooding-protection --disable-popup-blocking --disable-prompt-on-repost --disable-renderer-backgrounding --force-color-profile=srgb --metrics-recording-only --no-first-run --password-store=basic --use-mock-keychain --no-service-autorun --export-tagged-pdf --disable-search-engine-choice-screen --unsafely-disable-devtools-self-xss-warnings --edge-skip-compat-layer-relaunch --disable-infobars --disable-search-engine-choice-screen --disable-sync --enable-unsafe-swiftshader --headless --hide-scrollbars --mute-audio --blink-settings=primaryHoverType=2,availableHoverTypes=2,primaryPointerType=4,availablePointerTypes=4 --no-sandbox --user-data-dir=/var/folders/xx/vhn9ccgd6fn1yqgjn398gppw0000gn/T/playwright_chromiumdev_profile-g8rl6r --remote-debugging-pipe --no-startup-window
    <launched> pid=19024
    [pid=19024][err] [0913/214053.778266:ERROR:base/power_monitor/thermal_state_observer_mac.mm:140] ThermalStateObserverMac unable to register to power notifications. Result: 9
    [pid=19024][err] [0913/214053.780001:ERROR:net/dns/dns_config_service_posix.cc:138] DNS config watch failed to start.
    [pid=19024][err] [0913/214053.780330:FATAL:base/apple/mach_port_rendezvous_mac.cc:159] Check failed: kr == KERN_SUCCESS. bootstrap_check_in org.chromium.Chromium.MachPortRendezvousServer.19024: Permission denied (1100)
    Call log:
    [2m  - <launching> /Users/pc141/Library/Caches/ms-playwright/chromium_headless_shell-1223/chrome-headless-shell-mac-arm64/chrome-headless-shell --disable-field-trial-config --disable-background-networking --disable-background-timer-throttling --disable-backgrounding-occluded-windows --disable-back-forward-cache --disable-breakpad --disable-client-side-phishing-detection --disable-component-extensions-with-background-pages --disable-component-update --no-default-browser-check --disable-default-apps --disable-dev-shm-usage --disable-edgeupdater --disable-extensions --disable-features=AvoidUnnecessaryBeforeUnloadCheckSync,BoundaryEventDispatchTracksNodeRemoval,DestroyProfileOnBrowserClose,DialMediaRouteProvider,GlobalMediaControls,HttpsUpgrades,LensOverlay,MediaRouter,PaintHolding,ThirdPartyStoragePartitioning,Translate,AutoDeElevate,RenderDocument,OptimizationHints,msForceBrowserSignIn,msEdgeUpdateLaunchServicesPreferredVersion --enable-features=CDPScreenshotNewSurface --allow-pre-commit-input --disable-hang-monitor --disable-ipc-flooding-protection --disable-popup-blocking --disable-prompt-on-repost --disable-renderer-backgrounding --force-color-profile=srgb --metrics-recording-only --no-first-run --password-store=basic --use-mock-keychain --no-service-autorun --export-tagged-pdf --disable-search-engine-choice-screen --unsafely-disable-devtools-self-xss-warnings --edge-skip-compat-layer-relaunch --disable-infobars --disable-search-engine-choice-screen --disable-sync --enable-unsafe-swiftshader --headless --hide-scrollbars --mute-audio --blink-settings=primaryHoverType=2,availableHoverTypes=2,primaryPointerType=4,availablePointerTypes=4 --no-sandbox --user-data-dir=/var/folders/xx/vhn9ccgd6fn1yqgjn398gppw0000gn/T/playwright_chromiumdev_profile-g8rl6r --remote-debugging-pipe --no-startup-window[22m
    [2m  - <launched> pid=19024[22m
    [2m  - [pid=19024][err] [0913/214053.778266:ERROR:base/power_monitor/thermal_state_observer_mac.mm:140] ThermalStateObserverMac unable to register to power notifications. Result: 9[22m
    [2m  - [pid=19024][err] [0913/214053.780001:ERROR:net/dns/dns_config_service_posix.cc:138] DNS config watch failed to start.[22m
    [2m  - [pid=19024][err] [0913/214053.780330:FATAL:base/apple/mach_port_rendezvous_mac.cc:159] Check failed: kr == KERN_SUCCESS. bootstrap_check_in org.chromium.Chromium.MachPortRendezvousServer.19024: Permission denied (1100)[22m
    [2m  - [pid=19024] <gracefully close start>[22m
    [2m  - [pid=19024] <kill>[22m
    [2m  - [pid=19024] <will force kill>[22m
    [2m  - [pid=19024] exception while trying to kill process: Error: kill EPERM[22m
    [2m  - [pid=19024] <process did exit: exitCode=null, signal=SIGTRAP>[22m
    [2m  - [pid=19024] starting temporary directories cleanup[22m
    [2m  - [pid=19024] finished temporary directories cleanup[22m
    [2m  - [pid=19024] <gracefully close end>[22m


    Error Context: test-results/tools-RF-calculator-supports-IoT-calibrated-Hata-mode-chromium/error-context.md

  62) [chromium] › e2e/tools.spec.ts:599:5 › RF calculator keeps compact controls beside the waterfall 

    Error: browserType.launch: Target page, context or browser has been closed
    Browser logs:

    <launching> /Users/pc141/Library/Caches/ms-playwright/chromium_headless_shell-1223/chrome-headless-shell-mac-arm64/chrome-headless-shell --disable-field-trial-config --disable-background-networking --disable-background-timer-throttling --disable-backgrounding-occluded-windows --disable-back-forward-cache --disable-breakpad --disable-client-side-phishing-detection --disable-component-extensions-with-background-pages --disable-component-update --no-default-browser-check --disable-default-apps --disable-dev-shm-usage --disable-edgeupdater --disable-extensions --disable-features=AvoidUnnecessaryBeforeUnloadCheckSync,BoundaryEventDispatchTracksNodeRemoval,DestroyProfileOnBrowserClose,DialMediaRouteProvider,GlobalMediaControls,HttpsUpgrades,LensOverlay,MediaRouter,PaintHolding,ThirdPartyStoragePartitioning,Translate,AutoDeElevate,RenderDocument,OptimizationHints,msForceBrowserSignIn,msEdgeUpdateLaunchServicesPreferredVersion --enable-features=CDPScreenshotNewSurface --allow-pre-commit-input --disable-hang-monitor --disable-ipc-flooding-protection --disable-popup-blocking --disable-prompt-on-repost --disable-renderer-backgrounding --force-color-profile=srgb --metrics-recording-only --no-first-run --password-store=basic --use-mock-keychain --no-service-autorun --export-tagged-pdf --disable-search-engine-choice-screen --unsafely-disable-devtools-self-xss-warnings --edge-skip-compat-layer-relaunch --disable-infobars --disable-search-engine-choice-screen --disable-sync --enable-unsafe-swiftshader --headless --hide-scrollbars --mute-audio --blink-settings=primaryHoverType=2,availableHoverTypes=2,primaryPointerType=4,availablePointerTypes=4 --no-sandbox --user-data-dir=/var/folders/xx/vhn9ccgd6fn1yqgjn398gppw0000gn/T/playwright_chromiumdev_profile-vyKUlc --remote-debugging-pipe --no-startup-window
    <launched> pid=19026
    [pid=19026][err] [0913/214053.985131:ERROR:base/power_monitor/thermal_state_observer_mac.mm:140] ThermalStateObserverMac unable to register to power notifications. Result: 9
    [pid=19026][err] [0913/214053.986727:ERROR:net/dns/dns_config_service_posix.cc:138] DNS config watch failed to start.
    [pid=19026][err] [0913/214053.987118:FATAL:base/apple/mach_port_rendezvous_mac.cc:159] Check failed: kr == KERN_SUCCESS. bootstrap_check_in org.chromium.Chromium.MachPortRendezvousServer.19026: Permission denied (1100)
    Call log:
    [2m  - <launching> /Users/pc141/Library/Caches/ms-playwright/chromium_headless_shell-1223/chrome-headless-shell-mac-arm64/chrome-headless-shell --disable-field-trial-config --disable-background-networking --disable-background-timer-throttling --disable-backgrounding-occluded-windows --disable-back-forward-cache --disable-breakpad --disable-client-side-phishing-detection --disable-component-extensions-with-background-pages --disable-component-update --no-default-browser-check --disable-default-apps --disable-dev-shm-usage --disable-edgeupdater --disable-extensions --disable-features=AvoidUnnecessaryBeforeUnloadCheckSync,BoundaryEventDispatchTracksNodeRemoval,DestroyProfileOnBrowserClose,DialMediaRouteProvider,GlobalMediaControls,HttpsUpgrades,LensOverlay,MediaRouter,PaintHolding,ThirdPartyStoragePartitioning,Translate,AutoDeElevate,RenderDocument,OptimizationHints,msForceBrowserSignIn,msEdgeUpdateLaunchServicesPreferredVersion --enable-features=CDPScreenshotNewSurface --allow-pre-commit-input --disable-hang-monitor --disable-ipc-flooding-protection --disable-popup-blocking --disable-prompt-on-repost --disable-renderer-backgrounding --force-color-profile=srgb --metrics-recording-only --no-first-run --password-store=basic --use-mock-keychain --no-service-autorun --export-tagged-pdf --disable-search-engine-choice-screen --unsafely-disable-devtools-self-xss-warnings --edge-skip-compat-layer-relaunch --disable-infobars --disable-search-engine-choice-screen --disable-sync --enable-unsafe-swiftshader --headless --hide-scrollbars --mute-audio --blink-settings=primaryHoverType=2,availableHoverTypes=2,primaryPointerType=4,availablePointerTypes=4 --no-sandbox --user-data-dir=/var/folders/xx/vhn9ccgd6fn1yqgjn398gppw0000gn/T/playwright_chromiumdev_profile-vyKUlc --remote-debugging-pipe --no-startup-window[22m
    [2m  - <launched> pid=19026[22m
    [2m  - [pid=19026][err] [0913/214053.985131:ERROR:base/power_monitor/thermal_state_observer_mac.mm:140] ThermalStateObserverMac unable to register to power notifications. Result: 9[22m
    [2m  - [pid=19026][err] [0913/214053.986727:ERROR:net/dns/dns_config_service_posix.cc:138] DNS config watch failed to start.[22m
    [2m  - [pid=19026][err] [0913/214053.987118:FATAL:base/apple/mach_port_rendezvous_mac.cc:159] Check failed: kr == KERN_SUCCESS. bootstrap_check_in org.chromium.Chromium.MachPortRendezvousServer.19026: Permission denied (1100)[22m
    [2m  - [pid=19026] <gracefully close start>[22m
    [2m  - [pid=19026] <kill>[22m
    [2m  - [pid=19026] <will force kill>[22m
    [2m  - [pid=19026] exception while trying to kill process: Error: kill EPERM[22m
    [2m  - [pid=19026] <process did exit: exitCode=null, signal=SIGTRAP>[22m
    [2m  - [pid=19026] starting temporary directories cleanup[22m
    [2m  - [pid=19026] finished temporary directories cleanup[22m
    [2m  - [pid=19026] <gracefully close end>[22m


    Error Context: test-results/tools-RF-calculator-keeps--311d7-ntrols-beside-the-waterfall-chromium/error-context.md

  63) [chromium] › e2e/tools.spec.ts:637:5 › NCU below-ground page updates warnings and diagram from BOX conditions 

    Error: browserType.launch: Target page, context or browser has been closed
    Browser logs:

    <launching> /Users/pc141/Library/Caches/ms-playwright/chromium_headless_shell-1223/chrome-headless-shell-mac-arm64/chrome-headless-shell --disable-field-trial-config --disable-background-networking --disable-background-timer-throttling --disable-backgrounding-occluded-windows --disable-back-forward-cache --disable-breakpad --disable-client-side-phishing-detection --disable-component-extensions-with-background-pages --disable-component-update --no-default-browser-check --disable-default-apps --disable-dev-shm-usage --disable-edgeupdater --disable-extensions --disable-features=AvoidUnnecessaryBeforeUnloadCheckSync,BoundaryEventDispatchTracksNodeRemoval,DestroyProfileOnBrowserClose,DialMediaRouteProvider,GlobalMediaControls,HttpsUpgrades,LensOverlay,MediaRouter,PaintHolding,ThirdPartyStoragePartitioning,Translate,AutoDeElevate,RenderDocument,OptimizationHints,msForceBrowserSignIn,msEdgeUpdateLaunchServicesPreferredVersion --enable-features=CDPScreenshotNewSurface --allow-pre-commit-input --disable-hang-monitor --disable-ipc-flooding-protection --disable-popup-blocking --disable-prompt-on-repost --disable-renderer-backgrounding --force-color-profile=srgb --metrics-recording-only --no-first-run --password-store=basic --use-mock-keychain --no-service-autorun --export-tagged-pdf --disable-search-engine-choice-screen --unsafely-disable-devtools-self-xss-warnings --edge-skip-compat-layer-relaunch --disable-infobars --disable-search-engine-choice-screen --disable-sync --enable-unsafe-swiftshader --headless --hide-scrollbars --mute-audio --blink-settings=primaryHoverType=2,availableHoverTypes=2,primaryPointerType=4,availablePointerTypes=4 --no-sandbox --user-data-dir=/var/folders/xx/vhn9ccgd6fn1yqgjn398gppw0000gn/T/playwright_chromiumdev_profile-YjeRxk --remote-debugging-pipe --no-startup-window
    <launched> pid=19028
    [pid=19028][err] [0913/214054.189848:ERROR:base/power_monitor/thermal_state_observer_mac.mm:140] ThermalStateObserverMac unable to register to power notifications. Result: 9
    [pid=19028][err] [0913/214054.191479:ERROR:net/dns/dns_config_service_posix.cc:138] DNS config watch failed to start.
    [pid=19028][err] [0913/214054.191915:FATAL:base/apple/mach_port_rendezvous_mac.cc:159] Check failed: kr == KERN_SUCCESS. bootstrap_check_in org.chromium.Chromium.MachPortRendezvousServer.19028: Permission denied (1100)
    Call log:
    [2m  - <launching> /Users/pc141/Library/Caches/ms-playwright/chromium_headless_shell-1223/chrome-headless-shell-mac-arm64/chrome-headless-shell --disable-field-trial-config --disable-background-networking --disable-background-timer-throttling --disable-backgrounding-occluded-windows --disable-back-forward-cache --disable-breakpad --disable-client-side-phishing-detection --disable-component-extensions-with-background-pages --disable-component-update --no-default-browser-check --disable-default-apps --disable-dev-shm-usage --disable-edgeupdater --disable-extensions --disable-features=AvoidUnnecessaryBeforeUnloadCheckSync,BoundaryEventDispatchTracksNodeRemoval,DestroyProfileOnBrowserClose,DialMediaRouteProvider,GlobalMediaControls,HttpsUpgrades,LensOverlay,MediaRouter,PaintHolding,ThirdPartyStoragePartitioning,Translate,AutoDeElevate,RenderDocument,OptimizationHints,msForceBrowserSignIn,msEdgeUpdateLaunchServicesPreferredVersion --enable-features=CDPScreenshotNewSurface --allow-pre-commit-input --disable-hang-monitor --disable-ipc-flooding-protection --disable-popup-blocking --disable-prompt-on-repost --disable-renderer-backgrounding --force-color-profile=srgb --metrics-recording-only --no-first-run --password-store=basic --use-mock-keychain --no-service-autorun --export-tagged-pdf --disable-search-engine-choice-screen --unsafely-disable-devtools-self-xss-warnings --edge-skip-compat-layer-relaunch --disable-infobars --disable-search-engine-choice-screen --disable-sync --enable-unsafe-swiftshader --headless --hide-scrollbars --mute-audio --blink-settings=primaryHoverType=2,availableHoverTypes=2,primaryPointerType=4,availablePointerTypes=4 --no-sandbox --user-data-dir=/var/folders/xx/vhn9ccgd6fn1yqgjn398gppw0000gn/T/playwright_chromiumdev_profile-YjeRxk --remote-debugging-pipe --no-startup-window[22m
    [2m  - <launched> pid=19028[22m
    [2m  - [pid=19028][err] [0913/214054.189848:ERROR:base/power_monitor/thermal_state_observer_mac.mm:140] ThermalStateObserverMac unable to register to power notifications. Result: 9[22m
    [2m  - [pid=19028][err] [0913/214054.191479:ERROR:net/dns/dns_config_service_posix.cc:138] DNS config watch failed to start.[22m
    [2m  - [pid=19028][err] [0913/214054.191915:FATAL:base/apple/mach_port_rendezvous_mac.cc:159] Check failed: kr == KERN_SUCCESS. bootstrap_check_in org.chromium.Chromium.MachPortRendezvousServer.19028: Permission denied (1100)[22m
    [2m  - [pid=19028] <gracefully close start>[22m
    [2m  - [pid=19028] <kill>[22m
    [2m  - [pid=19028] <will force kill>[22m
    [2m  - [pid=19028] exception while trying to kill process: Error: kill EPERM[22m
    [2m  - [pid=19028] <process did exit: exitCode=null, signal=SIGTRAP>[22m
    [2m  - [pid=19028] starting temporary directories cleanup[22m
    [2m  - [pid=19028] finished temporary directories cleanup[22m
    [2m  - [pid=19028] <gracefully close end>[22m


    Error Context: test-results/tools-NCU-below-ground-pag-69729-diagram-from-BOX-conditions-chromium/error-context.md

  64) [chromium] › e2e/tools.spec.ts:667:5 › NCU field analysis ranks causes from measurement deltas 

    Error: browserType.launch: Target page, context or browser has been closed
    Browser logs:

    <launching> /Users/pc141/Library/Caches/ms-playwright/chromium_headless_shell-1223/chrome-headless-shell-mac-arm64/chrome-headless-shell --disable-field-trial-config --disable-background-networking --disable-background-timer-throttling --disable-backgrounding-occluded-windows --disable-back-forward-cache --disable-breakpad --disable-client-side-phishing-detection --disable-component-extensions-with-background-pages --disable-component-update --no-default-browser-check --disable-default-apps --disable-dev-shm-usage --disable-edgeupdater --disable-extensions --disable-features=AvoidUnnecessaryBeforeUnloadCheckSync,BoundaryEventDispatchTracksNodeRemoval,DestroyProfileOnBrowserClose,DialMediaRouteProvider,GlobalMediaControls,HttpsUpgrades,LensOverlay,MediaRouter,PaintHolding,ThirdPartyStoragePartitioning,Translate,AutoDeElevate,RenderDocument,OptimizationHints,msForceBrowserSignIn,msEdgeUpdateLaunchServicesPreferredVersion --enable-features=CDPScreenshotNewSurface --allow-pre-commit-input --disable-hang-monitor --disable-ipc-flooding-protection --disable-popup-blocking --disable-prompt-on-repost --disable-renderer-backgrounding --force-color-profile=srgb --metrics-recording-only --no-first-run --password-store=basic --use-mock-keychain --no-service-autorun --export-tagged-pdf --disable-search-engine-choice-screen --unsafely-disable-devtools-self-xss-warnings --edge-skip-compat-layer-relaunch --disable-infobars --disable-search-engine-choice-screen --disable-sync --enable-unsafe-swiftshader --headless --hide-scrollbars --mute-audio --blink-settings=primaryHoverType=2,availableHoverTypes=2,primaryPointerType=4,availablePointerTypes=4 --no-sandbox --user-data-dir=/var/folders/xx/vhn9ccgd6fn1yqgjn398gppw0000gn/T/playwright_chromiumdev_profile-5wyl3o --remote-debugging-pipe --no-startup-window
    <launched> pid=19030
    [pid=19030][err] [0913/214054.407545:ERROR:base/power_monitor/thermal_state_observer_mac.mm:140] ThermalStateObserverMac unable to register to power notifications. Result: 9
    [pid=19030][err] [0913/214054.409112:ERROR:net/dns/dns_config_service_posix.cc:138] DNS config watch failed to start.
    [pid=19030][err] [0913/214054.409575:FATAL:base/apple/mach_port_rendezvous_mac.cc:159] Check failed: kr == KERN_SUCCESS. bootstrap_check_in org.chromium.Chromium.MachPortRendezvousServer.19030: Permission denied (1100)
    Call log:
    [2m  - <launching> /Users/pc141/Library/Caches/ms-playwright/chromium_headless_shell-1223/chrome-headless-shell-mac-arm64/chrome-headless-shell --disable-field-trial-config --disable-background-networking --disable-background-timer-throttling --disable-backgrounding-occluded-windows --disable-back-forward-cache --disable-breakpad --disable-client-side-phishing-detection --disable-component-extensions-with-background-pages --disable-component-update --no-default-browser-check --disable-default-apps --disable-dev-shm-usage --disable-edgeupdater --disable-extensions --disable-features=AvoidUnnecessaryBeforeUnloadCheckSync,BoundaryEventDispatchTracksNodeRemoval,DestroyProfileOnBrowserClose,DialMediaRouteProvider,GlobalMediaControls,HttpsUpgrades,LensOverlay,MediaRouter,PaintHolding,ThirdPartyStoragePartitioning,Translate,AutoDeElevate,RenderDocument,OptimizationHints,msForceBrowserSignIn,msEdgeUpdateLaunchServicesPreferredVersion --enable-features=CDPScreenshotNewSurface --allow-pre-commit-input --disable-hang-monitor --disable-ipc-flooding-protection --disable-popup-blocking --disable-prompt-on-repost --disable-renderer-backgrounding --force-color-profile=srgb --metrics-recording-only --no-first-run --password-store=basic --use-mock-keychain --no-service-autorun --export-tagged-pdf --disable-search-engine-choice-screen --unsafely-disable-devtools-self-xss-warnings --edge-skip-compat-layer-relaunch --disable-infobars --disable-search-engine-choice-screen --disable-sync --enable-unsafe-swiftshader --headless --hide-scrollbars --mute-audio --blink-settings=primaryHoverType=2,availableHoverTypes=2,primaryPointerType=4,availablePointerTypes=4 --no-sandbox --user-data-dir=/var/folders/xx/vhn9ccgd6fn1yqgjn398gppw0000gn/T/playwright_chromiumdev_profile-5wyl3o --remote-debugging-pipe --no-startup-window[22m
    [2m  - <launched> pid=19030[22m
    [2m  - [pid=19030][err] [0913/214054.407545:ERROR:base/power_monitor/thermal_state_observer_mac.mm:140] ThermalStateObserverMac unable to register to power notifications. Result: 9[22m
    [2m  - [pid=19030][err] [0913/214054.409112:ERROR:net/dns/dns_config_service_posix.cc:138] DNS config watch failed to start.[22m
    [2m  - [pid=19030][err] [0913/214054.409575:FATAL:base/apple/mach_port_rendezvous_mac.cc:159] Check failed: kr == KERN_SUCCESS. bootstrap_check_in org.chromium.Chromium.MachPortRendezvousServer.19030: Permission denied (1100)[22m
    [2m  - [pid=19030] <gracefully close start>[22m
    [2m  - [pid=19030] <kill>[22m
    [2m  - [pid=19030] <will force kill>[22m
    [2m  - [pid=19030] exception while trying to kill process: Error: kill EPERM[22m
    [2m  - [pid=19030] <process did exit: exitCode=null, signal=SIGTRAP>[22m
    [2m  - [pid=19030] starting temporary directories cleanup[22m
    [2m  - [pid=19030] finished temporary directories cleanup[22m
    [2m  - [pid=19030] <gracefully close end>[22m


    Error Context: test-results/tools-NCU-field-analysis-r-7d3f6-ses-from-measurement-deltas-chromium/error-context.md

  65) [chromium] › e2e/tools.spec.ts:697:5 › microstrip impedance reacts to trace width ────────────

    Error: browserType.launch: Target page, context or browser has been closed
    Browser logs:

    <launching> /Users/pc141/Library/Caches/ms-playwright/chromium_headless_shell-1223/chrome-headless-shell-mac-arm64/chrome-headless-shell --disable-field-trial-config --disable-background-networking --disable-background-timer-throttling --disable-backgrounding-occluded-windows --disable-back-forward-cache --disable-breakpad --disable-client-side-phishing-detection --disable-component-extensions-with-background-pages --disable-component-update --no-default-browser-check --disable-default-apps --disable-dev-shm-usage --disable-edgeupdater --disable-extensions --disable-features=AvoidUnnecessaryBeforeUnloadCheckSync,BoundaryEventDispatchTracksNodeRemoval,DestroyProfileOnBrowserClose,DialMediaRouteProvider,GlobalMediaControls,HttpsUpgrades,LensOverlay,MediaRouter,PaintHolding,ThirdPartyStoragePartitioning,Translate,AutoDeElevate,RenderDocument,OptimizationHints,msForceBrowserSignIn,msEdgeUpdateLaunchServicesPreferredVersion --enable-features=CDPScreenshotNewSurface --allow-pre-commit-input --disable-hang-monitor --disable-ipc-flooding-protection --disable-popup-blocking --disable-prompt-on-repost --disable-renderer-backgrounding --force-color-profile=srgb --metrics-recording-only --no-first-run --password-store=basic --use-mock-keychain --no-service-autorun --export-tagged-pdf --disable-search-engine-choice-screen --unsafely-disable-devtools-self-xss-warnings --edge-skip-compat-layer-relaunch --disable-infobars --disable-search-engine-choice-screen --disable-sync --enable-unsafe-swiftshader --headless --hide-scrollbars --mute-audio --blink-settings=primaryHoverType=2,availableHoverTypes=2,primaryPointerType=4,availablePointerTypes=4 --no-sandbox --user-data-dir=/var/folders/xx/vhn9ccgd6fn1yqgjn398gppw0000gn/T/playwright_chromiumdev_profile-Ed9yxR --remote-debugging-pipe --no-startup-window
    <launched> pid=19032
    [pid=19032][err] [0913/214054.614799:ERROR:base/power_monitor/thermal_state_observer_mac.mm:140] ThermalStateObserverMac unable to register to power notifications. Result: 9
    [pid=19032][err] [0913/214054.616606:ERROR:net/dns/dns_config_service_posix.cc:138] DNS config watch failed to start.
    [pid=19032][err] [0913/214054.617108:FATAL:base/apple/mach_port_rendezvous_mac.cc:159] Check failed: kr == KERN_SUCCESS. bootstrap_check_in org.chromium.Chromium.MachPortRendezvousServer.19032: Permission denied (1100)
    Call log:
    [2m  - <launching> /Users/pc141/Library/Caches/ms-playwright/chromium_headless_shell-1223/chrome-headless-shell-mac-arm64/chrome-headless-shell --disable-field-trial-config --disable-background-networking --disable-background-timer-throttling --disable-backgrounding-occluded-windows --disable-back-forward-cache --disable-breakpad --disable-client-side-phishing-detection --disable-component-extensions-with-background-pages --disable-component-update --no-default-browser-check --disable-default-apps --disable-dev-shm-usage --disable-edgeupdater --disable-extensions --disable-features=AvoidUnnecessaryBeforeUnloadCheckSync,BoundaryEventDispatchTracksNodeRemoval,DestroyProfileOnBrowserClose,DialMediaRouteProvider,GlobalMediaControls,HttpsUpgrades,LensOverlay,MediaRouter,PaintHolding,ThirdPartyStoragePartitioning,Translate,AutoDeElevate,RenderDocument,OptimizationHints,msForceBrowserSignIn,msEdgeUpdateLaunchServicesPreferredVersion --enable-features=CDPScreenshotNewSurface --allow-pre-commit-input --disable-hang-monitor --disable-ipc-flooding-protection --disable-popup-blocking --disable-prompt-on-repost --disable-renderer-backgrounding --force-color-profile=srgb --metrics-recording-only --no-first-run --password-store=basic --use-mock-keychain --no-service-autorun --export-tagged-pdf --disable-search-engine-choice-screen --unsafely-disable-devtools-self-xss-warnings --edge-skip-compat-layer-relaunch --disable-infobars --disable-search-engine-choice-screen --disable-sync --enable-unsafe-swiftshader --headless --hide-scrollbars --mute-audio --blink-settings=primaryHoverType=2,availableHoverTypes=2,primaryPointerType=4,availablePointerTypes=4 --no-sandbox --user-data-dir=/var/folders/xx/vhn9ccgd6fn1yqgjn398gppw0000gn/T/playwright_chromiumdev_profile-Ed9yxR --remote-debugging-pipe --no-startup-window[22m
    [2m  - <launched> pid=19032[22m
    [2m  - [pid=19032][err] [0913/214054.614799:ERROR:base/power_monitor/thermal_state_observer_mac.mm:140] ThermalStateObserverMac unable to register to power notifications. Result: 9[22m
    [2m  - [pid=19032][err] [0913/214054.616606:ERROR:net/dns/dns_config_service_posix.cc:138] DNS config watch failed to start.[22m
    [2m  - [pid=19032][err] [0913/214054.617108:FATAL:base/apple/mach_port_rendezvous_mac.cc:159] Check failed: kr == KERN_SUCCESS. bootstrap_check_in org.chromium.Chromium.MachPortRendezvousServer.19032: Permission denied (1100)[22m
    [2m  - [pid=19032] <gracefully close start>[22m
    [2m  - [pid=19032] <kill>[22m
    [2m  - [pid=19032] <will force kill>[22m
    [2m  - [pid=19032] exception while trying to kill process: Error: kill EPERM[22m
    [2m  - [pid=19032] <process did exit: exitCode=null, signal=SIGTRAP>[22m
    [2m  - [pid=19032] starting temporary directories cleanup[22m
    [2m  - [pid=19032] finished temporary directories cleanup[22m
    [2m  - [pid=19032] <gracefully close end>[22m


    Error Context: test-results/tools-microstrip-impedance-reacts-to-trace-width-chromium/error-context.md

  66) [chromium] › e2e/tools.spec.ts:706:5 › microstrip bend significance reacts to frequency ──────

    Error: browserType.launch: Target page, context or browser has been closed
    Browser logs:

    <launching> /Users/pc141/Library/Caches/ms-playwright/chromium_headless_shell-1223/chrome-headless-shell-mac-arm64/chrome-headless-shell --disable-field-trial-config --disable-background-networking --disable-background-timer-throttling --disable-backgrounding-occluded-windows --disable-back-forward-cache --disable-breakpad --disable-client-side-phishing-detection --disable-component-extensions-with-background-pages --disable-component-update --no-default-browser-check --disable-default-apps --disable-dev-shm-usage --disable-edgeupdater --disable-extensions --disable-features=AvoidUnnecessaryBeforeUnloadCheckSync,BoundaryEventDispatchTracksNodeRemoval,DestroyProfileOnBrowserClose,DialMediaRouteProvider,GlobalMediaControls,HttpsUpgrades,LensOverlay,MediaRouter,PaintHolding,ThirdPartyStoragePartitioning,Translate,AutoDeElevate,RenderDocument,OptimizationHints,msForceBrowserSignIn,msEdgeUpdateLaunchServicesPreferredVersion --enable-features=CDPScreenshotNewSurface --allow-pre-commit-input --disable-hang-monitor --disable-ipc-flooding-protection --disable-popup-blocking --disable-prompt-on-repost --disable-renderer-backgrounding --force-color-profile=srgb --metrics-recording-only --no-first-run --password-store=basic --use-mock-keychain --no-service-autorun --export-tagged-pdf --disable-search-engine-choice-screen --unsafely-disable-devtools-self-xss-warnings --edge-skip-compat-layer-relaunch --disable-infobars --disable-search-engine-choice-screen --disable-sync --enable-unsafe-swiftshader --headless --hide-scrollbars --mute-audio --blink-settings=primaryHoverType=2,availableHoverTypes=2,primaryPointerType=4,availablePointerTypes=4 --no-sandbox --user-data-dir=/var/folders/xx/vhn9ccgd6fn1yqgjn398gppw0000gn/T/playwright_chromiumdev_profile-DhySmY --remote-debugging-pipe --no-startup-window
    <launched> pid=19034
    [pid=19034][err] [0913/214054.825941:ERROR:base/power_monitor/thermal_state_observer_mac.mm:140] ThermalStateObserverMac unable to register to power notifications. Result: 9
    [pid=19034][err] [0913/214054.827647:ERROR:net/dns/dns_config_service_posix.cc:138] DNS config watch failed to start.
    [pid=19034][err] [0913/214054.828073:FATAL:base/apple/mach_port_rendezvous_mac.cc:159] Check failed: kr == KERN_SUCCESS. bootstrap_check_in org.chromium.Chromium.MachPortRendezvousServer.19034: Permission denied (1100)
    Call log:
    [2m  - <launching> /Users/pc141/Library/Caches/ms-playwright/chromium_headless_shell-1223/chrome-headless-shell-mac-arm64/chrome-headless-shell --disable-field-trial-config --disable-background-networking --disable-background-timer-throttling --disable-backgrounding-occluded-windows --disable-back-forward-cache --disable-breakpad --disable-client-side-phishing-detection --disable-component-extensions-with-background-pages --disable-component-update --no-default-browser-check --disable-default-apps --disable-dev-shm-usage --disable-edgeupdater --disable-extensions --disable-features=AvoidUnnecessaryBeforeUnloadCheckSync,BoundaryEventDispatchTracksNodeRemoval,DestroyProfileOnBrowserClose,DialMediaRouteProvider,GlobalMediaControls,HttpsUpgrades,LensOverlay,MediaRouter,PaintHolding,ThirdPartyStoragePartitioning,Translate,AutoDeElevate,RenderDocument,OptimizationHints,msForceBrowserSignIn,msEdgeUpdateLaunchServicesPreferredVersion --enable-features=CDPScreenshotNewSurface --allow-pre-commit-input --disable-hang-monitor --disable-ipc-flooding-protection --disable-popup-blocking --disable-prompt-on-repost --disable-renderer-backgrounding --force-color-profile=srgb --metrics-recording-only --no-first-run --password-store=basic --use-mock-keychain --no-service-autorun --export-tagged-pdf --disable-search-engine-choice-screen --unsafely-disable-devtools-self-xss-warnings --edge-skip-compat-layer-relaunch --disable-infobars --disable-search-engine-choice-screen --disable-sync --enable-unsafe-swiftshader --headless --hide-scrollbars --mute-audio --blink-settings=primaryHoverType=2,availableHoverTypes=2,primaryPointerType=4,availablePointerTypes=4 --no-sandbox --user-data-dir=/var/folders/xx/vhn9ccgd6fn1yqgjn398gppw0000gn/T/playwright_chromiumdev_profile-DhySmY --remote-debugging-pipe --no-startup-window[22m
    [2m  - <launched> pid=19034[22m
    [2m  - [pid=19034][err] [0913/214054.825941:ERROR:base/power_monitor/thermal_state_observer_mac.mm:140] ThermalStateObserverMac unable to register to power notifications. Result: 9[22m
    [2m  - [pid=19034][err] [0913/214054.827647:ERROR:net/dns/dns_config_service_posix.cc:138] DNS config watch failed to start.[22m
    [2m  - [pid=19034][err] [0913/214054.828073:FATAL:base/apple/mach_port_rendezvous_mac.cc:159] Check failed: kr == KERN_SUCCESS. bootstrap_check_in org.chromium.Chromium.MachPortRendezvousServer.19034: Permission denied (1100)[22m
    [2m  - [pid=19034] <gracefully close start>[22m
    [2m  - [pid=19034] <kill>[22m
    [2m  - [pid=19034] <will force kill>[22m
    [2m  - [pid=19034] exception while trying to kill process: Error: kill EPERM[22m
    [2m  - [pid=19034] <process did exit: exitCode=null, signal=SIGTRAP>[22m
    [2m  - [pid=19034] starting temporary directories cleanup[22m
    [2m  - [pid=19034] finished temporary directories cleanup[22m
    [2m  - [pid=19034] <gracefully close end>[22m


    Error Context: test-results/tools-microstrip-bend-significance-reacts-to-frequency-chromium/error-context.md

  67) [chromium] › e2e/tools.spec.ts:714:5 › fresnel page includes the IoT deep-dive ───────────────

    Error: browserType.launch: Target page, context or browser has been closed
    Browser logs:

    <launching> /Users/pc141/Library/Caches/ms-playwright/chromium_headless_shell-1223/chrome-headless-shell-mac-arm64/chrome-headless-shell --disable-field-trial-config --disable-background-networking --disable-background-timer-throttling --disable-backgrounding-occluded-windows --disable-back-forward-cache --disable-breakpad --disable-client-side-phishing-detection --disable-component-extensions-with-background-pages --disable-component-update --no-default-browser-check --disable-default-apps --disable-dev-shm-usage --disable-edgeupdater --disable-extensions --disable-features=AvoidUnnecessaryBeforeUnloadCheckSync,BoundaryEventDispatchTracksNodeRemoval,DestroyProfileOnBrowserClose,DialMediaRouteProvider,GlobalMediaControls,HttpsUpgrades,LensOverlay,MediaRouter,PaintHolding,ThirdPartyStoragePartitioning,Translate,AutoDeElevate,RenderDocument,OptimizationHints,msForceBrowserSignIn,msEdgeUpdateLaunchServicesPreferredVersion --enable-features=CDPScreenshotNewSurface --allow-pre-commit-input --disable-hang-monitor --disable-ipc-flooding-protection --disable-popup-blocking --disable-prompt-on-repost --disable-renderer-backgrounding --force-color-profile=srgb --metrics-recording-only --no-first-run --password-store=basic --use-mock-keychain --no-service-autorun --export-tagged-pdf --disable-search-engine-choice-screen --unsafely-disable-devtools-self-xss-warnings --edge-skip-compat-layer-relaunch --disable-infobars --disable-search-engine-choice-screen --disable-sync --enable-unsafe-swiftshader --headless --hide-scrollbars --mute-audio --blink-settings=primaryHoverType=2,availableHoverTypes=2,primaryPointerType=4,availablePointerTypes=4 --no-sandbox --user-data-dir=/var/folders/xx/vhn9ccgd6fn1yqgjn398gppw0000gn/T/playwright_chromiumdev_profile-5SmfHm --remote-debugging-pipe --no-startup-window
    <launched> pid=19036
    [pid=19036][err] [0913/214055.036891:ERROR:base/power_monitor/thermal_state_observer_mac.mm:140] ThermalStateObserverMac unable to register to power notifications. Result: 9
    [pid=19036][err] [0913/214055.038587:ERROR:net/dns/dns_config_service_posix.cc:138] DNS config watch failed to start.
    [pid=19036][err] [0913/214055.038956:FATAL:base/apple/mach_port_rendezvous_mac.cc:159] Check failed: kr == KERN_SUCCESS. bootstrap_check_in org.chromium.Chromium.MachPortRendezvousServer.19036: Permission denied (1100)
    Call log:
    [2m  - <launching> /Users/pc141/Library/Caches/ms-playwright/chromium_headless_shell-1223/chrome-headless-shell-mac-arm64/chrome-headless-shell --disable-field-trial-config --disable-background-networking --disable-background-timer-throttling --disable-backgrounding-occluded-windows --disable-back-forward-cache --disable-breakpad --disable-client-side-phishing-detection --disable-component-extensions-with-background-pages --disable-component-update --no-default-browser-check --disable-default-apps --disable-dev-shm-usage --disable-edgeupdater --disable-extensions --disable-features=AvoidUnnecessaryBeforeUnloadCheckSync,BoundaryEventDispatchTracksNodeRemoval,DestroyProfileOnBrowserClose,DialMediaRouteProvider,GlobalMediaControls,HttpsUpgrades,LensOverlay,MediaRouter,PaintHolding,ThirdPartyStoragePartitioning,Translate,AutoDeElevate,RenderDocument,OptimizationHints,msForceBrowserSignIn,msEdgeUpdateLaunchServicesPreferredVersion --enable-features=CDPScreenshotNewSurface --allow-pre-commit-input --disable-hang-monitor --disable-ipc-flooding-protection --disable-popup-blocking --disable-prompt-on-repost --disable-renderer-backgrounding --force-color-profile=srgb --metrics-recording-only --no-first-run --password-store=basic --use-mock-keychain --no-service-autorun --export-tagged-pdf --disable-search-engine-choice-screen --unsafely-disable-devtools-self-xss-warnings --edge-skip-compat-layer-relaunch --disable-infobars --disable-search-engine-choice-screen --disable-sync --enable-unsafe-swiftshader --headless --hide-scrollbars --mute-audio --blink-settings=primaryHoverType=2,availableHoverTypes=2,primaryPointerType=4,availablePointerTypes=4 --no-sandbox --user-data-dir=/var/folders/xx/vhn9ccgd6fn1yqgjn398gppw0000gn/T/playwright_chromiumdev_profile-5SmfHm --remote-debugging-pipe --no-startup-window[22m
    [2m  - <launched> pid=19036[22m
    [2m  - [pid=19036][err] [0913/214055.036891:ERROR:base/power_monitor/thermal_state_observer_mac.mm:140] ThermalStateObserverMac unable to register to power notifications. Result: 9[22m
    [2m  - [pid=19036][err] [0913/214055.038587:ERROR:net/dns/dns_config_service_posix.cc:138] DNS config watch failed to start.[22m
    [2m  - [pid=19036][err] [0913/214055.038956:FATAL:base/apple/mach_port_rendezvous_mac.cc:159] Check failed: kr == KERN_SUCCESS. bootstrap_check_in org.chromium.Chromium.MachPortRendezvousServer.19036: Permission denied (1100)[22m
    [2m  - [pid=19036] <gracefully close start>[22m
    [2m  - [pid=19036] <kill>[22m
    [2m  - [pid=19036] <will force kill>[22m
    [2m  - [pid=19036] exception while trying to kill process: Error: kill EPERM[22m
    [2m  - [pid=19036] <process did exit: exitCode=null, signal=SIGTRAP>[22m
    [2m  - [pid=19036] starting temporary directories cleanup[22m
    [2m  - [pid=19036] finished temporary directories cleanup[22m
    [2m  - [pid=19036] <gracefully close end>[22m


    Error Context: test-results/tools-fresnel-page-includes-the-IoT-deep-dive-chromium/error-context.md

  68) [chromium] › e2e/tools.spec.ts:722:5 › fresnel long-distance mode subtracts earth curvature and shows the radio horizon 

    Error: browserType.launch: Target page, context or browser has been closed
    Browser logs:

    <launching> /Users/pc141/Library/Caches/ms-playwright/chromium_headless_shell-1223/chrome-headless-shell-mac-arm64/chrome-headless-shell --disable-field-trial-config --disable-background-networking --disable-background-timer-throttling --disable-backgrounding-occluded-windows --disable-back-forward-cache --disable-breakpad --disable-client-side-phishing-detection --disable-component-extensions-with-background-pages --disable-component-update --no-default-browser-check --disable-default-apps --disable-dev-shm-usage --disable-edgeupdater --disable-extensions --disable-features=AvoidUnnecessaryBeforeUnloadCheckSync,BoundaryEventDispatchTracksNodeRemoval,DestroyProfileOnBrowserClose,DialMediaRouteProvider,GlobalMediaControls,HttpsUpgrades,LensOverlay,MediaRouter,PaintHolding,ThirdPartyStoragePartitioning,Translate,AutoDeElevate,RenderDocument,OptimizationHints,msForceBrowserSignIn,msEdgeUpdateLaunchServicesPreferredVersion --enable-features=CDPScreenshotNewSurface --allow-pre-commit-input --disable-hang-monitor --disable-ipc-flooding-protection --disable-popup-blocking --disable-prompt-on-repost --disable-renderer-backgrounding --force-color-profile=srgb --metrics-recording-only --no-first-run --password-store=basic --use-mock-keychain --no-service-autorun --export-tagged-pdf --disable-search-engine-choice-screen --unsafely-disable-devtools-self-xss-warnings --edge-skip-compat-layer-relaunch --disable-infobars --disable-search-engine-choice-screen --disable-sync --enable-unsafe-swiftshader --headless --hide-scrollbars --mute-audio --blink-settings=primaryHoverType=2,availableHoverTypes=2,primaryPointerType=4,availablePointerTypes=4 --no-sandbox --user-data-dir=/var/folders/xx/vhn9ccgd6fn1yqgjn398gppw0000gn/T/playwright_chromiumdev_profile-exyBln --remote-debugging-pipe --no-startup-window
    <launched> pid=19038
    [pid=19038][err] [0913/214055.248170:ERROR:base/power_monitor/thermal_state_observer_mac.mm:140] ThermalStateObserverMac unable to register to power notifications. Result: 9
    [pid=19038][err] [0913/214055.249809:ERROR:net/dns/dns_config_service_posix.cc:138] DNS config watch failed to start.
    [pid=19038][err] [0913/214055.250172:FATAL:base/apple/mach_port_rendezvous_mac.cc:159] Check failed: kr == KERN_SUCCESS. bootstrap_check_in org.chromium.Chromium.MachPortRendezvousServer.19038: Permission denied (1100)
    Call log:
    [2m  - <launching> /Users/pc141/Library/Caches/ms-playwright/chromium_headless_shell-1223/chrome-headless-shell-mac-arm64/chrome-headless-shell --disable-field-trial-config --disable-background-networking --disable-background-timer-throttling --disable-backgrounding-occluded-windows --disable-back-forward-cache --disable-breakpad --disable-client-side-phishing-detection --disable-component-extensions-with-background-pages --disable-component-update --no-default-browser-check --disable-default-apps --disable-dev-shm-usage --disable-edgeupdater --disable-extensions --disable-features=AvoidUnnecessaryBeforeUnloadCheckSync,BoundaryEventDispatchTracksNodeRemoval,DestroyProfileOnBrowserClose,DialMediaRouteProvider,GlobalMediaControls,HttpsUpgrades,LensOverlay,MediaRouter,PaintHolding,ThirdPartyStoragePartitioning,Translate,AutoDeElevate,RenderDocument,OptimizationHints,msForceBrowserSignIn,msEdgeUpdateLaunchServicesPreferredVersion --enable-features=CDPScreenshotNewSurface --allow-pre-commit-input --disable-hang-monitor --disable-ipc-flooding-protection --disable-popup-blocking --disable-prompt-on-repost --disable-renderer-backgrounding --force-color-profile=srgb --metrics-recording-only --no-first-run --password-store=basic --use-mock-keychain --no-service-autorun --export-tagged-pdf --disable-search-engine-choice-screen --unsafely-disable-devtools-self-xss-warnings --edge-skip-compat-layer-relaunch --disable-infobars --disable-search-engine-choice-screen --disable-sync --enable-unsafe-swiftshader --headless --hide-scrollbars --mute-audio --blink-settings=primaryHoverType=2,availableHoverTypes=2,primaryPointerType=4,availablePointerTypes=4 --no-sandbox --user-data-dir=/var/folders/xx/vhn9ccgd6fn1yqgjn398gppw0000gn/T/playwright_chromiumdev_profile-exyBln --remote-debugging-pipe --no-startup-window[22m
    [2m  - <launched> pid=19038[22m
    [2m  - [pid=19038][err] [0913/214055.248170:ERROR:base/power_monitor/thermal_state_observer_mac.mm:140] ThermalStateObserverMac unable to register to power notifications. Result: 9[22m
    [2m  - [pid=19038][err] [0913/214055.249809:ERROR:net/dns/dns_config_service_posix.cc:138] DNS config watch failed to start.[22m
    [2m  - [pid=19038][err] [0913/214055.250172:FATAL:base/apple/mach_port_rendezvous_mac.cc:159] Check failed: kr == KERN_SUCCESS. bootstrap_check_in org.chromium.Chromium.MachPortRendezvousServer.19038: Permission denied (1100)[22m
    [2m  - [pid=19038] <gracefully close start>[22m
    [2m  - [pid=19038] <kill>[22m
    [2m  - [pid=19038] <will force kill>[22m
    [2m  - [pid=19038] exception while trying to kill process: Error: kill EPERM[22m
    [2m  - [pid=19038] <process did exit: exitCode=null, signal=SIGTRAP>[22m
    [2m  - [pid=19038] starting temporary directories cleanup[22m
    [2m  - [pid=19038] finished temporary directories cleanup[22m
    [2m  - [pid=19038] <gracefully close end>[22m


    Error Context: test-results/tools-fresnel-long-distanc-5f1b5-and-shows-the-radio-horizon-chromium/error-context.md

  69) [chromium] › e2e/tools.spec.ts:747:5 › propagation page includes the Okumura-Hata column ─────

    Error: browserType.launch: Target page, context or browser has been closed
    Browser logs:

    <launching> /Users/pc141/Library/Caches/ms-playwright/chromium_headless_shell-1223/chrome-headless-shell-mac-arm64/chrome-headless-shell --disable-field-trial-config --disable-background-networking --disable-background-timer-throttling --disable-backgrounding-occluded-windows --disable-back-forward-cache --disable-breakpad --disable-client-side-phishing-detection --disable-component-extensions-with-background-pages --disable-component-update --no-default-browser-check --disable-default-apps --disable-dev-shm-usage --disable-edgeupdater --disable-extensions --disable-features=AvoidUnnecessaryBeforeUnloadCheckSync,BoundaryEventDispatchTracksNodeRemoval,DestroyProfileOnBrowserClose,DialMediaRouteProvider,GlobalMediaControls,HttpsUpgrades,LensOverlay,MediaRouter,PaintHolding,ThirdPartyStoragePartitioning,Translate,AutoDeElevate,RenderDocument,OptimizationHints,msForceBrowserSignIn,msEdgeUpdateLaunchServicesPreferredVersion --enable-features=CDPScreenshotNewSurface --allow-pre-commit-input --disable-hang-monitor --disable-ipc-flooding-protection --disable-popup-blocking --disable-prompt-on-repost --disable-renderer-backgrounding --force-color-profile=srgb --metrics-recording-only --no-first-run --password-store=basic --use-mock-keychain --no-service-autorun --export-tagged-pdf --disable-search-engine-choice-screen --unsafely-disable-devtools-self-xss-warnings --edge-skip-compat-layer-relaunch --disable-infobars --disable-search-engine-choice-screen --disable-sync --enable-unsafe-swiftshader --headless --hide-scrollbars --mute-audio --blink-settings=primaryHoverType=2,availableHoverTypes=2,primaryPointerType=4,availablePointerTypes=4 --no-sandbox --user-data-dir=/var/folders/xx/vhn9ccgd6fn1yqgjn398gppw0000gn/T/playwright_chromiumdev_profile-K5OcoV --remote-debugging-pipe --no-startup-window
    <launched> pid=19040
    [pid=19040][err] [0913/214055.475091:ERROR:base/power_monitor/thermal_state_observer_mac.mm:140] ThermalStateObserverMac unable to register to power notifications. Result: 9
    [pid=19040][err] [0913/214055.476892:ERROR:net/dns/dns_config_service_posix.cc:138] DNS config watch failed to start.
    [pid=19040][err] [0913/214055.477424:FATAL:base/apple/mach_port_rendezvous_mac.cc:159] Check failed: kr == KERN_SUCCESS. bootstrap_check_in org.chromium.Chromium.MachPortRendezvousServer.19040: Permission denied (1100)
    Call log:
    [2m  - <launching> /Users/pc141/Library/Caches/ms-playwright/chromium_headless_shell-1223/chrome-headless-shell-mac-arm64/chrome-headless-shell --disable-field-trial-config --disable-background-networking --disable-background-timer-throttling --disable-backgrounding-occluded-windows --disable-back-forward-cache --disable-breakpad --disable-client-side-phishing-detection --disable-component-extensions-with-background-pages --disable-component-update --no-default-browser-check --disable-default-apps --disable-dev-shm-usage --disable-edgeupdater --disable-extensions --disable-features=AvoidUnnecessaryBeforeUnloadCheckSync,BoundaryEventDispatchTracksNodeRemoval,DestroyProfileOnBrowserClose,DialMediaRouteProvider,GlobalMediaControls,HttpsUpgrades,LensOverlay,MediaRouter,PaintHolding,ThirdPartyStoragePartitioning,Translate,AutoDeElevate,RenderDocument,OptimizationHints,msForceBrowserSignIn,msEdgeUpdateLaunchServicesPreferredVersion --enable-features=CDPScreenshotNewSurface --allow-pre-commit-input --disable-hang-monitor --disable-ipc-flooding-protection --disable-popup-blocking --disable-prompt-on-repost --disable-renderer-backgrounding --force-color-profile=srgb --metrics-recording-only --no-first-run --password-store=basic --use-mock-keychain --no-service-autorun --export-tagged-pdf --disable-search-engine-choice-screen --unsafely-disable-devtools-self-xss-warnings --edge-skip-compat-layer-relaunch --disable-infobars --disable-search-engine-choice-screen --disable-sync --enable-unsafe-swiftshader --headless --hide-scrollbars --mute-audio --blink-settings=primaryHoverType=2,availableHoverTypes=2,primaryPointerType=4,availablePointerTypes=4 --no-sandbox --user-data-dir=/var/folders/xx/vhn9ccgd6fn1yqgjn398gppw0000gn/T/playwright_chromiumdev_profile-K5OcoV --remote-debugging-pipe --no-startup-window[22m
    [2m  - <launched> pid=19040[22m
    [2m  - [pid=19040][err] [0913/214055.475091:ERROR:base/power_monitor/thermal_state_observer_mac.mm:140] ThermalStateObserverMac unable to register to power notifications. Result: 9[22m
    [2m  - [pid=19040][err] [0913/214055.476892:ERROR:net/dns/dns_config_service_posix.cc:138] DNS config watch failed to start.[22m
    [2m  - [pid=19040][err] [0913/214055.477424:FATAL:base/apple/mach_port_rendezvous_mac.cc:159] Check failed: kr == KERN_SUCCESS. bootstrap_check_in org.chromium.Chromium.MachPortRendezvousServer.19040: Permission denied (1100)[22m
    [2m  - [pid=19040] <gracefully close start>[22m
    [2m  - [pid=19040] <kill>[22m
    [2m  - [pid=19040] <will force kill>[22m
    [2m  - [pid=19040] exception while trying to kill process: Error: kill EPERM[22m
    [2m  - [pid=19040] <process did exit: exitCode=null, signal=SIGTRAP>[22m
    [2m  - [pid=19040] starting temporary directories cleanup[22m
    [2m  - [pid=19040] finished temporary directories cleanup[22m
    [2m  - [pid=19040] <gracefully close end>[22m


    Error Context: test-results/tools-propagation-page-includes-the-Okumura-Hata-column-chromium/error-context.md

  70) [chromium] › e2e/tools.spec.ts:756:5 › propagation page warns when Hata is floored by free-space loss 

    Error: browserType.launch: Target page, context or browser has been closed
    Browser logs:

    <launching> /Users/pc141/Library/Caches/ms-playwright/chromium_headless_shell-1223/chrome-headless-shell-mac-arm64/chrome-headless-shell --disable-field-trial-config --disable-background-networking --disable-background-timer-throttling --disable-backgrounding-occluded-windows --disable-back-forward-cache --disable-breakpad --disable-client-side-phishing-detection --disable-component-extensions-with-background-pages --disable-component-update --no-default-browser-check --disable-default-apps --disable-dev-shm-usage --disable-edgeupdater --disable-extensions --disable-features=AvoidUnnecessaryBeforeUnloadCheckSync,BoundaryEventDispatchTracksNodeRemoval,DestroyProfileOnBrowserClose,DialMediaRouteProvider,GlobalMediaControls,HttpsUpgrades,LensOverlay,MediaRouter,PaintHolding,ThirdPartyStoragePartitioning,Translate,AutoDeElevate,RenderDocument,OptimizationHints,msForceBrowserSignIn,msEdgeUpdateLaunchServicesPreferredVersion --enable-features=CDPScreenshotNewSurface --allow-pre-commit-input --disable-hang-monitor --disable-ipc-flooding-protection --disable-popup-blocking --disable-prompt-on-repost --disable-renderer-backgrounding --force-color-profile=srgb --metrics-recording-only --no-first-run --password-store=basic --use-mock-keychain --no-service-autorun --export-tagged-pdf --disable-search-engine-choice-screen --unsafely-disable-devtools-self-xss-warnings --edge-skip-compat-layer-relaunch --disable-infobars --disable-search-engine-choice-screen --disable-sync --enable-unsafe-swiftshader --headless --hide-scrollbars --mute-audio --blink-settings=primaryHoverType=2,availableHoverTypes=2,primaryPointerType=4,availablePointerTypes=4 --no-sandbox --user-data-dir=/var/folders/xx/vhn9ccgd6fn1yqgjn398gppw0000gn/T/playwright_chromiumdev_profile-RhgSxZ --remote-debugging-pipe --no-startup-window
    <launched> pid=19042
    [pid=19042][err] [0913/214055.687128:ERROR:base/power_monitor/thermal_state_observer_mac.mm:140] ThermalStateObserverMac unable to register to power notifications. Result: 9
    [pid=19042][err] [0913/214055.688705:ERROR:net/dns/dns_config_service_posix.cc:138] DNS config watch failed to start.
    [pid=19042][err] [0913/214055.688986:FATAL:base/apple/mach_port_rendezvous_mac.cc:159] Check failed: kr == KERN_SUCCESS. bootstrap_check_in org.chromium.Chromium.MachPortRendezvousServer.19042: Permission denied (1100)
    Call log:
    [2m  - <launching> /Users/pc141/Library/Caches/ms-playwright/chromium_headless_shell-1223/chrome-headless-shell-mac-arm64/chrome-headless-shell --disable-field-trial-config --disable-background-networking --disable-background-timer-throttling --disable-backgrounding-occluded-windows --disable-back-forward-cache --disable-breakpad --disable-client-side-phishing-detection --disable-component-extensions-with-background-pages --disable-component-update --no-default-browser-check --disable-default-apps --disable-dev-shm-usage --disable-edgeupdater --disable-extensions --disable-features=AvoidUnnecessaryBeforeUnloadCheckSync,BoundaryEventDispatchTracksNodeRemoval,DestroyProfileOnBrowserClose,DialMediaRouteProvider,GlobalMediaControls,HttpsUpgrades,LensOverlay,MediaRouter,PaintHolding,ThirdPartyStoragePartitioning,Translate,AutoDeElevate,RenderDocument,OptimizationHints,msForceBrowserSignIn,msEdgeUpdateLaunchServicesPreferredVersion --enable-features=CDPScreenshotNewSurface --allow-pre-commit-input --disable-hang-monitor --disable-ipc-flooding-protection --disable-popup-blocking --disable-prompt-on-repost --disable-renderer-backgrounding --force-color-profile=srgb --metrics-recording-only --no-first-run --password-store=basic --use-mock-keychain --no-service-autorun --export-tagged-pdf --disable-search-engine-choice-screen --unsafely-disable-devtools-self-xss-warnings --edge-skip-compat-layer-relaunch --disable-infobars --disable-search-engine-choice-screen --disable-sync --enable-unsafe-swiftshader --headless --hide-scrollbars --mute-audio --blink-settings=primaryHoverType=2,availableHoverTypes=2,primaryPointerType=4,availablePointerTypes=4 --no-sandbox --user-data-dir=/var/folders/xx/vhn9ccgd6fn1yqgjn398gppw0000gn/T/playwright_chromiumdev_profile-RhgSxZ --remote-debugging-pipe --no-startup-window[22m
    [2m  - <launched> pid=19042[22m
    [2m  - [pid=19042][err] [0913/214055.687128:ERROR:base/power_monitor/thermal_state_observer_mac.mm:140] ThermalStateObserverMac unable to register to power notifications. Result: 9[22m
    [2m  - [pid=19042][err] [0913/214055.688705:ERROR:net/dns/dns_config_service_posix.cc:138] DNS config watch failed to start.[22m
    [2m  - [pid=19042][err] [0913/214055.688986:FATAL:base/apple/mach_port_rendezvous_mac.cc:159] Check failed: kr == KERN_SUCCESS. bootstrap_check_in org.chromium.Chromium.MachPortRendezvousServer.19042: Permission denied (1100)[22m
    [2m  - [pid=19042] <gracefully close start>[22m
    [2m  - [pid=19042] <kill>[22m
    [2m  - [pid=19042] <will force kill>[22m
    [2m  - [pid=19042] exception while trying to kill process: Error: kill EPERM[22m
    [2m  - [pid=19042] <process did exit: exitCode=null, signal=SIGTRAP>[22m
    [2m  - [pid=19042] starting temporary directories cleanup[22m
    [2m  - [pid=19042] finished temporary directories cleanup[22m
    [2m  - [pid=19042] <gracefully close end>[22m


    Error Context: test-results/tools-propagation-page-war-9e678--floored-by-free-space-loss-chromium/error-context.md

  71) [chromium] › e2e/tools.spec.ts:774:5 › radio wave intuition renders chapters, animates the wave and tracks progress 

    Error: browserType.launch: Target page, context or browser has been closed
    Browser logs:

    <launching> /Users/pc141/Library/Caches/ms-playwright/chromium_headless_shell-1223/chrome-headless-shell-mac-arm64/chrome-headless-shell --disable-field-trial-config --disable-background-networking --disable-background-timer-throttling --disable-backgrounding-occluded-windows --disable-back-forward-cache --disable-breakpad --disable-client-side-phishing-detection --disable-component-extensions-with-background-pages --disable-component-update --no-default-browser-check --disable-default-apps --disable-dev-shm-usage --disable-edgeupdater --disable-extensions --disable-features=AvoidUnnecessaryBeforeUnloadCheckSync,BoundaryEventDispatchTracksNodeRemoval,DestroyProfileOnBrowserClose,DialMediaRouteProvider,GlobalMediaControls,HttpsUpgrades,LensOverlay,MediaRouter,PaintHolding,ThirdPartyStoragePartitioning,Translate,AutoDeElevate,RenderDocument,OptimizationHints,msForceBrowserSignIn,msEdgeUpdateLaunchServicesPreferredVersion --enable-features=CDPScreenshotNewSurface --allow-pre-commit-input --disable-hang-monitor --disable-ipc-flooding-protection --disable-popup-blocking --disable-prompt-on-repost --disable-renderer-backgrounding --force-color-profile=srgb --metrics-recording-only --no-first-run --password-store=basic --use-mock-keychain --no-service-autorun --export-tagged-pdf --disable-search-engine-choice-screen --unsafely-disable-devtools-self-xss-warnings --edge-skip-compat-layer-relaunch --disable-infobars --disable-search-engine-choice-screen --disable-sync --enable-unsafe-swiftshader --headless --hide-scrollbars --mute-audio --blink-settings=primaryHoverType=2,availableHoverTypes=2,primaryPointerType=4,availablePointerTypes=4 --no-sandbox --user-data-dir=/var/folders/xx/vhn9ccgd6fn1yqgjn398gppw0000gn/T/playwright_chromiumdev_profile-zHBxYJ --remote-debugging-pipe --no-startup-window
    <launched> pid=19044
    [pid=19044][err] [0913/214055.895991:ERROR:base/power_monitor/thermal_state_observer_mac.mm:140] ThermalStateObserverMac unable to register to power notifications. Result: 9
    [pid=19044][err] [0913/214055.897566:ERROR:net/dns/dns_config_service_posix.cc:138] DNS config watch failed to start.
    [pid=19044][err] [0913/214055.897869:FATAL:base/apple/mach_port_rendezvous_mac.cc:159] Check failed: kr == KERN_SUCCESS. bootstrap_check_in org.chromium.Chromium.MachPortRendezvousServer.19044: Permission denied (1100)
    Call log:
    [2m  - <launching> /Users/pc141/Library/Caches/ms-playwright/chromium_headless_shell-1223/chrome-headless-shell-mac-arm64/chrome-headless-shell --disable-field-trial-config --disable-background-networking --disable-background-timer-throttling --disable-backgrounding-occluded-windows --disable-back-forward-cache --disable-breakpad --disable-client-side-phishing-detection --disable-component-extensions-with-background-pages --disable-component-update --no-default-browser-check --disable-default-apps --disable-dev-shm-usage --disable-edgeupdater --disable-extensions --disable-features=AvoidUnnecessaryBeforeUnloadCheckSync,BoundaryEventDispatchTracksNodeRemoval,DestroyProfileOnBrowserClose,DialMediaRouteProvider,GlobalMediaControls,HttpsUpgrades,LensOverlay,MediaRouter,PaintHolding,ThirdPartyStoragePartitioning,Translate,AutoDeElevate,RenderDocument,OptimizationHints,msForceBrowserSignIn,msEdgeUpdateLaunchServicesPreferredVersion --enable-features=CDPScreenshotNewSurface --allow-pre-commit-input --disable-hang-monitor --disable-ipc-flooding-protection --disable-popup-blocking --disable-prompt-on-repost --disable-renderer-backgrounding --force-color-profile=srgb --metrics-recording-only --no-first-run --password-store=basic --use-mock-keychain --no-service-autorun --export-tagged-pdf --disable-search-engine-choice-screen --unsafely-disable-devtools-self-xss-warnings --edge-skip-compat-layer-relaunch --disable-infobars --disable-search-engine-choice-screen --disable-sync --enable-unsafe-swiftshader --headless --hide-scrollbars --mute-audio --blink-settings=primaryHoverType=2,availableHoverTypes=2,primaryPointerType=4,availablePointerTypes=4 --no-sandbox --user-data-dir=/var/folders/xx/vhn9ccgd6fn1yqgjn398gppw0000gn/T/playwright_chromiumdev_profile-zHBxYJ --remote-debugging-pipe --no-startup-window[22m
    [2m  - <launched> pid=19044[22m
    [2m  - [pid=19044][err] [0913/214055.895991:ERROR:base/power_monitor/thermal_state_observer_mac.mm:140] ThermalStateObserverMac unable to register to power notifications. Result: 9[22m
    [2m  - [pid=19044][err] [0913/214055.897566:ERROR:net/dns/dns_config_service_posix.cc:138] DNS config watch failed to start.[22m
    [2m  - [pid=19044][err] [0913/214055.897869:FATAL:base/apple/mach_port_rendezvous_mac.cc:159] Check failed: kr == KERN_SUCCESS. bootstrap_check_in org.chromium.Chromium.MachPortRendezvousServer.19044: Permission denied (1100)[22m
    [2m  - [pid=19044] <gracefully close start>[22m
    [2m  - [pid=19044] <kill>[22m
    [2m  - [pid=19044] <will force kill>[22m
    [2m  - [pid=19044] exception while trying to kill process: Error: kill EPERM[22m
    [2m  - [pid=19044] <process did exit: exitCode=null, signal=SIGTRAP>[22m
    [2m  - [pid=19044] starting temporary directories cleanup[22m
    [2m  - [pid=19044] finished temporary directories cleanup[22m
    [2m  - [pid=19044] <gracefully close end>[22m


    Error Context: test-results/tools-radio-wave-intuition-1652a-he-wave-and-tracks-progress-chromium/error-context.md

  72) [chromium] › e2e/tools.spec.ts:796:5 › radio wave intuition chapters expose their columns and tool links 

    Error: browserType.launch: Target page, context or browser has been closed
    Browser logs:

    <launching> /Users/pc141/Library/Caches/ms-playwright/chromium_headless_shell-1223/chrome-headless-shell-mac-arm64/chrome-headless-shell --disable-field-trial-config --disable-background-networking --disable-background-timer-throttling --disable-backgrounding-occluded-windows --disable-back-forward-cache --disable-breakpad --disable-client-side-phishing-detection --disable-component-extensions-with-background-pages --disable-component-update --no-default-browser-check --disable-default-apps --disable-dev-shm-usage --disable-edgeupdater --disable-extensions --disable-features=AvoidUnnecessaryBeforeUnloadCheckSync,BoundaryEventDispatchTracksNodeRemoval,DestroyProfileOnBrowserClose,DialMediaRouteProvider,GlobalMediaControls,HttpsUpgrades,LensOverlay,MediaRouter,PaintHolding,ThirdPartyStoragePartitioning,Translate,AutoDeElevate,RenderDocument,OptimizationHints,msForceBrowserSignIn,msEdgeUpdateLaunchServicesPreferredVersion --enable-features=CDPScreenshotNewSurface --allow-pre-commit-input --disable-hang-monitor --disable-ipc-flooding-protection --disable-popup-blocking --disable-prompt-on-repost --disable-renderer-backgrounding --force-color-profile=srgb --metrics-recording-only --no-first-run --password-store=basic --use-mock-keychain --no-service-autorun --export-tagged-pdf --disable-search-engine-choice-screen --unsafely-disable-devtools-self-xss-warnings --edge-skip-compat-layer-relaunch --disable-infobars --disable-search-engine-choice-screen --disable-sync --enable-unsafe-swiftshader --headless --hide-scrollbars --mute-audio --blink-settings=primaryHoverType=2,availableHoverTypes=2,primaryPointerType=4,availablePointerTypes=4 --no-sandbox --user-data-dir=/var/folders/xx/vhn9ccgd6fn1yqgjn398gppw0000gn/T/playwright_chromiumdev_profile-Fn23is --remote-debugging-pipe --no-startup-window
    <launched> pid=19046
    [pid=19046][err] [0913/214056.111174:ERROR:base/power_monitor/thermal_state_observer_mac.mm:140] ThermalStateObserverMac unable to register to power notifications. Result: 9
    [pid=19046][err] [0913/214056.112901:ERROR:net/dns/dns_config_service_posix.cc:138] DNS config watch failed to start.
    [pid=19046][err] [0913/214056.113380:FATAL:base/apple/mach_port_rendezvous_mac.cc:159] Check failed: kr == KERN_SUCCESS. bootstrap_check_in org.chromium.Chromium.MachPortRendezvousServer.19046: Permission denied (1100)
    Call log:
    [2m  - <launching> /Users/pc141/Library/Caches/ms-playwright/chromium_headless_shell-1223/chrome-headless-shell-mac-arm64/chrome-headless-shell --disable-field-trial-config --disable-background-networking --disable-background-timer-throttling --disable-backgrounding-occluded-windows --disable-back-forward-cache --disable-breakpad --disable-client-side-phishing-detection --disable-component-extensions-with-background-pages --disable-component-update --no-default-browser-check --disable-default-apps --disable-dev-shm-usage --disable-edgeupdater --disable-extensions --disable-features=AvoidUnnecessaryBeforeUnloadCheckSync,BoundaryEventDispatchTracksNodeRemoval,DestroyProfileOnBrowserClose,DialMediaRouteProvider,GlobalMediaControls,HttpsUpgrades,LensOverlay,MediaRouter,PaintHolding,ThirdPartyStoragePartitioning,Translate,AutoDeElevate,RenderDocument,OptimizationHints,msForceBrowserSignIn,msEdgeUpdateLaunchServicesPreferredVersion --enable-features=CDPScreenshotNewSurface --allow-pre-commit-input --disable-hang-monitor --disable-ipc-flooding-protection --disable-popup-blocking --disable-prompt-on-repost --disable-renderer-backgrounding --force-color-profile=srgb --metrics-recording-only --no-first-run --password-store=basic --use-mock-keychain --no-service-autorun --export-tagged-pdf --disable-search-engine-choice-screen --unsafely-disable-devtools-self-xss-warnings --edge-skip-compat-layer-relaunch --disable-infobars --disable-search-engine-choice-screen --disable-sync --enable-unsafe-swiftshader --headless --hide-scrollbars --mute-audio --blink-settings=primaryHoverType=2,availableHoverTypes=2,primaryPointerType=4,availablePointerTypes=4 --no-sandbox --user-data-dir=/var/folders/xx/vhn9ccgd6fn1yqgjn398gppw0000gn/T/playwright_chromiumdev_profile-Fn23is --remote-debugging-pipe --no-startup-window[22m
    [2m  - <launched> pid=19046[22m
    [2m  - [pid=19046][err] [0913/214056.111174:ERROR:base/power_monitor/thermal_state_observer_mac.mm:140] ThermalStateObserverMac unable to register to power notifications. Result: 9[22m
    [2m  - [pid=19046][err] [0913/214056.112901:ERROR:net/dns/dns_config_service_posix.cc:138] DNS config watch failed to start.[22m
    [2m  - [pid=19046][err] [0913/214056.113380:FATAL:base/apple/mach_port_rendezvous_mac.cc:159] Check failed: kr == KERN_SUCCESS. bootstrap_check_in org.chromium.Chromium.MachPortRendezvousServer.19046: Permission denied (1100)[22m
    [2m  - [pid=19046] <gracefully close start>[22m
    [2m  - [pid=19046] <kill>[22m
    [2m  - [pid=19046] <will force kill>[22m
    [2m  - [pid=19046] exception while trying to kill process: Error: kill EPERM[22m
    [2m  - [pid=19046] <process did exit: exitCode=null, signal=SIGTRAP>[22m
    [2m  - [pid=19046] starting temporary directories cleanup[22m
    [2m  - [pid=19046] finished temporary directories cleanup[22m
    [2m  - [pid=19046] <gracefully close end>[22m


    Error Context: test-results/tools-radio-wave-intuition-6bb73-heir-columns-and-tool-links-chromium/error-context.md

  73) [chromium] › e2e/tools.spec.ts:809:5 › RF learning quest answers immediately and saves progress 

    Error: browserType.launch: Target page, context or browser has been closed
    Browser logs:

    <launching> /Users/pc141/Library/Caches/ms-playwright/chromium_headless_shell-1223/chrome-headless-shell-mac-arm64/chrome-headless-shell --disable-field-trial-config --disable-background-networking --disable-background-timer-throttling --disable-backgrounding-occluded-windows --disable-back-forward-cache --disable-breakpad --disable-client-side-phishing-detection --disable-component-extensions-with-background-pages --disable-component-update --no-default-browser-check --disable-default-apps --disable-dev-shm-usage --disable-edgeupdater --disable-extensions --disable-features=AvoidUnnecessaryBeforeUnloadCheckSync,BoundaryEventDispatchTracksNodeRemoval,DestroyProfileOnBrowserClose,DialMediaRouteProvider,GlobalMediaControls,HttpsUpgrades,LensOverlay,MediaRouter,PaintHolding,ThirdPartyStoragePartitioning,Translate,AutoDeElevate,RenderDocument,OptimizationHints,msForceBrowserSignIn,msEdgeUpdateLaunchServicesPreferredVersion --enable-features=CDPScreenshotNewSurface --allow-pre-commit-input --disable-hang-monitor --disable-ipc-flooding-protection --disable-popup-blocking --disable-prompt-on-repost --disable-renderer-backgrounding --force-color-profile=srgb --metrics-recording-only --no-first-run --password-store=basic --use-mock-keychain --no-service-autorun --export-tagged-pdf --disable-search-engine-choice-screen --unsafely-disable-devtools-self-xss-warnings --edge-skip-compat-layer-relaunch --disable-infobars --disable-search-engine-choice-screen --disable-sync --enable-unsafe-swiftshader --headless --hide-scrollbars --mute-audio --blink-settings=primaryHoverType=2,availableHoverTypes=2,primaryPointerType=4,availablePointerTypes=4 --no-sandbox --user-data-dir=/var/folders/xx/vhn9ccgd6fn1yqgjn398gppw0000gn/T/playwright_chromiumdev_profile-eTa7gn --remote-debugging-pipe --no-startup-window
    <launched> pid=19048
    [pid=19048][err] [0913/214056.312242:ERROR:base/power_monitor/thermal_state_observer_mac.mm:140] ThermalStateObserverMac unable to register to power notifications. Result: 9
    [pid=19048][err] [0913/214056.313865:ERROR:net/dns/dns_config_service_posix.cc:138] DNS config watch failed to start.
    [pid=19048][err] [0913/214056.314266:FATAL:base/apple/mach_port_rendezvous_mac.cc:159] Check failed: kr == KERN_SUCCESS. bootstrap_check_in org.chromium.Chromium.MachPortRendezvousServer.19048: Permission denied (1100)
    Call log:
    [2m  - <launching> /Users/pc141/Library/Caches/ms-playwright/chromium_headless_shell-1223/chrome-headless-shell-mac-arm64/chrome-headless-shell --disable-field-trial-config --disable-background-networking --disable-background-timer-throttling --disable-backgrounding-occluded-windows --disable-back-forward-cache --disable-breakpad --disable-client-side-phishing-detection --disable-component-extensions-with-background-pages --disable-component-update --no-default-browser-check --disable-default-apps --disable-dev-shm-usage --disable-edgeupdater --disable-extensions --disable-features=AvoidUnnecessaryBeforeUnloadCheckSync,BoundaryEventDispatchTracksNodeRemoval,DestroyProfileOnBrowserClose,DialMediaRouteProvider,GlobalMediaControls,HttpsUpgrades,LensOverlay,MediaRouter,PaintHolding,ThirdPartyStoragePartitioning,Translate,AutoDeElevate,RenderDocument,OptimizationHints,msForceBrowserSignIn,msEdgeUpdateLaunchServicesPreferredVersion --enable-features=CDPScreenshotNewSurface --allow-pre-commit-input --disable-hang-monitor --disable-ipc-flooding-protection --disable-popup-blocking --disable-prompt-on-repost --disable-renderer-backgrounding --force-color-profile=srgb --metrics-recording-only --no-first-run --password-store=basic --use-mock-keychain --no-service-autorun --export-tagged-pdf --disable-search-engine-choice-screen --unsafely-disable-devtools-self-xss-warnings --edge-skip-compat-layer-relaunch --disable-infobars --disable-search-engine-choice-screen --disable-sync --enable-unsafe-swiftshader --headless --hide-scrollbars --mute-audio --blink-settings=primaryHoverType=2,availableHoverTypes=2,primaryPointerType=4,availablePointerTypes=4 --no-sandbox --user-data-dir=/var/folders/xx/vhn9ccgd6fn1yqgjn398gppw0000gn/T/playwright_chromiumdev_profile-eTa7gn --remote-debugging-pipe --no-startup-window[22m
    [2m  - <launched> pid=19048[22m
    [2m  - [pid=19048][err] [0913/214056.312242:ERROR:base/power_monitor/thermal_state_observer_mac.mm:140] ThermalStateObserverMac unable to register to power notifications. Result: 9[22m
    [2m  - [pid=19048][err] [0913/214056.313865:ERROR:net/dns/dns_config_service_posix.cc:138] DNS config watch failed to start.[22m
    [2m  - [pid=19048][err] [0913/214056.314266:FATAL:base/apple/mach_port_rendezvous_mac.cc:159] Check failed: kr == KERN_SUCCESS. bootstrap_check_in org.chromium.Chromium.MachPortRendezvousServer.19048: Permission denied (1100)[22m
    [2m  - [pid=19048] <gracefully close start>[22m
    [2m  - [pid=19048] <kill>[22m
    [2m  - [pid=19048] <will force kill>[22m
    [2m  - [pid=19048] exception while trying to kill process: Error: kill EPERM[22m
    [2m  - [pid=19048] <process did exit: exitCode=null, signal=SIGTRAP>[22m
    [2m  - [pid=19048] starting temporary directories cleanup[22m
    [2m  - [pid=19048] finished temporary directories cleanup[22m
    [2m  - [pid=19048] <gracefully close end>[22m


    Error Context: test-results/tools-RF-learning-quest-an-34c79-ediately-and-saves-progress-chromium/error-context.md

  74) [chromium] › e2e/tools.spec.ts:838:5 › RF learning quest clears a wrong answer when the stage is clicked again 

    Error: browserType.launch: Target page, context or browser has been closed
    Browser logs:

    <launching> /Users/pc141/Library/Caches/ms-playwright/chromium_headless_shell-1223/chrome-headless-shell-mac-arm64/chrome-headless-shell --disable-field-trial-config --disable-background-networking --disable-background-timer-throttling --disable-backgrounding-occluded-windows --disable-back-forward-cache --disable-breakpad --disable-client-side-phishing-detection --disable-component-extensions-with-background-pages --disable-component-update --no-default-browser-check --disable-default-apps --disable-dev-shm-usage --disable-edgeupdater --disable-extensions --disable-features=AvoidUnnecessaryBeforeUnloadCheckSync,BoundaryEventDispatchTracksNodeRemoval,DestroyProfileOnBrowserClose,DialMediaRouteProvider,GlobalMediaControls,HttpsUpgrades,LensOverlay,MediaRouter,PaintHolding,ThirdPartyStoragePartitioning,Translate,AutoDeElevate,RenderDocument,OptimizationHints,msForceBrowserSignIn,msEdgeUpdateLaunchServicesPreferredVersion --enable-features=CDPScreenshotNewSurface --allow-pre-commit-input --disable-hang-monitor --disable-ipc-flooding-protection --disable-popup-blocking --disable-prompt-on-repost --disable-renderer-backgrounding --force-color-profile=srgb --metrics-recording-only --no-first-run --password-store=basic --use-mock-keychain --no-service-autorun --export-tagged-pdf --disable-search-engine-choice-screen --unsafely-disable-devtools-self-xss-warnings --edge-skip-compat-layer-relaunch --disable-infobars --disable-search-engine-choice-screen --disable-sync --enable-unsafe-swiftshader --headless --hide-scrollbars --mute-audio --blink-settings=primaryHoverType=2,availableHoverTypes=2,primaryPointerType=4,availablePointerTypes=4 --no-sandbox --user-data-dir=/var/folders/xx/vhn9ccgd6fn1yqgjn398gppw0000gn/T/playwright_chromiumdev_profile-TjE3QE --remote-debugging-pipe --no-startup-window
    <launched> pid=19052
    [pid=19052][err] [0913/214056.533808:ERROR:base/power_monitor/thermal_state_observer_mac.mm:140] ThermalStateObserverMac unable to register to power notifications. Result: 9
    [pid=19052][err] [0913/214056.535466:ERROR:net/dns/dns_config_service_posix.cc:138] DNS config watch failed to start.
    [pid=19052][err] [0913/214056.535854:FATAL:base/apple/mach_port_rendezvous_mac.cc:159] Check failed: kr == KERN_SUCCESS. bootstrap_check_in org.chromium.Chromium.MachPortRendezvousServer.19052: Permission denied (1100)
    Call log:
    [2m  - <launching> /Users/pc141/Library/Caches/ms-playwright/chromium_headless_shell-1223/chrome-headless-shell-mac-arm64/chrome-headless-shell --disable-field-trial-config --disable-background-networking --disable-background-timer-throttling --disable-backgrounding-occluded-windows --disable-back-forward-cache --disable-breakpad --disable-client-side-phishing-detection --disable-component-extensions-with-background-pages --disable-component-update --no-default-browser-check --disable-default-apps --disable-dev-shm-usage --disable-edgeupdater --disable-extensions --disable-features=AvoidUnnecessaryBeforeUnloadCheckSync,BoundaryEventDispatchTracksNodeRemoval,DestroyProfileOnBrowserClose,DialMediaRouteProvider,GlobalMediaControls,HttpsUpgrades,LensOverlay,MediaRouter,PaintHolding,ThirdPartyStoragePartitioning,Translate,AutoDeElevate,RenderDocument,OptimizationHints,msForceBrowserSignIn,msEdgeUpdateLaunchServicesPreferredVersion --enable-features=CDPScreenshotNewSurface --allow-pre-commit-input --disable-hang-monitor --disable-ipc-flooding-protection --disable-popup-blocking --disable-prompt-on-repost --disable-renderer-backgrounding --force-color-profile=srgb --metrics-recording-only --no-first-run --password-store=basic --use-mock-keychain --no-service-autorun --export-tagged-pdf --disable-search-engine-choice-screen --unsafely-disable-devtools-self-xss-warnings --edge-skip-compat-layer-relaunch --disable-infobars --disable-search-engine-choice-screen --disable-sync --enable-unsafe-swiftshader --headless --hide-scrollbars --mute-audio --blink-settings=primaryHoverType=2,availableHoverTypes=2,primaryPointerType=4,availablePointerTypes=4 --no-sandbox --user-data-dir=/var/folders/xx/vhn9ccgd6fn1yqgjn398gppw0000gn/T/playwright_chromiumdev_profile-TjE3QE --remote-debugging-pipe --no-startup-window[22m
    [2m  - <launched> pid=19052[22m
    [2m  - [pid=19052][err] [0913/214056.533808:ERROR:base/power_monitor/thermal_state_observer_mac.mm:140] ThermalStateObserverMac unable to register to power notifications. Result: 9[22m
    [2m  - [pid=19052][err] [0913/214056.535466:ERROR:net/dns/dns_config_service_posix.cc:138] DNS config watch failed to start.[22m
    [2m  - [pid=19052][err] [0913/214056.535854:FATAL:base/apple/mach_port_rendezvous_mac.cc:159] Check failed: kr == KERN_SUCCESS. bootstrap_check_in org.chromium.Chromium.MachPortRendezvousServer.19052: Permission denied (1100)[22m
    [2m  - [pid=19052] <gracefully close start>[22m
    [2m  - [pid=19052] <kill>[22m
    [2m  - [pid=19052] <will force kill>[22m
    [2m  - [pid=19052] exception while trying to kill process: Error: kill EPERM[22m
    [2m  - [pid=19052] <process did exit: exitCode=null, signal=SIGTRAP>[22m
    [2m  - [pid=19052] starting temporary directories cleanup[22m
    [2m  - [pid=19052] finished temporary directories cleanup[22m
    [2m  - [pid=19052] <gracefully close end>[22m


    Error Context: test-results/tools-RF-learning-quest-cl-952be--the-stage-is-clicked-again-chromium/error-context.md

  75) [chromium] › e2e/tools.spec.ts:853:5 › RF learning quest keeps seeded choices stable until an answer is shown 

    Error: browserType.launch: Target page, context or browser has been closed
    Browser logs:

    <launching> /Users/pc141/Library/Caches/ms-playwright/chromium_headless_shell-1223/chrome-headless-shell-mac-arm64/chrome-headless-shell --disable-field-trial-config --disable-background-networking --disable-background-timer-throttling --disable-backgrounding-occluded-windows --disable-back-forward-cache --disable-breakpad --disable-client-side-phishing-detection --disable-component-extensions-with-background-pages --disable-component-update --no-default-browser-check --disable-default-apps --disable-dev-shm-usage --disable-edgeupdater --disable-extensions --disable-features=AvoidUnnecessaryBeforeUnloadCheckSync,BoundaryEventDispatchTracksNodeRemoval,DestroyProfileOnBrowserClose,DialMediaRouteProvider,GlobalMediaControls,HttpsUpgrades,LensOverlay,MediaRouter,PaintHolding,ThirdPartyStoragePartitioning,Translate,AutoDeElevate,RenderDocument,OptimizationHints,msForceBrowserSignIn,msEdgeUpdateLaunchServicesPreferredVersion --enable-features=CDPScreenshotNewSurface --allow-pre-commit-input --disable-hang-monitor --disable-ipc-flooding-protection --disable-popup-blocking --disable-prompt-on-repost --disable-renderer-backgrounding --force-color-profile=srgb --metrics-recording-only --no-first-run --password-store=basic --use-mock-keychain --no-service-autorun --export-tagged-pdf --disable-search-engine-choice-screen --unsafely-disable-devtools-self-xss-warnings --edge-skip-compat-layer-relaunch --disable-infobars --disable-search-engine-choice-screen --disable-sync --enable-unsafe-swiftshader --headless --hide-scrollbars --mute-audio --blink-settings=primaryHoverType=2,availableHoverTypes=2,primaryPointerType=4,availablePointerTypes=4 --no-sandbox --user-data-dir=/var/folders/xx/vhn9ccgd6fn1yqgjn398gppw0000gn/T/playwright_chromiumdev_profile-cYSxvH --remote-debugging-pipe --no-startup-window
    <launched> pid=19056
    [pid=19056][err] [0913/214056.749546:ERROR:base/power_monitor/thermal_state_observer_mac.mm:140] ThermalStateObserverMac unable to register to power notifications. Result: 9
    [pid=19056][err] [0913/214056.751158:ERROR:net/dns/dns_config_service_posix.cc:138] DNS config watch failed to start.
    [pid=19056][err] [0913/214056.751627:FATAL:base/apple/mach_port_rendezvous_mac.cc:159] Check failed: kr == KERN_SUCCESS. bootstrap_check_in org.chromium.Chromium.MachPortRendezvousServer.19056: Permission denied (1100)
    Call log:
    [2m  - <launching> /Users/pc141/Library/Caches/ms-playwright/chromium_headless_shell-1223/chrome-headless-shell-mac-arm64/chrome-headless-shell --disable-field-trial-config --disable-background-networking --disable-background-timer-throttling --disable-backgrounding-occluded-windows --disable-back-forward-cache --disable-breakpad --disable-client-side-phishing-detection --disable-component-extensions-with-background-pages --disable-component-update --no-default-browser-check --disable-default-apps --disable-dev-shm-usage --disable-edgeupdater --disable-extensions --disable-features=AvoidUnnecessaryBeforeUnloadCheckSync,BoundaryEventDispatchTracksNodeRemoval,DestroyProfileOnBrowserClose,DialMediaRouteProvider,GlobalMediaControls,HttpsUpgrades,LensOverlay,MediaRouter,PaintHolding,ThirdPartyStoragePartitioning,Translate,AutoDeElevate,RenderDocument,OptimizationHints,msForceBrowserSignIn,msEdgeUpdateLaunchServicesPreferredVersion --enable-features=CDPScreenshotNewSurface --allow-pre-commit-input --disable-hang-monitor --disable-ipc-flooding-protection --disable-popup-blocking --disable-prompt-on-repost --disable-renderer-backgrounding --force-color-profile=srgb --metrics-recording-only --no-first-run --password-store=basic --use-mock-keychain --no-service-autorun --export-tagged-pdf --disable-search-engine-choice-screen --unsafely-disable-devtools-self-xss-warnings --edge-skip-compat-layer-relaunch --disable-infobars --disable-search-engine-choice-screen --disable-sync --enable-unsafe-swiftshader --headless --hide-scrollbars --mute-audio --blink-settings=primaryHoverType=2,availableHoverTypes=2,primaryPointerType=4,availablePointerTypes=4 --no-sandbox --user-data-dir=/var/folders/xx/vhn9ccgd6fn1yqgjn398gppw0000gn/T/playwright_chromiumdev_profile-cYSxvH --remote-debugging-pipe --no-startup-window[22m
    [2m  - <launched> pid=19056[22m
    [2m  - [pid=19056][err] [0913/214056.749546:ERROR:base/power_monitor/thermal_state_observer_mac.mm:140] ThermalStateObserverMac unable to register to power notifications. Result: 9[22m
    [2m  - [pid=19056][err] [0913/214056.751158:ERROR:net/dns/dns_config_service_posix.cc:138] DNS config watch failed to start.[22m
    [2m  - [pid=19056][err] [0913/214056.751627:FATAL:base/apple/mach_port_rendezvous_mac.cc:159] Check failed: kr == KERN_SUCCESS. bootstrap_check_in org.chromium.Chromium.MachPortRendezvousServer.19056: Permission denied (1100)[22m
    [2m  - [pid=19056] <gracefully close start>[22m
    [2m  - [pid=19056] <kill>[22m
    [2m  - [pid=19056] <will force kill>[22m
    [2m  - [pid=19056] exception while trying to kill process: Error: kill EPERM[22m
    [2m  - [pid=19056] <process did exit: exitCode=null, signal=SIGTRAP>[22m
    [2m  - [pid=19056] starting temporary directories cleanup[22m
    [2m  - [pid=19056] finished temporary directories cleanup[22m
    [2m  - [pid=19056] <gracefully close end>[22m


    Error Context: test-results/tools-RF-learning-quest-ke-75e74-le-until-an-answer-is-shown-chromium/error-context.md

  76) [chromium] › e2e/tools.spec.ts:869:5 › RF learning quest has researcher mode with recent-study sources 

    Error: browserType.launch: Target page, context or browser has been closed
    Browser logs:

    <launching> /Users/pc141/Library/Caches/ms-playwright/chromium_headless_shell-1223/chrome-headless-shell-mac-arm64/chrome-headless-shell --disable-field-trial-config --disable-background-networking --disable-background-timer-throttling --disable-backgrounding-occluded-windows --disable-back-forward-cache --disable-breakpad --disable-client-side-phishing-detection --disable-component-extensions-with-background-pages --disable-component-update --no-default-browser-check --disable-default-apps --disable-dev-shm-usage --disable-edgeupdater --disable-extensions --disable-features=AvoidUnnecessaryBeforeUnloadCheckSync,BoundaryEventDispatchTracksNodeRemoval,DestroyProfileOnBrowserClose,DialMediaRouteProvider,GlobalMediaControls,HttpsUpgrades,LensOverlay,MediaRouter,PaintHolding,ThirdPartyStoragePartitioning,Translate,AutoDeElevate,RenderDocument,OptimizationHints,msForceBrowserSignIn,msEdgeUpdateLaunchServicesPreferredVersion --enable-features=CDPScreenshotNewSurface --allow-pre-commit-input --disable-hang-monitor --disable-ipc-flooding-protection --disable-popup-blocking --disable-prompt-on-repost --disable-renderer-backgrounding --force-color-profile=srgb --metrics-recording-only --no-first-run --password-store=basic --use-mock-keychain --no-service-autorun --export-tagged-pdf --disable-search-engine-choice-screen --unsafely-disable-devtools-self-xss-warnings --edge-skip-compat-layer-relaunch --disable-infobars --disable-search-engine-choice-screen --disable-sync --enable-unsafe-swiftshader --headless --hide-scrollbars --mute-audio --blink-settings=primaryHoverType=2,availableHoverTypes=2,primaryPointerType=4,availablePointerTypes=4 --no-sandbox --user-data-dir=/var/folders/xx/vhn9ccgd6fn1yqgjn398gppw0000gn/T/playwright_chromiumdev_profile-zHSfhT --remote-debugging-pipe --no-startup-window
    <launched> pid=19060
    [pid=19060][err] [0913/214056.960852:ERROR:base/power_monitor/thermal_state_observer_mac.mm:140] ThermalStateObserverMac unable to register to power notifications. Result: 9
    [pid=19060][err] [0913/214056.962427:ERROR:net/dns/dns_config_service_posix.cc:138] DNS config watch failed to start.
    [pid=19060][err] [0913/214056.962807:FATAL:base/apple/mach_port_rendezvous_mac.cc:159] Check failed: kr == KERN_SUCCESS. bootstrap_check_in org.chromium.Chromium.MachPortRendezvousServer.19060: Permission denied (1100)
    Call log:
    [2m  - <launching> /Users/pc141/Library/Caches/ms-playwright/chromium_headless_shell-1223/chrome-headless-shell-mac-arm64/chrome-headless-shell --disable-field-trial-config --disable-background-networking --disable-background-timer-throttling --disable-backgrounding-occluded-windows --disable-back-forward-cache --disable-breakpad --disable-client-side-phishing-detection --disable-component-extensions-with-background-pages --disable-component-update --no-default-browser-check --disable-default-apps --disable-dev-shm-usage --disable-edgeupdater --disable-extensions --disable-features=AvoidUnnecessaryBeforeUnloadCheckSync,BoundaryEventDispatchTracksNodeRemoval,DestroyProfileOnBrowserClose,DialMediaRouteProvider,GlobalMediaControls,HttpsUpgrades,LensOverlay,MediaRouter,PaintHolding,ThirdPartyStoragePartitioning,Translate,AutoDeElevate,RenderDocument,OptimizationHints,msForceBrowserSignIn,msEdgeUpdateLaunchServicesPreferredVersion --enable-features=CDPScreenshotNewSurface --allow-pre-commit-input --disable-hang-monitor --disable-ipc-flooding-protection --disable-popup-blocking --disable-prompt-on-repost --disable-renderer-backgrounding --force-color-profile=srgb --metrics-recording-only --no-first-run --password-store=basic --use-mock-keychain --no-service-autorun --export-tagged-pdf --disable-search-engine-choice-screen --unsafely-disable-devtools-self-xss-warnings --edge-skip-compat-layer-relaunch --disable-infobars --disable-search-engine-choice-screen --disable-sync --enable-unsafe-swiftshader --headless --hide-scrollbars --mute-audio --blink-settings=primaryHoverType=2,availableHoverTypes=2,primaryPointerType=4,availablePointerTypes=4 --no-sandbox --user-data-dir=/var/folders/xx/vhn9ccgd6fn1yqgjn398gppw0000gn/T/playwright_chromiumdev_profile-zHSfhT --remote-debugging-pipe --no-startup-window[22m
    [2m  - <launched> pid=19060[22m
    [2m  - [pid=19060][err] [0913/214056.960852:ERROR:base/power_monitor/thermal_state_observer_mac.mm:140] ThermalStateObserverMac unable to register to power notifications. Result: 9[22m
    [2m  - [pid=19060][err] [0913/214056.962427:ERROR:net/dns/dns_config_service_posix.cc:138] DNS config watch failed to start.[22m
    [2m  - [pid=19060][err] [0913/214056.962807:FATAL:base/apple/mach_port_rendezvous_mac.cc:159] Check failed: kr == KERN_SUCCESS. bootstrap_check_in org.chromium.Chromium.MachPortRendezvousServer.19060: Permission denied (1100)[22m
    [2m  - [pid=19060] <gracefully close start>[22m
    [2m  - [pid=19060] <kill>[22m
    [2m  - [pid=19060] <will force kill>[22m
    [2m  - [pid=19060] exception while trying to kill process: Error: kill EPERM[22m
    [2m  - [pid=19060] <process did exit: exitCode=null, signal=SIGTRAP>[22m
    [2m  - [pid=19060] starting temporary directories cleanup[22m
    [2m  - [pid=19060] finished temporary directories cleanup[22m
    [2m  - [pid=19060] <gracefully close end>[22m


    Error Context: test-results/tools-RF-learning-quest-ha-da4a8-e-with-recent-study-sources-chromium/error-context.md

  77) [chromium] › e2e/tools.spec.ts:881:5 › RF learning quest unlocks certification exam and prepares PDF certificate 

    Error: browserType.launch: Target page, context or browser has been closed
    Browser logs:

    <launching> /Users/pc141/Library/Caches/ms-playwright/chromium_headless_shell-1223/chrome-headless-shell-mac-arm64/chrome-headless-shell --disable-field-trial-config --disable-background-networking --disable-background-timer-throttling --disable-backgrounding-occluded-windows --disable-back-forward-cache --disable-breakpad --disable-client-side-phishing-detection --disable-component-extensions-with-background-pages --disable-component-update --no-default-browser-check --disable-default-apps --disable-dev-shm-usage --disable-edgeupdater --disable-extensions --disable-features=AvoidUnnecessaryBeforeUnloadCheckSync,BoundaryEventDispatchTracksNodeRemoval,DestroyProfileOnBrowserClose,DialMediaRouteProvider,GlobalMediaControls,HttpsUpgrades,LensOverlay,MediaRouter,PaintHolding,ThirdPartyStoragePartitioning,Translate,AutoDeElevate,RenderDocument,OptimizationHints,msForceBrowserSignIn,msEdgeUpdateLaunchServicesPreferredVersion --enable-features=CDPScreenshotNewSurface --allow-pre-commit-input --disable-hang-monitor --disable-ipc-flooding-protection --disable-popup-blocking --disable-prompt-on-repost --disable-renderer-backgrounding --force-color-profile=srgb --metrics-recording-only --no-first-run --password-store=basic --use-mock-keychain --no-service-autorun --export-tagged-pdf --disable-search-engine-choice-screen --unsafely-disable-devtools-self-xss-warnings --edge-skip-compat-layer-relaunch --disable-infobars --disable-search-engine-choice-screen --disable-sync --enable-unsafe-swiftshader --headless --hide-scrollbars --mute-audio --blink-settings=primaryHoverType=2,availableHoverTypes=2,primaryPointerType=4,availablePointerTypes=4 --no-sandbox --user-data-dir=/var/folders/xx/vhn9ccgd6fn1yqgjn398gppw0000gn/T/playwright_chromiumdev_profile-AIJjDy --remote-debugging-pipe --no-startup-window
    <launched> pid=19063
    [pid=19063][err] [0913/214057.190722:ERROR:base/power_monitor/thermal_state_observer_mac.mm:140] ThermalStateObserverMac unable to register to power notifications. Result: 9
    [pid=19063][err] [0913/214057.193039:ERROR:net/dns/dns_config_service_posix.cc:138] DNS config watch failed to start.
    [pid=19063][err] [0913/214057.193916:FATAL:base/apple/mach_port_rendezvous_mac.cc:159] Check failed: kr == KERN_SUCCESS. bootstrap_check_in org.chromium.Chromium.MachPortRendezvousServer.19063: Permission denied (1100)
    Call log:
    [2m  - <launching> /Users/pc141/Library/Caches/ms-playwright/chromium_headless_shell-1223/chrome-headless-shell-mac-arm64/chrome-headless-shell --disable-field-trial-config --disable-background-networking --disable-background-timer-throttling --disable-backgrounding-occluded-windows --disable-back-forward-cache --disable-breakpad --disable-client-side-phishing-detection --disable-component-extensions-with-background-pages --disable-component-update --no-default-browser-check --disable-default-apps --disable-dev-shm-usage --disable-edgeupdater --disable-extensions --disable-features=AvoidUnnecessaryBeforeUnloadCheckSync,BoundaryEventDispatchTracksNodeRemoval,DestroyProfileOnBrowserClose,DialMediaRouteProvider,GlobalMediaControls,HttpsUpgrades,LensOverlay,MediaRouter,PaintHolding,ThirdPartyStoragePartitioning,Translate,AutoDeElevate,RenderDocument,OptimizationHints,msForceBrowserSignIn,msEdgeUpdateLaunchServicesPreferredVersion --enable-features=CDPScreenshotNewSurface --allow-pre-commit-input --disable-hang-monitor --disable-ipc-flooding-protection --disable-popup-blocking --disable-prompt-on-repost --disable-renderer-backgrounding --force-color-profile=srgb --metrics-recording-only --no-first-run --password-store=basic --use-mock-keychain --no-service-autorun --export-tagged-pdf --disable-search-engine-choice-screen --unsafely-disable-devtools-self-xss-warnings --edge-skip-compat-layer-relaunch --disable-infobars --disable-search-engine-choice-screen --disable-sync --enable-unsafe-swiftshader --headless --hide-scrollbars --mute-audio --blink-settings=primaryHoverType=2,availableHoverTypes=2,primaryPointerType=4,availablePointerTypes=4 --no-sandbox --user-data-dir=/var/folders/xx/vhn9ccgd6fn1yqgjn398gppw0000gn/T/playwright_chromiumdev_profile-AIJjDy --remote-debugging-pipe --no-startup-window[22m
    [2m  - <launched> pid=19063[22m
    [2m  - [pid=19063][err] [0913/214057.190722:ERROR:base/power_monitor/thermal_state_observer_mac.mm:140] ThermalStateObserverMac unable to register to power notifications. Result: 9[22m
    [2m  - [pid=19063][err] [0913/214057.193039:ERROR:net/dns/dns_config_service_posix.cc:138] DNS config watch failed to start.[22m
    [2m  - [pid=19063][err] [0913/214057.193916:FATAL:base/apple/mach_port_rendezvous_mac.cc:159] Check failed: kr == KERN_SUCCESS. bootstrap_check_in org.chromium.Chromium.MachPortRendezvousServer.19063: Permission denied (1100)[22m
    [2m  - [pid=19063] <gracefully close start>[22m
    [2m  - [pid=19063] <kill>[22m
    [2m  - [pid=19063] <will force kill>[22m
    [2m  - [pid=19063] exception while trying to kill process: Error: kill EPERM[22m
    [2m  - [pid=19063] <process did exit: exitCode=null, signal=SIGTRAP>[22m
    [2m  - [pid=19063] starting temporary directories cleanup[22m
    [2m  - [pid=19063] finished temporary directories cleanup[22m
    [2m  - [pid=19063] <gracefully close end>[22m


    Error Context: test-results/tools-RF-learning-quest-un-a0f0c-nd-prepares-PDF-certificate-chromium/error-context.md

  78) [chromium] › e2e/tools.spec.ts:930:5 › RF learning quest shows a level-up screen after five clears 

    Error: browserType.launch: Target page, context or browser has been closed
    Browser logs:

    <launching> /Users/pc141/Library/Caches/ms-playwright/chromium_headless_shell-1223/chrome-headless-shell-mac-arm64/chrome-headless-shell --disable-field-trial-config --disable-background-networking --disable-background-timer-throttling --disable-backgrounding-occluded-windows --disable-back-forward-cache --disable-breakpad --disable-client-side-phishing-detection --disable-component-extensions-with-background-pages --disable-component-update --no-default-browser-check --disable-default-apps --disable-dev-shm-usage --disable-edgeupdater --disable-extensions --disable-features=AvoidUnnecessaryBeforeUnloadCheckSync,BoundaryEventDispatchTracksNodeRemoval,DestroyProfileOnBrowserClose,DialMediaRouteProvider,GlobalMediaControls,HttpsUpgrades,LensOverlay,MediaRouter,PaintHolding,ThirdPartyStoragePartitioning,Translate,AutoDeElevate,RenderDocument,OptimizationHints,msForceBrowserSignIn,msEdgeUpdateLaunchServicesPreferredVersion --enable-features=CDPScreenshotNewSurface --allow-pre-commit-input --disable-hang-monitor --disable-ipc-flooding-protection --disable-popup-blocking --disable-prompt-on-repost --disable-renderer-backgrounding --force-color-profile=srgb --metrics-recording-only --no-first-run --password-store=basic --use-mock-keychain --no-service-autorun --export-tagged-pdf --disable-search-engine-choice-screen --unsafely-disable-devtools-self-xss-warnings --edge-skip-compat-layer-relaunch --disable-infobars --disable-search-engine-choice-screen --disable-sync --enable-unsafe-swiftshader --headless --hide-scrollbars --mute-audio --blink-settings=primaryHoverType=2,availableHoverTypes=2,primaryPointerType=4,availablePointerTypes=4 --no-sandbox --user-data-dir=/var/folders/xx/vhn9ccgd6fn1yqgjn398gppw0000gn/T/playwright_chromiumdev_profile-NH3JAg --remote-debugging-pipe --no-startup-window
    <launched> pid=19069
    [pid=19069][err] [0913/214057.414796:ERROR:base/power_monitor/thermal_state_observer_mac.mm:140] ThermalStateObserverMac unable to register to power notifications. Result: 9
    [pid=19069][err] [0913/214057.416387:ERROR:net/dns/dns_config_service_posix.cc:138] DNS config watch failed to start.
    [pid=19069][err] [0913/214057.416831:FATAL:base/apple/mach_port_rendezvous_mac.cc:159] Check failed: kr == KERN_SUCCESS. bootstrap_check_in org.chromium.Chromium.MachPortRendezvousServer.19069: Permission denied (1100)
    Call log:
    [2m  - <launching> /Users/pc141/Library/Caches/ms-playwright/chromium_headless_shell-1223/chrome-headless-shell-mac-arm64/chrome-headless-shell --disable-field-trial-config --disable-background-networking --disable-background-timer-throttling --disable-backgrounding-occluded-windows --disable-back-forward-cache --disable-breakpad --disable-client-side-phishing-detection --disable-component-extensions-with-background-pages --disable-component-update --no-default-browser-check --disable-default-apps --disable-dev-shm-usage --disable-edgeupdater --disable-extensions --disable-features=AvoidUnnecessaryBeforeUnloadCheckSync,BoundaryEventDispatchTracksNodeRemoval,DestroyProfileOnBrowserClose,DialMediaRouteProvider,GlobalMediaControls,HttpsUpgrades,LensOverlay,MediaRouter,PaintHolding,ThirdPartyStoragePartitioning,Translate,AutoDeElevate,RenderDocument,OptimizationHints,msForceBrowserSignIn,msEdgeUpdateLaunchServicesPreferredVersion --enable-features=CDPScreenshotNewSurface --allow-pre-commit-input --disable-hang-monitor --disable-ipc-flooding-protection --disable-popup-blocking --disable-prompt-on-repost --disable-renderer-backgrounding --force-color-profile=srgb --metrics-recording-only --no-first-run --password-store=basic --use-mock-keychain --no-service-autorun --export-tagged-pdf --disable-search-engine-choice-screen --unsafely-disable-devtools-self-xss-warnings --edge-skip-compat-layer-relaunch --disable-infobars --disable-search-engine-choice-screen --disable-sync --enable-unsafe-swiftshader --headless --hide-scrollbars --mute-audio --blink-settings=primaryHoverType=2,availableHoverTypes=2,primaryPointerType=4,availablePointerTypes=4 --no-sandbox --user-data-dir=/var/folders/xx/vhn9ccgd6fn1yqgjn398gppw0000gn/T/playwright_chromiumdev_profile-NH3JAg --remote-debugging-pipe --no-startup-window[22m
    [2m  - <launched> pid=19069[22m
    [2m  - [pid=19069][err] [0913/214057.414796:ERROR:base/power_monitor/thermal_state_observer_mac.mm:140] ThermalStateObserverMac unable to register to power notifications. Result: 9[22m
    [2m  - [pid=19069][err] [0913/214057.416387:ERROR:net/dns/dns_config_service_posix.cc:138] DNS config watch failed to start.[22m
    [2m  - [pid=19069][err] [0913/214057.416831:FATAL:base/apple/mach_port_rendezvous_mac.cc:159] Check failed: kr == KERN_SUCCESS. bootstrap_check_in org.chromium.Chromium.MachPortRendezvousServer.19069: Permission denied (1100)[22m
    [2m  - [pid=19069] <gracefully close start>[22m
    [2m  - [pid=19069] <kill>[22m
    [2m  - [pid=19069] <will force kill>[22m
    [2m  - [pid=19069] exception while trying to kill process: Error: kill EPERM[22m
    [2m  - [pid=19069] <process did exit: exitCode=null, signal=SIGTRAP>[22m
    [2m  - [pid=19069] starting temporary directories cleanup[22m
    [2m  - [pid=19069] finished temporary directories cleanup[22m
    [2m  - [pid=19069] <gracefully close end>[22m


    Error Context: test-results/tools-RF-learning-quest-sh-e6487-up-screen-after-five-clears-chromium/error-context.md

  79) [chromium] › e2e/tools.spec.ts:949:5 › noise floor tool derives LoRa SF12 sensitivity and links to the link budget 

    Error: browserType.launch: Target page, context or browser has been closed
    Browser logs:

    <launching> /Users/pc141/Library/Caches/ms-playwright/chromium_headless_shell-1223/chrome-headless-shell-mac-arm64/chrome-headless-shell --disable-field-trial-config --disable-background-networking --disable-background-timer-throttling --disable-backgrounding-occluded-windows --disable-back-forward-cache --disable-breakpad --disable-client-side-phishing-detection --disable-component-extensions-with-background-pages --disable-component-update --no-default-browser-check --disable-default-apps --disable-dev-shm-usage --disable-edgeupdater --disable-extensions --disable-features=AvoidUnnecessaryBeforeUnloadCheckSync,BoundaryEventDispatchTracksNodeRemoval,DestroyProfileOnBrowserClose,DialMediaRouteProvider,GlobalMediaControls,HttpsUpgrades,LensOverlay,MediaRouter,PaintHolding,ThirdPartyStoragePartitioning,Translate,AutoDeElevate,RenderDocument,OptimizationHints,msForceBrowserSignIn,msEdgeUpdateLaunchServicesPreferredVersion --enable-features=CDPScreenshotNewSurface --allow-pre-commit-input --disable-hang-monitor --disable-ipc-flooding-protection --disable-popup-blocking --disable-prompt-on-repost --disable-renderer-backgrounding --force-color-profile=srgb --metrics-recording-only --no-first-run --password-store=basic --use-mock-keychain --no-service-autorun --export-tagged-pdf --disable-search-engine-choice-screen --unsafely-disable-devtools-self-xss-warnings --edge-skip-compat-layer-relaunch --disable-infobars --disable-search-engine-choice-screen --disable-sync --enable-unsafe-swiftshader --headless --hide-scrollbars --mute-audio --blink-settings=primaryHoverType=2,availableHoverTypes=2,primaryPointerType=4,availablePointerTypes=4 --no-sandbox --user-data-dir=/var/folders/xx/vhn9ccgd6fn1yqgjn398gppw0000gn/T/playwright_chromiumdev_profile-nBO3oV --remote-debugging-pipe --no-startup-window
    <launched> pid=19071
    [pid=19071][err] [0913/214057.625220:ERROR:base/power_monitor/thermal_state_observer_mac.mm:140] ThermalStateObserverMac unable to register to power notifications. Result: 9
    [pid=19071][err] [0913/214057.626931:ERROR:net/dns/dns_config_service_posix.cc:138] DNS config watch failed to start.
    [pid=19071][err] [0913/214057.627308:FATAL:base/apple/mach_port_rendezvous_mac.cc:159] Check failed: kr == KERN_SUCCESS. bootstrap_check_in org.chromium.Chromium.MachPortRendezvousServer.19071: Permission denied (1100)
    Call log:
    [2m  - <launching> /Users/pc141/Library/Caches/ms-playwright/chromium_headless_shell-1223/chrome-headless-shell-mac-arm64/chrome-headless-shell --disable-field-trial-config --disable-background-networking --disable-background-timer-throttling --disable-backgrounding-occluded-windows --disable-back-forward-cache --disable-breakpad --disable-client-side-phishing-detection --disable-component-extensions-with-background-pages --disable-component-update --no-default-browser-check --disable-default-apps --disable-dev-shm-usage --disable-edgeupdater --disable-extensions --disable-features=AvoidUnnecessaryBeforeUnloadCheckSync,BoundaryEventDispatchTracksNodeRemoval,DestroyProfileOnBrowserClose,DialMediaRouteProvider,GlobalMediaControls,HttpsUpgrades,LensOverlay,MediaRouter,PaintHolding,ThirdPartyStoragePartitioning,Translate,AutoDeElevate,RenderDocument,OptimizationHints,msForceBrowserSignIn,msEdgeUpdateLaunchServicesPreferredVersion --enable-features=CDPScreenshotNewSurface --allow-pre-commit-input --disable-hang-monitor --disable-ipc-flooding-protection --disable-popup-blocking --disable-prompt-on-repost --disable-renderer-backgrounding --force-color-profile=srgb --metrics-recording-only --no-first-run --password-store=basic --use-mock-keychain --no-service-autorun --export-tagged-pdf --disable-search-engine-choice-screen --unsafely-disable-devtools-self-xss-warnings --edge-skip-compat-layer-relaunch --disable-infobars --disable-search-engine-choice-screen --disable-sync --enable-unsafe-swiftshader --headless --hide-scrollbars --mute-audio --blink-settings=primaryHoverType=2,availableHoverTypes=2,primaryPointerType=4,availablePointerTypes=4 --no-sandbox --user-data-dir=/var/folders/xx/vhn9ccgd6fn1yqgjn398gppw0000gn/T/playwright_chromiumdev_profile-nBO3oV --remote-debugging-pipe --no-startup-window[22m
    [2m  - <launched> pid=19071[22m
    [2m  - [pid=19071][err] [0913/214057.625220:ERROR:base/power_monitor/thermal_state_observer_mac.mm:140] ThermalStateObserverMac unable to register to power notifications. Result: 9[22m
    [2m  - [pid=19071][err] [0913/214057.626931:ERROR:net/dns/dns_config_service_posix.cc:138] DNS config watch failed to start.[22m
    [2m  - [pid=19071][err] [0913/214057.627308:FATAL:base/apple/mach_port_rendezvous_mac.cc:159] Check failed: kr == KERN_SUCCESS. bootstrap_check_in org.chromium.Chromium.MachPortRendezvousServer.19071: Permission denied (1100)[22m
    [2m  - [pid=19071] <gracefully close start>[22m
    [2m  - [pid=19071] <kill>[22m
    [2m  - [pid=19071] <will force kill>[22m
    [2m  - [pid=19071] exception while trying to kill process: Error: kill EPERM[22m
    [2m  - [pid=19071] <process did exit: exitCode=null, signal=SIGTRAP>[22m
    [2m  - [pid=19071] starting temporary directories cleanup[22m
    [2m  - [pid=19071] finished temporary directories cleanup[22m
    [2m  - [pid=19071] <gracefully close end>[22m


    Error Context: test-results/tools-noise-floor-tool-der-85bf8-nd-links-to-the-link-budget-chromium/error-context.md

  80) [chromium] › e2e/tools.spec.ts:963:5 › eirp compliance tool judges 920MHz limits and reacts to gain and class changes 

    Error: browserType.launch: Target page, context or browser has been closed
    Browser logs:

    <launching> /Users/pc141/Library/Caches/ms-playwright/chromium_headless_shell-1223/chrome-headless-shell-mac-arm64/chrome-headless-shell --disable-field-trial-config --disable-background-networking --disable-background-timer-throttling --disable-backgrounding-occluded-windows --disable-back-forward-cache --disable-breakpad --disable-client-side-phishing-detection --disable-component-extensions-with-background-pages --disable-component-update --no-default-browser-check --disable-default-apps --disable-dev-shm-usage --disable-edgeupdater --disable-extensions --disable-features=AvoidUnnecessaryBeforeUnloadCheckSync,BoundaryEventDispatchTracksNodeRemoval,DestroyProfileOnBrowserClose,DialMediaRouteProvider,GlobalMediaControls,HttpsUpgrades,LensOverlay,MediaRouter,PaintHolding,ThirdPartyStoragePartitioning,Translate,AutoDeElevate,RenderDocument,OptimizationHints,msForceBrowserSignIn,msEdgeUpdateLaunchServicesPreferredVersion --enable-features=CDPScreenshotNewSurface --allow-pre-commit-input --disable-hang-monitor --disable-ipc-flooding-protection --disable-popup-blocking --disable-prompt-on-repost --disable-renderer-backgrounding --force-color-profile=srgb --metrics-recording-only --no-first-run --password-store=basic --use-mock-keychain --no-service-autorun --export-tagged-pdf --disable-search-engine-choice-screen --unsafely-disable-devtools-self-xss-warnings --edge-skip-compat-layer-relaunch --disable-infobars --disable-search-engine-choice-screen --disable-sync --enable-unsafe-swiftshader --headless --hide-scrollbars --mute-audio --blink-settings=primaryHoverType=2,availableHoverTypes=2,primaryPointerType=4,availablePointerTypes=4 --no-sandbox --user-data-dir=/var/folders/xx/vhn9ccgd6fn1yqgjn398gppw0000gn/T/playwright_chromiumdev_profile-H4JjFg --remote-debugging-pipe --no-startup-window
    <launched> pid=19073
    [pid=19073][err] [0913/214057.840738:ERROR:base/power_monitor/thermal_state_observer_mac.mm:140] ThermalStateObserverMac unable to register to power notifications. Result: 9
    [pid=19073][err] [0913/214057.842586:FATAL:base/apple/mach_port_rendezvous_mac.cc:159] Check failed: kr == KERN_SUCCESS. bootstrap_check_in org.chromium.Chromium.MachPortRendezvousServer.19073: Permission denied (1100)
    Call log:
    [2m  - <launching> /Users/pc141/Library/Caches/ms-playwright/chromium_headless_shell-1223/chrome-headless-shell-mac-arm64/chrome-headless-shell --disable-field-trial-config --disable-background-networking --disable-background-timer-throttling --disable-backgrounding-occluded-windows --disable-back-forward-cache --disable-breakpad --disable-client-side-phishing-detection --disable-component-extensions-with-background-pages --disable-component-update --no-default-browser-check --disable-default-apps --disable-dev-shm-usage --disable-edgeupdater --disable-extensions --disable-features=AvoidUnnecessaryBeforeUnloadCheckSync,BoundaryEventDispatchTracksNodeRemoval,DestroyProfileOnBrowserClose,DialMediaRouteProvider,GlobalMediaControls,HttpsUpgrades,LensOverlay,MediaRouter,PaintHolding,ThirdPartyStoragePartitioning,Translate,AutoDeElevate,RenderDocument,OptimizationHints,msForceBrowserSignIn,msEdgeUpdateLaunchServicesPreferredVersion --enable-features=CDPScreenshotNewSurface --allow-pre-commit-input --disable-hang-monitor --disable-ipc-flooding-protection --disable-popup-blocking --disable-prompt-on-repost --disable-renderer-backgrounding --force-color-profile=srgb --metrics-recording-only --no-first-run --password-store=basic --use-mock-keychain --no-service-autorun --export-tagged-pdf --disable-search-engine-choice-screen --unsafely-disable-devtools-self-xss-warnings --edge-skip-compat-layer-relaunch --disable-infobars --disable-search-engine-choice-screen --disable-sync --enable-unsafe-swiftshader --headless --hide-scrollbars --mute-audio --blink-settings=primaryHoverType=2,availableHoverTypes=2,primaryPointerType=4,availablePointerTypes=4 --no-sandbox --user-data-dir=/var/folders/xx/vhn9ccgd6fn1yqgjn398gppw0000gn/T/playwright_chromiumdev_profile-H4JjFg --remote-debugging-pipe --no-startup-window[22m
    [2m  - <launched> pid=19073[22m
    [2m  - [pid=19073][err] [0913/214057.840738:ERROR:base/power_monitor/thermal_state_observer_mac.mm:140] ThermalStateObserverMac unable to register to power notifications. Result: 9[22m
    [2m  - [pid=19073][err] [0913/214057.842586:FATAL:base/apple/mach_port_rendezvous_mac.cc:159] Check failed: kr == KERN_SUCCESS. bootstrap_check_in org.chromium.Chromium.MachPortRendezvousServer.19073: Permission denied (1100)[22m
    [2m  - [pid=19073] <gracefully close start>[22m
    [2m  - [pid=19073] <kill>[22m
    [2m  - [pid=19073] <will force kill>[22m
    [2m  - [pid=19073] exception while trying to kill process: Error: kill EPERM[22m
    [2m  - [pid=19073] <process did exit: exitCode=null, signal=SIGTRAP>[22m
    [2m  - [pid=19073] starting temporary directories cleanup[22m
    [2m  - [pid=19073] finished temporary directories cleanup[22m
    [2m  - [pid=19073] <gracefully close end>[22m


    Error Context: test-results/tools-eirp-compliance-tool-6611a-s-to-gain-and-class-changes-chromium/error-context.md

  81) [chromium] › e2e/tools.spec.ts:981:5 › shadowing margin derives the required margin from sigma and reliability 

    Error: browserType.launch: Target page, context or browser has been closed
    Browser logs:

    <launching> /Users/pc141/Library/Caches/ms-playwright/chromium_headless_shell-1223/chrome-headless-shell-mac-arm64/chrome-headless-shell --disable-field-trial-config --disable-background-networking --disable-background-timer-throttling --disable-backgrounding-occluded-windows --disable-back-forward-cache --disable-breakpad --disable-client-side-phishing-detection --disable-component-extensions-with-background-pages --disable-component-update --no-default-browser-check --disable-default-apps --disable-dev-shm-usage --disable-edgeupdater --disable-extensions --disable-features=AvoidUnnecessaryBeforeUnloadCheckSync,BoundaryEventDispatchTracksNodeRemoval,DestroyProfileOnBrowserClose,DialMediaRouteProvider,GlobalMediaControls,HttpsUpgrades,LensOverlay,MediaRouter,PaintHolding,ThirdPartyStoragePartitioning,Translate,AutoDeElevate,RenderDocument,OptimizationHints,msForceBrowserSignIn,msEdgeUpdateLaunchServicesPreferredVersion --enable-features=CDPScreenshotNewSurface --allow-pre-commit-input --disable-hang-monitor --disable-ipc-flooding-protection --disable-popup-blocking --disable-prompt-on-repost --disable-renderer-backgrounding --force-color-profile=srgb --metrics-recording-only --no-first-run --password-store=basic --use-mock-keychain --no-service-autorun --export-tagged-pdf --disable-search-engine-choice-screen --unsafely-disable-devtools-self-xss-warnings --edge-skip-compat-layer-relaunch --disable-infobars --disable-search-engine-choice-screen --disable-sync --enable-unsafe-swiftshader --headless --hide-scrollbars --mute-audio --blink-settings=primaryHoverType=2,availableHoverTypes=2,primaryPointerType=4,availablePointerTypes=4 --no-sandbox --user-data-dir=/var/folders/xx/vhn9ccgd6fn1yqgjn398gppw0000gn/T/playwright_chromiumdev_profile-iKrC1b --remote-debugging-pipe --no-startup-window
    <launched> pid=19075
    [pid=19075][err] [0913/214058.055431:ERROR:base/power_monitor/thermal_state_observer_mac.mm:140] ThermalStateObserverMac unable to register to power notifications. Result: 9
    [pid=19075][err] [0913/214058.057252:ERROR:net/dns/dns_config_service_posix.cc:138] DNS config watch failed to start.
    [pid=19075][err] [0913/214058.057600:FATAL:base/apple/mach_port_rendezvous_mac.cc:159] Check failed: kr == KERN_SUCCESS. bootstrap_check_in org.chromium.Chromium.MachPortRendezvousServer.19075: Permission denied (1100)
    Call log:
    [2m  - <launching> /Users/pc141/Library/Caches/ms-playwright/chromium_headless_shell-1223/chrome-headless-shell-mac-arm64/chrome-headless-shell --disable-field-trial-config --disable-background-networking --disable-background-timer-throttling --disable-backgrounding-occluded-windows --disable-back-forward-cache --disable-breakpad --disable-client-side-phishing-detection --disable-component-extensions-with-background-pages --disable-component-update --no-default-browser-check --disable-default-apps --disable-dev-shm-usage --disable-edgeupdater --disable-extensions --disable-features=AvoidUnnecessaryBeforeUnloadCheckSync,BoundaryEventDispatchTracksNodeRemoval,DestroyProfileOnBrowserClose,DialMediaRouteProvider,GlobalMediaControls,HttpsUpgrades,LensOverlay,MediaRouter,PaintHolding,ThirdPartyStoragePartitioning,Translate,AutoDeElevate,RenderDocument,OptimizationHints,msForceBrowserSignIn,msEdgeUpdateLaunchServicesPreferredVersion --enable-features=CDPScreenshotNewSurface --allow-pre-commit-input --disable-hang-monitor --disable-ipc-flooding-protection --disable-popup-blocking --disable-prompt-on-repost --disable-renderer-backgrounding --force-color-profile=srgb --metrics-recording-only --no-first-run --password-store=basic --use-mock-keychain --no-service-autorun --export-tagged-pdf --disable-search-engine-choice-screen --unsafely-disable-devtools-self-xss-warnings --edge-skip-compat-layer-relaunch --disable-infobars --disable-search-engine-choice-screen --disable-sync --enable-unsafe-swiftshader --headless --hide-scrollbars --mute-audio --blink-settings=primaryHoverType=2,availableHoverTypes=2,primaryPointerType=4,availablePointerTypes=4 --no-sandbox --user-data-dir=/var/folders/xx/vhn9ccgd6fn1yqgjn398gppw0000gn/T/playwright_chromiumdev_profile-iKrC1b --remote-debugging-pipe --no-startup-window[22m
    [2m  - <launched> pid=19075[22m
    [2m  - [pid=19075][err] [0913/214058.055431:ERROR:base/power_monitor/thermal_state_observer_mac.mm:140] ThermalStateObserverMac unable to register to power notifications. Result: 9[22m
    [2m  - [pid=19075][err] [0913/214058.057252:ERROR:net/dns/dns_config_service_posix.cc:138] DNS config watch failed to start.[22m
    [2m  - [pid=19075][err] [0913/214058.057600:FATAL:base/apple/mach_port_rendezvous_mac.cc:159] Check failed: kr == KERN_SUCCESS. bootstrap_check_in org.chromium.Chromium.MachPortRendezvousServer.19075: Permission denied (1100)[22m
    [2m  - [pid=19075] <gracefully close start>[22m
    [2m  - [pid=19075] <kill>[22m
    [2m  - [pid=19075] <will force kill>[22m
    [2m  - [pid=19075] exception while trying to kill process: Error: kill EPERM[22m
    [2m  - [pid=19075] <process did exit: exitCode=null, signal=SIGTRAP>[22m
    [2m  - [pid=19075] starting temporary directories cleanup[22m
    [2m  - [pid=19075] finished temporary directories cleanup[22m
    [2m  - [pid=19075] <gracefully close end>[22m


    Error Context: test-results/tools-shadowing-margin-der-55243--from-sigma-and-reliability-chromium/error-context.md

  82) [chromium] › e2e/tools.spec.ts:999:5 › shadowing expert mode derives Jakes area coverage ─────

    Error: browserType.launch: Target page, context or browser has been closed
    Browser logs:

    <launching> /Users/pc141/Library/Caches/ms-playwright/chromium_headless_shell-1223/chrome-headless-shell-mac-arm64/chrome-headless-shell --disable-field-trial-config --disable-background-networking --disable-background-timer-throttling --disable-backgrounding-occluded-windows --disable-back-forward-cache --disable-breakpad --disable-client-side-phishing-detection --disable-component-extensions-with-background-pages --disable-component-update --no-default-browser-check --disable-default-apps --disable-dev-shm-usage --disable-edgeupdater --disable-extensions --disable-features=AvoidUnnecessaryBeforeUnloadCheckSync,BoundaryEventDispatchTracksNodeRemoval,DestroyProfileOnBrowserClose,DialMediaRouteProvider,GlobalMediaControls,HttpsUpgrades,LensOverlay,MediaRouter,PaintHolding,ThirdPartyStoragePartitioning,Translate,AutoDeElevate,RenderDocument,OptimizationHints,msForceBrowserSignIn,msEdgeUpdateLaunchServicesPreferredVersion --enable-features=CDPScreenshotNewSurface --allow-pre-commit-input --disable-hang-monitor --disable-ipc-flooding-protection --disable-popup-blocking --disable-prompt-on-repost --disable-renderer-backgrounding --force-color-profile=srgb --metrics-recording-only --no-first-run --password-store=basic --use-mock-keychain --no-service-autorun --export-tagged-pdf --disable-search-engine-choice-screen --unsafely-disable-devtools-self-xss-warnings --edge-skip-compat-layer-relaunch --disable-infobars --disable-search-engine-choice-screen --disable-sync --enable-unsafe-swiftshader --headless --hide-scrollbars --mute-audio --blink-settings=primaryHoverType=2,availableHoverTypes=2,primaryPointerType=4,availablePointerTypes=4 --no-sandbox --user-data-dir=/var/folders/xx/vhn9ccgd6fn1yqgjn398gppw0000gn/T/playwright_chromiumdev_profile-YejdFv --remote-debugging-pipe --no-startup-window
    <launched> pid=19077
    [pid=19077][err] [0913/214058.266516:ERROR:base/power_monitor/thermal_state_observer_mac.mm:140] ThermalStateObserverMac unable to register to power notifications. Result: 9
    [pid=19077][err] [0913/214058.268120:ERROR:net/dns/dns_config_service_posix.cc:138] DNS config watch failed to start.
    [pid=19077][err] [0913/214058.268467:FATAL:base/apple/mach_port_rendezvous_mac.cc:159] Check failed: kr == KERN_SUCCESS. bootstrap_check_in org.chromium.Chromium.MachPortRendezvousServer.19077: Permission denied (1100)
    Call log:
    [2m  - <launching> /Users/pc141/Library/Caches/ms-playwright/chromium_headless_shell-1223/chrome-headless-shell-mac-arm64/chrome-headless-shell --disable-field-trial-config --disable-background-networking --disable-background-timer-throttling --disable-backgrounding-occluded-windows --disable-back-forward-cache --disable-breakpad --disable-client-side-phishing-detection --disable-component-extensions-with-background-pages --disable-component-update --no-default-browser-check --disable-default-apps --disable-dev-shm-usage --disable-edgeupdater --disable-extensions --disable-features=AvoidUnnecessaryBeforeUnloadCheckSync,BoundaryEventDispatchTracksNodeRemoval,DestroyProfileOnBrowserClose,DialMediaRouteProvider,GlobalMediaControls,HttpsUpgrades,LensOverlay,MediaRouter,PaintHolding,ThirdPartyStoragePartitioning,Translate,AutoDeElevate,RenderDocument,OptimizationHints,msForceBrowserSignIn,msEdgeUpdateLaunchServicesPreferredVersion --enable-features=CDPScreenshotNewSurface --allow-pre-commit-input --disable-hang-monitor --disable-ipc-flooding-protection --disable-popup-blocking --disable-prompt-on-repost --disable-renderer-backgrounding --force-color-profile=srgb --metrics-recording-only --no-first-run --password-store=basic --use-mock-keychain --no-service-autorun --export-tagged-pdf --disable-search-engine-choice-screen --unsafely-disable-devtools-self-xss-warnings --edge-skip-compat-layer-relaunch --disable-infobars --disable-search-engine-choice-screen --disable-sync --enable-unsafe-swiftshader --headless --hide-scrollbars --mute-audio --blink-settings=primaryHoverType=2,availableHoverTypes=2,primaryPointerType=4,availablePointerTypes=4 --no-sandbox --user-data-dir=/var/folders/xx/vhn9ccgd6fn1yqgjn398gppw0000gn/T/playwright_chromiumdev_profile-YejdFv --remote-debugging-pipe --no-startup-window[22m
    [2m  - <launched> pid=19077[22m
    [2m  - [pid=19077][err] [0913/214058.266516:ERROR:base/power_monitor/thermal_state_observer_mac.mm:140] ThermalStateObserverMac unable to register to power notifications. Result: 9[22m
    [2m  - [pid=19077][err] [0913/214058.268120:ERROR:net/dns/dns_config_service_posix.cc:138] DNS config watch failed to start.[22m
    [2m  - [pid=19077][err] [0913/214058.268467:FATAL:base/apple/mach_port_rendezvous_mac.cc:159] Check failed: kr == KERN_SUCCESS. bootstrap_check_in org.chromium.Chromium.MachPortRendezvousServer.19077: Permission denied (1100)[22m
    [2m  - [pid=19077] <gracefully close start>[22m
    [2m  - [pid=19077] <kill>[22m
    [2m  - [pid=19077] <will force kill>[22m
    [2m  - [pid=19077] exception while trying to kill process: Error: kill EPERM[22m
    [2m  - [pid=19077] <process did exit: exitCode=null, signal=SIGTRAP>[22m
    [2m  - [pid=19077] starting temporary directories cleanup[22m
    [2m  - [pid=19077] finished temporary directories cleanup[22m
    [2m  - [pid=19077] <gracefully close end>[22m


    Error Context: test-results/tools-shadowing-expert-mode-derives-Jakes-area-coverage-chromium/error-context.md

  83) [chromium] › e2e/tools.spec.ts:1011:5 › polarization loss tool computes linear 45deg default and switches polarization modes 

    Error: browserType.launch: Target page, context or browser has been closed
    Browser logs:

    <launching> /Users/pc141/Library/Caches/ms-playwright/chromium_headless_shell-1223/chrome-headless-shell-mac-arm64/chrome-headless-shell --disable-field-trial-config --disable-background-networking --disable-background-timer-throttling --disable-backgrounding-occluded-windows --disable-back-forward-cache --disable-breakpad --disable-client-side-phishing-detection --disable-component-extensions-with-background-pages --disable-component-update --no-default-browser-check --disable-default-apps --disable-dev-shm-usage --disable-edgeupdater --disable-extensions --disable-features=AvoidUnnecessaryBeforeUnloadCheckSync,BoundaryEventDispatchTracksNodeRemoval,DestroyProfileOnBrowserClose,DialMediaRouteProvider,GlobalMediaControls,HttpsUpgrades,LensOverlay,MediaRouter,PaintHolding,ThirdPartyStoragePartitioning,Translate,AutoDeElevate,RenderDocument,OptimizationHints,msForceBrowserSignIn,msEdgeUpdateLaunchServicesPreferredVersion --enable-features=CDPScreenshotNewSurface --allow-pre-commit-input --disable-hang-monitor --disable-ipc-flooding-protection --disable-popup-blocking --disable-prompt-on-repost --disable-renderer-backgrounding --force-color-profile=srgb --metrics-recording-only --no-first-run --password-store=basic --use-mock-keychain --no-service-autorun --export-tagged-pdf --disable-search-engine-choice-screen --unsafely-disable-devtools-self-xss-warnings --edge-skip-compat-layer-relaunch --disable-infobars --disable-search-engine-choice-screen --disable-sync --enable-unsafe-swiftshader --headless --hide-scrollbars --mute-audio --blink-settings=primaryHoverType=2,availableHoverTypes=2,primaryPointerType=4,availablePointerTypes=4 --no-sandbox --user-data-dir=/var/folders/xx/vhn9ccgd6fn1yqgjn398gppw0000gn/T/playwright_chromiumdev_profile-Gtto27 --remote-debugging-pipe --no-startup-window
    <launched> pid=19079
    [pid=19079][err] [0913/214058.478833:ERROR:base/power_monitor/thermal_state_observer_mac.mm:140] ThermalStateObserverMac unable to register to power notifications. Result: 9
    [pid=19079][err] [0913/214058.480481:ERROR:net/dns/dns_config_service_posix.cc:138] DNS config watch failed to start.
    [pid=19079][err] [0913/214058.480938:FATAL:base/apple/mach_port_rendezvous_mac.cc:159] Check failed: kr == KERN_SUCCESS. bootstrap_check_in org.chromium.Chromium.MachPortRendezvousServer.19079: Permission denied (1100)
    Call log:
    [2m  - <launching> /Users/pc141/Library/Caches/ms-playwright/chromium_headless_shell-1223/chrome-headless-shell-mac-arm64/chrome-headless-shell --disable-field-trial-config --disable-background-networking --disable-background-timer-throttling --disable-backgrounding-occluded-windows --disable-back-forward-cache --disable-breakpad --disable-client-side-phishing-detection --disable-component-extensions-with-background-pages --disable-component-update --no-default-browser-check --disable-default-apps --disable-dev-shm-usage --disable-edgeupdater --disable-extensions --disable-features=AvoidUnnecessaryBeforeUnloadCheckSync,BoundaryEventDispatchTracksNodeRemoval,DestroyProfileOnBrowserClose,DialMediaRouteProvider,GlobalMediaControls,HttpsUpgrades,LensOverlay,MediaRouter,PaintHolding,ThirdPartyStoragePartitioning,Translate,AutoDeElevate,RenderDocument,OptimizationHints,msForceBrowserSignIn,msEdgeUpdateLaunchServicesPreferredVersion --enable-features=CDPScreenshotNewSurface --allow-pre-commit-input --disable-hang-monitor --disable-ipc-flooding-protection --disable-popup-blocking --disable-prompt-on-repost --disable-renderer-backgrounding --force-color-profile=srgb --metrics-recording-only --no-first-run --password-store=basic --use-mock-keychain --no-service-autorun --export-tagged-pdf --disable-search-engine-choice-screen --unsafely-disable-devtools-self-xss-warnings --edge-skip-compat-layer-relaunch --disable-infobars --disable-search-engine-choice-screen --disable-sync --enable-unsafe-swiftshader --headless --hide-scrollbars --mute-audio --blink-settings=primaryHoverType=2,availableHoverTypes=2,primaryPointerType=4,availablePointerTypes=4 --no-sandbox --user-data-dir=/var/folders/xx/vhn9ccgd6fn1yqgjn398gppw0000gn/T/playwright_chromiumdev_profile-Gtto27 --remote-debugging-pipe --no-startup-window[22m
    [2m  - <launched> pid=19079[22m
    [2m  - [pid=19079][err] [0913/214058.478833:ERROR:base/power_monitor/thermal_state_observer_mac.mm:140] ThermalStateObserverMac unable to register to power notifications. Result: 9[22m
    [2m  - [pid=19079][err] [0913/214058.480481:ERROR:net/dns/dns_config_service_posix.cc:138] DNS config watch failed to start.[22m
    [2m  - [pid=19079][err] [0913/214058.480938:FATAL:base/apple/mach_port_rendezvous_mac.cc:159] Check failed: kr == KERN_SUCCESS. bootstrap_check_in org.chromium.Chromium.MachPortRendezvousServer.19079: Permission denied (1100)[22m
    [2m  - [pid=19079] <gracefully close start>[22m
    [2m  - [pid=19079] <kill>[22m
    [2m  - [pid=19079] <will force kill>[22m
    [2m  - [pid=19079] exception while trying to kill process: Error: kill EPERM[22m
    [2m  - [pid=19079] <process did exit: exitCode=null, signal=SIGTRAP>[22m
    [2m  - [pid=19079] starting temporary directories cleanup[22m
    [2m  - [pid=19079] finished temporary directories cleanup[22m
    [2m  - [pid=19079] <gracefully close end>[22m


    Error Context: test-results/tools-polarization-loss-to-3c918-switches-polarization-modes-chromium/error-context.md

  84) [chromium] › e2e/tools.spec.ts:1033:5 › rain attenuation tool combines P.838 rain and P.676 gaseous loss 

    Error: browserType.launch: Target page, context or browser has been closed
    Browser logs:

    <launching> /Users/pc141/Library/Caches/ms-playwright/chromium_headless_shell-1223/chrome-headless-shell-mac-arm64/chrome-headless-shell --disable-field-trial-config --disable-background-networking --disable-background-timer-throttling --disable-backgrounding-occluded-windows --disable-back-forward-cache --disable-breakpad --disable-client-side-phishing-detection --disable-component-extensions-with-background-pages --disable-component-update --no-default-browser-check --disable-default-apps --disable-dev-shm-usage --disable-edgeupdater --disable-extensions --disable-features=AvoidUnnecessaryBeforeUnloadCheckSync,BoundaryEventDispatchTracksNodeRemoval,DestroyProfileOnBrowserClose,DialMediaRouteProvider,GlobalMediaControls,HttpsUpgrades,LensOverlay,MediaRouter,PaintHolding,ThirdPartyStoragePartitioning,Translate,AutoDeElevate,RenderDocument,OptimizationHints,msForceBrowserSignIn,msEdgeUpdateLaunchServicesPreferredVersion --enable-features=CDPScreenshotNewSurface --allow-pre-commit-input --disable-hang-monitor --disable-ipc-flooding-protection --disable-popup-blocking --disable-prompt-on-repost --disable-renderer-backgrounding --force-color-profile=srgb --metrics-recording-only --no-first-run --password-store=basic --use-mock-keychain --no-service-autorun --export-tagged-pdf --disable-search-engine-choice-screen --unsafely-disable-devtools-self-xss-warnings --edge-skip-compat-layer-relaunch --disable-infobars --disable-search-engine-choice-screen --disable-sync --enable-unsafe-swiftshader --headless --hide-scrollbars --mute-audio --blink-settings=primaryHoverType=2,availableHoverTypes=2,primaryPointerType=4,availablePointerTypes=4 --no-sandbox --user-data-dir=/var/folders/xx/vhn9ccgd6fn1yqgjn398gppw0000gn/T/playwright_chromiumdev_profile-iwwX0J --remote-debugging-pipe --no-startup-window
    <launched> pid=19081
    [pid=19081][err] [0913/214058.695616:ERROR:base/power_monitor/thermal_state_observer_mac.mm:140] ThermalStateObserverMac unable to register to power notifications. Result: 9
    [pid=19081][err] [0913/214058.697289:ERROR:net/dns/dns_config_service_posix.cc:138] DNS config watch failed to start.
    [pid=19081][err] [0913/214058.697697:FATAL:base/apple/mach_port_rendezvous_mac.cc:159] Check failed: kr == KERN_SUCCESS. bootstrap_check_in org.chromium.Chromium.MachPortRendezvousServer.19081: Permission denied (1100)
    Call log:
    [2m  - <launching> /Users/pc141/Library/Caches/ms-playwright/chromium_headless_shell-1223/chrome-headless-shell-mac-arm64/chrome-headless-shell --disable-field-trial-config --disable-background-networking --disable-background-timer-throttling --disable-backgrounding-occluded-windows --disable-back-forward-cache --disable-breakpad --disable-client-side-phishing-detection --disable-component-extensions-with-background-pages --disable-component-update --no-default-browser-check --disable-default-apps --disable-dev-shm-usage --disable-edgeupdater --disable-extensions --disable-features=AvoidUnnecessaryBeforeUnloadCheckSync,BoundaryEventDispatchTracksNodeRemoval,DestroyProfileOnBrowserClose,DialMediaRouteProvider,GlobalMediaControls,HttpsUpgrades,LensOverlay,MediaRouter,PaintHolding,ThirdPartyStoragePartitioning,Translate,AutoDeElevate,RenderDocument,OptimizationHints,msForceBrowserSignIn,msEdgeUpdateLaunchServicesPreferredVersion --enable-features=CDPScreenshotNewSurface --allow-pre-commit-input --disable-hang-monitor --disable-ipc-flooding-protection --disable-popup-blocking --disable-prompt-on-repost --disable-renderer-backgrounding --force-color-profile=srgb --metrics-recording-only --no-first-run --password-store=basic --use-mock-keychain --no-service-autorun --export-tagged-pdf --disable-search-engine-choice-screen --unsafely-disable-devtools-self-xss-warnings --edge-skip-compat-layer-relaunch --disable-infobars --disable-search-engine-choice-screen --disable-sync --enable-unsafe-swiftshader --headless --hide-scrollbars --mute-audio --blink-settings=primaryHoverType=2,availableHoverTypes=2,primaryPointerType=4,availablePointerTypes=4 --no-sandbox --user-data-dir=/var/folders/xx/vhn9ccgd6fn1yqgjn398gppw0000gn/T/playwright_chromiumdev_profile-iwwX0J --remote-debugging-pipe --no-startup-window[22m
    [2m  - <launched> pid=19081[22m
    [2m  - [pid=19081][err] [0913/214058.695616:ERROR:base/power_monitor/thermal_state_observer_mac.mm:140] ThermalStateObserverMac unable to register to power notifications. Result: 9[22m
    [2m  - [pid=19081][err] [0913/214058.697289:ERROR:net/dns/dns_config_service_posix.cc:138] DNS config watch failed to start.[22m
    [2m  - [pid=19081][err] [0913/214058.697697:FATAL:base/apple/mach_port_rendezvous_mac.cc:159] Check failed: kr == KERN_SUCCESS. bootstrap_check_in org.chromium.Chromium.MachPortRendezvousServer.19081: Permission denied (1100)[22m
    [2m  - [pid=19081] <gracefully close start>[22m
    [2m  - [pid=19081] <kill>[22m
    [2m  - [pid=19081] <will force kill>[22m
    [2m  - [pid=19081] exception while trying to kill process: Error: kill EPERM[22m
    [2m  - [pid=19081] <process did exit: exitCode=null, signal=SIGTRAP>[22m
    [2m  - [pid=19081] starting temporary directories cleanup[22m
    [2m  - [pid=19081] finished temporary directories cleanup[22m
    [2m  - [pid=19081] <gracefully close end>[22m


    Error Context: test-results/tools-rain-attenuation-too-226c7-rain-and-P-676-gaseous-loss-chromium/error-context.md

  85) [chromium] › e2e/tools.spec.ts:1054:5 › mismatch-range-impact primary result ─────────────────

    Error: browserType.launch: Target page, context or browser has been closed
    Browser logs:

    <launching> /Users/pc141/Library/Caches/ms-playwright/chromium_headless_shell-1223/chrome-headless-shell-mac-arm64/chrome-headless-shell --disable-field-trial-config --disable-background-networking --disable-background-timer-throttling --disable-backgrounding-occluded-windows --disable-back-forward-cache --disable-breakpad --disable-client-side-phishing-detection --disable-component-extensions-with-background-pages --disable-component-update --no-default-browser-check --disable-default-apps --disable-dev-shm-usage --disable-edgeupdater --disable-extensions --disable-features=AvoidUnnecessaryBeforeUnloadCheckSync,BoundaryEventDispatchTracksNodeRemoval,DestroyProfileOnBrowserClose,DialMediaRouteProvider,GlobalMediaControls,HttpsUpgrades,LensOverlay,MediaRouter,PaintHolding,ThirdPartyStoragePartitioning,Translate,AutoDeElevate,RenderDocument,OptimizationHints,msForceBrowserSignIn,msEdgeUpdateLaunchServicesPreferredVersion --enable-features=CDPScreenshotNewSurface --allow-pre-commit-input --disable-hang-monitor --disable-ipc-flooding-protection --disable-popup-blocking --disable-prompt-on-repost --disable-renderer-backgrounding --force-color-profile=srgb --metrics-recording-only --no-first-run --password-store=basic --use-mock-keychain --no-service-autorun --export-tagged-pdf --disable-search-engine-choice-screen --unsafely-disable-devtools-self-xss-warnings --edge-skip-compat-layer-relaunch --disable-infobars --disable-search-engine-choice-screen --disable-sync --enable-unsafe-swiftshader --headless --hide-scrollbars --mute-audio --blink-settings=primaryHoverType=2,availableHoverTypes=2,primaryPointerType=4,availablePointerTypes=4 --no-sandbox --user-data-dir=/var/folders/xx/vhn9ccgd6fn1yqgjn398gppw0000gn/T/playwright_chromiumdev_profile-S2JpgG --remote-debugging-pipe --no-startup-window
    <launched> pid=19083
    [pid=19083][err] [0913/214058.908606:ERROR:base/power_monitor/thermal_state_observer_mac.mm:140] ThermalStateObserverMac unable to register to power notifications. Result: 9
    [pid=19083][err] [0913/214058.910517:ERROR:net/dns/dns_config_service_posix.cc:138] DNS config watch failed to start.
    [pid=19083][err] [0913/214058.910901:FATAL:base/apple/mach_port_rendezvous_mac.cc:159] Check failed: kr == KERN_SUCCESS. bootstrap_check_in org.chromium.Chromium.MachPortRendezvousServer.19083: Permission denied (1100)
    Call log:
    [2m  - <launching> /Users/pc141/Library/Caches/ms-playwright/chromium_headless_shell-1223/chrome-headless-shell-mac-arm64/chrome-headless-shell --disable-field-trial-config --disable-background-networking --disable-background-timer-throttling --disable-backgrounding-occluded-windows --disable-back-forward-cache --disable-breakpad --disable-client-side-phishing-detection --disable-component-extensions-with-background-pages --disable-component-update --no-default-browser-check --disable-default-apps --disable-dev-shm-usage --disable-edgeupdater --disable-extensions --disable-features=AvoidUnnecessaryBeforeUnloadCheckSync,BoundaryEventDispatchTracksNodeRemoval,DestroyProfileOnBrowserClose,DialMediaRouteProvider,GlobalMediaControls,HttpsUpgrades,LensOverlay,MediaRouter,PaintHolding,ThirdPartyStoragePartitioning,Translate,AutoDeElevate,RenderDocument,OptimizationHints,msForceBrowserSignIn,msEdgeUpdateLaunchServicesPreferredVersion --enable-features=CDPScreenshotNewSurface --allow-pre-commit-input --disable-hang-monitor --disable-ipc-flooding-protection --disable-popup-blocking --disable-prompt-on-repost --disable-renderer-backgrounding --force-color-profile=srgb --metrics-recording-only --no-first-run --password-store=basic --use-mock-keychain --no-service-autorun --export-tagged-pdf --disable-search-engine-choice-screen --unsafely-disable-devtools-self-xss-warnings --edge-skip-compat-layer-relaunch --disable-infobars --disable-search-engine-choice-screen --disable-sync --enable-unsafe-swiftshader --headless --hide-scrollbars --mute-audio --blink-settings=primaryHoverType=2,availableHoverTypes=2,primaryPointerType=4,availablePointerTypes=4 --no-sandbox --user-data-dir=/var/folders/xx/vhn9ccgd6fn1yqgjn398gppw0000gn/T/playwright_chromiumdev_profile-S2JpgG --remote-debugging-pipe --no-startup-window[22m
    [2m  - <launched> pid=19083[22m
    [2m  - [pid=19083][err] [0913/214058.908606:ERROR:base/power_monitor/thermal_state_observer_mac.mm:140] ThermalStateObserverMac unable to register to power notifications. Result: 9[22m
    [2m  - [pid=19083][err] [0913/214058.910517:ERROR:net/dns/dns_config_service_posix.cc:138] DNS config watch failed to start.[22m
    [2m  - [pid=19083][err] [0913/214058.910901:FATAL:base/apple/mach_port_rendezvous_mac.cc:159] Check failed: kr == KERN_SUCCESS. bootstrap_check_in org.chromium.Chromium.MachPortRendezvousServer.19083: Permission denied (1100)[22m
    [2m  - [pid=19083] <gracefully close start>[22m
    [2m  - [pid=19083] <kill>[22m
    [2m  - [pid=19083] <will force kill>[22m
    [2m  - [pid=19083] exception while trying to kill process: Error: kill EPERM[22m
    [2m  - [pid=19083] <process did exit: exitCode=null, signal=SIGTRAP>[22m
    [2m  - [pid=19083] starting temporary directories cleanup[22m
    [2m  - [pid=19083] finished temporary directories cleanup[22m
    [2m  - [pid=19083] <gracefully close end>[22m


    Error Context: test-results/tools-mismatch-range-impact-primary-result-chromium/error-context.md

  86) [chromium] › e2e/tools.spec.ts:1062:5 › desense reacts to interference level (power addition) 

    Error: browserType.launch: Target page, context or browser has been closed
    Browser logs:

    <launching> /Users/pc141/Library/Caches/ms-playwright/chromium_headless_shell-1223/chrome-headless-shell-mac-arm64/chrome-headless-shell --disable-field-trial-config --disable-background-networking --disable-background-timer-throttling --disable-backgrounding-occluded-windows --disable-back-forward-cache --disable-breakpad --disable-client-side-phishing-detection --disable-component-extensions-with-background-pages --disable-component-update --no-default-browser-check --disable-default-apps --disable-dev-shm-usage --disable-edgeupdater --disable-extensions --disable-features=AvoidUnnecessaryBeforeUnloadCheckSync,BoundaryEventDispatchTracksNodeRemoval,DestroyProfileOnBrowserClose,DialMediaRouteProvider,GlobalMediaControls,HttpsUpgrades,LensOverlay,MediaRouter,PaintHolding,ThirdPartyStoragePartitioning,Translate,AutoDeElevate,RenderDocument,OptimizationHints,msForceBrowserSignIn,msEdgeUpdateLaunchServicesPreferredVersion --enable-features=CDPScreenshotNewSurface --allow-pre-commit-input --disable-hang-monitor --disable-ipc-flooding-protection --disable-popup-blocking --disable-prompt-on-repost --disable-renderer-backgrounding --force-color-profile=srgb --metrics-recording-only --no-first-run --password-store=basic --use-mock-keychain --no-service-autorun --export-tagged-pdf --disable-search-engine-choice-screen --unsafely-disable-devtools-self-xss-warnings --edge-skip-compat-layer-relaunch --disable-infobars --disable-search-engine-choice-screen --disable-sync --enable-unsafe-swiftshader --headless --hide-scrollbars --mute-audio --blink-settings=primaryHoverType=2,availableHoverTypes=2,primaryPointerType=4,availablePointerTypes=4 --no-sandbox --user-data-dir=/var/folders/xx/vhn9ccgd6fn1yqgjn398gppw0000gn/T/playwright_chromiumdev_profile-7rWclM --remote-debugging-pipe --no-startup-window
    <launched> pid=19085
    [pid=19085][err] [0913/214059.127465:ERROR:base/power_monitor/thermal_state_observer_mac.mm:140] ThermalStateObserverMac unable to register to power notifications. Result: 9
    [pid=19085][err] [0913/214059.129096:ERROR:net/dns/dns_config_service_posix.cc:138] DNS config watch failed to start.
    [pid=19085][err] [0913/214059.129555:FATAL:base/apple/mach_port_rendezvous_mac.cc:159] Check failed: kr == KERN_SUCCESS. bootstrap_check_in org.chromium.Chromium.MachPortRendezvousServer.19085: Permission denied (1100)
    Call log:
    [2m  - <launching> /Users/pc141/Library/Caches/ms-playwright/chromium_headless_shell-1223/chrome-headless-shell-mac-arm64/chrome-headless-shell --disable-field-trial-config --disable-background-networking --disable-background-timer-throttling --disable-backgrounding-occluded-windows --disable-back-forward-cache --disable-breakpad --disable-client-side-phishing-detection --disable-component-extensions-with-background-pages --disable-component-update --no-default-browser-check --disable-default-apps --disable-dev-shm-usage --disable-edgeupdater --disable-extensions --disable-features=AvoidUnnecessaryBeforeUnloadCheckSync,BoundaryEventDispatchTracksNodeRemoval,DestroyProfileOnBrowserClose,DialMediaRouteProvider,GlobalMediaControls,HttpsUpgrades,LensOverlay,MediaRouter,PaintHolding,ThirdPartyStoragePartitioning,Translate,AutoDeElevate,RenderDocument,OptimizationHints,msForceBrowserSignIn,msEdgeUpdateLaunchServicesPreferredVersion --enable-features=CDPScreenshotNewSurface --allow-pre-commit-input --disable-hang-monitor --disable-ipc-flooding-protection --disable-popup-blocking --disable-prompt-on-repost --disable-renderer-backgrounding --force-color-profile=srgb --metrics-recording-only --no-first-run --password-store=basic --use-mock-keychain --no-service-autorun --export-tagged-pdf --disable-search-engine-choice-screen --unsafely-disable-devtools-self-xss-warnings --edge-skip-compat-layer-relaunch --disable-infobars --disable-search-engine-choice-screen --disable-sync --enable-unsafe-swiftshader --headless --hide-scrollbars --mute-audio --blink-settings=primaryHoverType=2,availableHoverTypes=2,primaryPointerType=4,availablePointerTypes=4 --no-sandbox --user-data-dir=/var/folders/xx/vhn9ccgd6fn1yqgjn398gppw0000gn/T/playwright_chromiumdev_profile-7rWclM --remote-debugging-pipe --no-startup-window[22m
    [2m  - <launched> pid=19085[22m
    [2m  - [pid=19085][err] [0913/214059.127465:ERROR:base/power_monitor/thermal_state_observer_mac.mm:140] ThermalStateObserverMac unable to register to power notifications. Result: 9[22m
    [2m  - [pid=19085][err] [0913/214059.129096:ERROR:net/dns/dns_config_service_posix.cc:138] DNS config watch failed to start.[22m
    [2m  - [pid=19085][err] [0913/214059.129555:FATAL:base/apple/mach_port_rendezvous_mac.cc:159] Check failed: kr == KERN_SUCCESS. bootstrap_check_in org.chromium.Chromium.MachPortRendezvousServer.19085: Permission denied (1100)[22m
    [2m  - [pid=19085] <gracefully close start>[22m
    [2m  - [pid=19085] <kill>[22m
    [2m  - [pid=19085] <will force kill>[22m
    [2m  - [pid=19085] exception while trying to kill process: Error: kill EPERM[22m
    [2m  - [pid=19085] <process did exit: exitCode=null, signal=SIGTRAP>[22m
    [2m  - [pid=19085] starting temporary directories cleanup[22m
    [2m  - [pid=19085] finished temporary directories cleanup[22m
    [2m  - [pid=19085] <gracefully close end>[22m


    Error Context: test-results/tools-desense-reacts-to-interference-level-power-addition--chromium/error-context.md

  87) [chromium] › e2e/tools.spec.ts:1073:5 › measurement sampling tool derives required sample count and reacts to confidence 

    Error: browserType.launch: Target page, context or browser has been closed
    Browser logs:

    <launching> /Users/pc141/Library/Caches/ms-playwright/chromium_headless_shell-1223/chrome-headless-shell-mac-arm64/chrome-headless-shell --disable-field-trial-config --disable-background-networking --disable-background-timer-throttling --disable-backgrounding-occluded-windows --disable-back-forward-cache --disable-breakpad --disable-client-side-phishing-detection --disable-component-extensions-with-background-pages --disable-component-update --no-default-browser-check --disable-default-apps --disable-dev-shm-usage --disable-edgeupdater --disable-extensions --disable-features=AvoidUnnecessaryBeforeUnloadCheckSync,BoundaryEventDispatchTracksNodeRemoval,DestroyProfileOnBrowserClose,DialMediaRouteProvider,GlobalMediaControls,HttpsUpgrades,LensOverlay,MediaRouter,PaintHolding,ThirdPartyStoragePartitioning,Translate,AutoDeElevate,RenderDocument,OptimizationHints,msForceBrowserSignIn,msEdgeUpdateLaunchServicesPreferredVersion --enable-features=CDPScreenshotNewSurface --allow-pre-commit-input --disable-hang-monitor --disable-ipc-flooding-protection --disable-popup-blocking --disable-prompt-on-repost --disable-renderer-backgrounding --force-color-profile=srgb --metrics-recording-only --no-first-run --password-store=basic --use-mock-keychain --no-service-autorun --export-tagged-pdf --disable-search-engine-choice-screen --unsafely-disable-devtools-self-xss-warnings --edge-skip-compat-layer-relaunch --disable-infobars --disable-search-engine-choice-screen --disable-sync --enable-unsafe-swiftshader --headless --hide-scrollbars --mute-audio --blink-settings=primaryHoverType=2,availableHoverTypes=2,primaryPointerType=4,availablePointerTypes=4 --no-sandbox --user-data-dir=/var/folders/xx/vhn9ccgd6fn1yqgjn398gppw0000gn/T/playwright_chromiumdev_profile-bl6x2u --remote-debugging-pipe --no-startup-window
    <launched> pid=19088
    [pid=19088][err] [0913/214059.341713:ERROR:base/power_monitor/thermal_state_observer_mac.mm:140] ThermalStateObserverMac unable to register to power notifications. Result: 9
    [pid=19088][err] [0913/214059.343381:ERROR:net/dns/dns_config_service_posix.cc:138] DNS config watch failed to start.
    [pid=19088][err] [0913/214059.343697:FATAL:base/apple/mach_port_rendezvous_mac.cc:159] Check failed: kr == KERN_SUCCESS. bootstrap_check_in org.chromium.Chromium.MachPortRendezvousServer.19088: Permission denied (1100)
    Call log:
    [2m  - <launching> /Users/pc141/Library/Caches/ms-playwright/chromium_headless_shell-1223/chrome-headless-shell-mac-arm64/chrome-headless-shell --disable-field-trial-config --disable-background-networking --disable-background-timer-throttling --disable-backgrounding-occluded-windows --disable-back-forward-cache --disable-breakpad --disable-client-side-phishing-detection --disable-component-extensions-with-background-pages --disable-component-update --no-default-browser-check --disable-default-apps --disable-dev-shm-usage --disable-edgeupdater --disable-extensions --disable-features=AvoidUnnecessaryBeforeUnloadCheckSync,BoundaryEventDispatchTracksNodeRemoval,DestroyProfileOnBrowserClose,DialMediaRouteProvider,GlobalMediaControls,HttpsUpgrades,LensOverlay,MediaRouter,PaintHolding,ThirdPartyStoragePartitioning,Translate,AutoDeElevate,RenderDocument,OptimizationHints,msForceBrowserSignIn,msEdgeUpdateLaunchServicesPreferredVersion --enable-features=CDPScreenshotNewSurface --allow-pre-commit-input --disable-hang-monitor --disable-ipc-flooding-protection --disable-popup-blocking --disable-prompt-on-repost --disable-renderer-backgrounding --force-color-profile=srgb --metrics-recording-only --no-first-run --password-store=basic --use-mock-keychain --no-service-autorun --export-tagged-pdf --disable-search-engine-choice-screen --unsafely-disable-devtools-self-xss-warnings --edge-skip-compat-layer-relaunch --disable-infobars --disable-search-engine-choice-screen --disable-sync --enable-unsafe-swiftshader --headless --hide-scrollbars --mute-audio --blink-settings=primaryHoverType=2,availableHoverTypes=2,primaryPointerType=4,availablePointerTypes=4 --no-sandbox --user-data-dir=/var/folders/xx/vhn9ccgd6fn1yqgjn398gppw0000gn/T/playwright_chromiumdev_profile-bl6x2u --remote-debugging-pipe --no-startup-window[22m
    [2m  - <launched> pid=19088[22m
    [2m  - [pid=19088][err] [0913/214059.341713:ERROR:base/power_monitor/thermal_state_observer_mac.mm:140] ThermalStateObserverMac unable to register to power notifications. Result: 9[22m
    [2m  - [pid=19088][err] [0913/214059.343381:ERROR:net/dns/dns_config_service_posix.cc:138] DNS config watch failed to start.[22m
    [2m  - [pid=19088][err] [0913/214059.343697:FATAL:base/apple/mach_port_rendezvous_mac.cc:159] Check failed: kr == KERN_SUCCESS. bootstrap_check_in org.chromium.Chromium.MachPortRendezvousServer.19088: Permission denied (1100)[22m
    [2m  - [pid=19088] <gracefully close start>[22m
    [2m  - [pid=19088] <kill>[22m
    [2m  - [pid=19088] <will force kill>[22m
    [2m  - [pid=19088] exception while trying to kill process: Error: kill EPERM[22m
    [2m  - [pid=19088] <process did exit: exitCode=null, signal=SIGTRAP>[22m
    [2m  - [pid=19088] starting temporary directories cleanup[22m
    [2m  - [pid=19088] finished temporary directories cleanup[22m
    [2m  - [pid=19088] <gracefully close end>[22m


    Error Context: test-results/tools-measurement-sampling-6ad34-nt-and-reacts-to-confidence-chromium/error-context.md

  88) [chromium] › e2e/tools.spec.ts:1089:5 › electrical length converts mm to phase and reacts to frequency 

    Error: browserType.launch: Target page, context or browser has been closed
    Browser logs:

    <launching> /Users/pc141/Library/Caches/ms-playwright/chromium_headless_shell-1223/chrome-headless-shell-mac-arm64/chrome-headless-shell --disable-field-trial-config --disable-background-networking --disable-background-timer-throttling --disable-backgrounding-occluded-windows --disable-back-forward-cache --disable-breakpad --disable-client-side-phishing-detection --disable-component-extensions-with-background-pages --disable-component-update --no-default-browser-check --disable-default-apps --disable-dev-shm-usage --disable-edgeupdater --disable-extensions --disable-features=AvoidUnnecessaryBeforeUnloadCheckSync,BoundaryEventDispatchTracksNodeRemoval,DestroyProfileOnBrowserClose,DialMediaRouteProvider,GlobalMediaControls,HttpsUpgrades,LensOverlay,MediaRouter,PaintHolding,ThirdPartyStoragePartitioning,Translate,AutoDeElevate,RenderDocument,OptimizationHints,msForceBrowserSignIn,msEdgeUpdateLaunchServicesPreferredVersion --enable-features=CDPScreenshotNewSurface --allow-pre-commit-input --disable-hang-monitor --disable-ipc-flooding-protection --disable-popup-blocking --disable-prompt-on-repost --disable-renderer-backgrounding --force-color-profile=srgb --metrics-recording-only --no-first-run --password-store=basic --use-mock-keychain --no-service-autorun --export-tagged-pdf --disable-search-engine-choice-screen --unsafely-disable-devtools-self-xss-warnings --edge-skip-compat-layer-relaunch --disable-infobars --disable-search-engine-choice-screen --disable-sync --enable-unsafe-swiftshader --headless --hide-scrollbars --mute-audio --blink-settings=primaryHoverType=2,availableHoverTypes=2,primaryPointerType=4,availablePointerTypes=4 --no-sandbox --user-data-dir=/var/folders/xx/vhn9ccgd6fn1yqgjn398gppw0000gn/T/playwright_chromiumdev_profile-BS25xD --remote-debugging-pipe --no-startup-window
    <launched> pid=19090
    [pid=19090][err] [0913/214059.558942:ERROR:base/power_monitor/thermal_state_observer_mac.mm:140] ThermalStateObserverMac unable to register to power notifications. Result: 9
    [pid=19090][err] [0913/214059.560879:ERROR:net/dns/dns_config_service_posix.cc:138] DNS config watch failed to start.
    [pid=19090][err] [0913/214059.561411:FATAL:base/apple/mach_port_rendezvous_mac.cc:159] Check failed: kr == KERN_SUCCESS. bootstrap_check_in org.chromium.Chromium.MachPortRendezvousServer.19090: Permission denied (1100)
    Call log:
    [2m  - <launching> /Users/pc141/Library/Caches/ms-playwright/chromium_headless_shell-1223/chrome-headless-shell-mac-arm64/chrome-headless-shell --disable-field-trial-config --disable-background-networking --disable-background-timer-throttling --disable-backgrounding-occluded-windows --disable-back-forward-cache --disable-breakpad --disable-client-side-phishing-detection --disable-component-extensions-with-background-pages --disable-component-update --no-default-browser-check --disable-default-apps --disable-dev-shm-usage --disable-edgeupdater --disable-extensions --disable-features=AvoidUnnecessaryBeforeUnloadCheckSync,BoundaryEventDispatchTracksNodeRemoval,DestroyProfileOnBrowserClose,DialMediaRouteProvider,GlobalMediaControls,HttpsUpgrades,LensOverlay,MediaRouter,PaintHolding,ThirdPartyStoragePartitioning,Translate,AutoDeElevate,RenderDocument,OptimizationHints,msForceBrowserSignIn,msEdgeUpdateLaunchServicesPreferredVersion --enable-features=CDPScreenshotNewSurface --allow-pre-commit-input --disable-hang-monitor --disable-ipc-flooding-protection --disable-popup-blocking --disable-prompt-on-repost --disable-renderer-backgrounding --force-color-profile=srgb --metrics-recording-only --no-first-run --password-store=basic --use-mock-keychain --no-service-autorun --export-tagged-pdf --disable-search-engine-choice-screen --unsafely-disable-devtools-self-xss-warnings --edge-skip-compat-layer-relaunch --disable-infobars --disable-search-engine-choice-screen --disable-sync --enable-unsafe-swiftshader --headless --hide-scrollbars --mute-audio --blink-settings=primaryHoverType=2,availableHoverTypes=2,primaryPointerType=4,availablePointerTypes=4 --no-sandbox --user-data-dir=/var/folders/xx/vhn9ccgd6fn1yqgjn398gppw0000gn/T/playwright_chromiumdev_profile-BS25xD --remote-debugging-pipe --no-startup-window[22m
    [2m  - <launched> pid=19090[22m
    [2m  - [pid=19090][err] [0913/214059.558942:ERROR:base/power_monitor/thermal_state_observer_mac.mm:140] ThermalStateObserverMac unable to register to power notifications. Result: 9[22m
    [2m  - [pid=19090][err] [0913/214059.560879:ERROR:net/dns/dns_config_service_posix.cc:138] DNS config watch failed to start.[22m
    [2m  - [pid=19090][err] [0913/214059.561411:FATAL:base/apple/mach_port_rendezvous_mac.cc:159] Check failed: kr == KERN_SUCCESS. bootstrap_check_in org.chromium.Chromium.MachPortRendezvousServer.19090: Permission denied (1100)[22m
    [2m  - [pid=19090] <gracefully close start>[22m
    [2m  - [pid=19090] <kill>[22m
    [2m  - [pid=19090] <will force kill>[22m
    [2m  - [pid=19090] exception while trying to kill process: Error: kill EPERM[22m
    [2m  - [pid=19090] <process did exit: exitCode=null, signal=SIGTRAP>[22m
    [2m  - [pid=19090] starting temporary directories cleanup[22m
    [2m  - [pid=19090] finished temporary directories cleanup[22m
    [2m  - [pid=19090] <gracefully close end>[22m


    Error Context: test-results/tools-electrical-length-co-f4b4f-ase-and-reacts-to-frequency-chromium/error-context.md

  89) [chromium] › e2e/tools.spec.ts:1100:5 › LTE signal metrics converts RSSI to RSRP and reacts to bandwidth and direction 

    Error: browserType.launch: Target page, context or browser has been closed
    Browser logs:

    <launching> /Users/pc141/Library/Caches/ms-playwright/chromium_headless_shell-1223/chrome-headless-shell-mac-arm64/chrome-headless-shell --disable-field-trial-config --disable-background-networking --disable-background-timer-throttling --disable-backgrounding-occluded-windows --disable-back-forward-cache --disable-breakpad --disable-client-side-phishing-detection --disable-component-extensions-with-background-pages --disable-component-update --no-default-browser-check --disable-default-apps --disable-dev-shm-usage --disable-edgeupdater --disable-extensions --disable-features=AvoidUnnecessaryBeforeUnloadCheckSync,BoundaryEventDispatchTracksNodeRemoval,DestroyProfileOnBrowserClose,DialMediaRouteProvider,GlobalMediaControls,HttpsUpgrades,LensOverlay,MediaRouter,PaintHolding,ThirdPartyStoragePartitioning,Translate,AutoDeElevate,RenderDocument,OptimizationHints,msForceBrowserSignIn,msEdgeUpdateLaunchServicesPreferredVersion --enable-features=CDPScreenshotNewSurface --allow-pre-commit-input --disable-hang-monitor --disable-ipc-flooding-protection --disable-popup-blocking --disable-prompt-on-repost --disable-renderer-backgrounding --force-color-profile=srgb --metrics-recording-only --no-first-run --password-store=basic --use-mock-keychain --no-service-autorun --export-tagged-pdf --disable-search-engine-choice-screen --unsafely-disable-devtools-self-xss-warnings --edge-skip-compat-layer-relaunch --disable-infobars --disable-search-engine-choice-screen --disable-sync --enable-unsafe-swiftshader --headless --hide-scrollbars --mute-audio --blink-settings=primaryHoverType=2,availableHoverTypes=2,primaryPointerType=4,availablePointerTypes=4 --no-sandbox --user-data-dir=/var/folders/xx/vhn9ccgd6fn1yqgjn398gppw0000gn/T/playwright_chromiumdev_profile-LSy5XE --remote-debugging-pipe --no-startup-window
    <launched> pid=19094
    [pid=19094][err] [0913/214059.776281:ERROR:base/power_monitor/thermal_state_observer_mac.mm:140] ThermalStateObserverMac unable to register to power notifications. Result: 9
    [pid=19094][err] [0913/214059.778000:ERROR:net/dns/dns_config_service_posix.cc:138] DNS config watch failed to start.
    [pid=19094][err] [0913/214059.778371:FATAL:base/apple/mach_port_rendezvous_mac.cc:159] Check failed: kr == KERN_SUCCESS. bootstrap_check_in org.chromium.Chromium.MachPortRendezvousServer.19094: Permission denied (1100)
    Call log:
    [2m  - <launching> /Users/pc141/Library/Caches/ms-playwright/chromium_headless_shell-1223/chrome-headless-shell-mac-arm64/chrome-headless-shell --disable-field-trial-config --disable-background-networking --disable-background-timer-throttling --disable-backgrounding-occluded-windows --disable-back-forward-cache --disable-breakpad --disable-client-side-phishing-detection --disable-component-extensions-with-background-pages --disable-component-update --no-default-browser-check --disable-default-apps --disable-dev-shm-usage --disable-edgeupdater --disable-extensions --disable-features=AvoidUnnecessaryBeforeUnloadCheckSync,BoundaryEventDispatchTracksNodeRemoval,DestroyProfileOnBrowserClose,DialMediaRouteProvider,GlobalMediaControls,HttpsUpgrades,LensOverlay,MediaRouter,PaintHolding,ThirdPartyStoragePartitioning,Translate,AutoDeElevate,RenderDocument,OptimizationHints,msForceBrowserSignIn,msEdgeUpdateLaunchServicesPreferredVersion --enable-features=CDPScreenshotNewSurface --allow-pre-commit-input --disable-hang-monitor --disable-ipc-flooding-protection --disable-popup-blocking --disable-prompt-on-repost --disable-renderer-backgrounding --force-color-profile=srgb --metrics-recording-only --no-first-run --password-store=basic --use-mock-keychain --no-service-autorun --export-tagged-pdf --disable-search-engine-choice-screen --unsafely-disable-devtools-self-xss-warnings --edge-skip-compat-layer-relaunch --disable-infobars --disable-search-engine-choice-screen --disable-sync --enable-unsafe-swiftshader --headless --hide-scrollbars --mute-audio --blink-settings=primaryHoverType=2,availableHoverTypes=2,primaryPointerType=4,availablePointerTypes=4 --no-sandbox --user-data-dir=/var/folders/xx/vhn9ccgd6fn1yqgjn398gppw0000gn/T/playwright_chromiumdev_profile-LSy5XE --remote-debugging-pipe --no-startup-window[22m
    [2m  - <launched> pid=19094[22m
    [2m  - [pid=19094][err] [0913/214059.776281:ERROR:base/power_monitor/thermal_state_observer_mac.mm:140] ThermalStateObserverMac unable to register to power notifications. Result: 9[22m
    [2m  - [pid=19094][err] [0913/214059.778000:ERROR:net/dns/dns_config_service_posix.cc:138] DNS config watch failed to start.[22m
    [2m  - [pid=19094][err] [0913/214059.778371:FATAL:base/apple/mach_port_rendezvous_mac.cc:159] Check failed: kr == KERN_SUCCESS. bootstrap_check_in org.chromium.Chromium.MachPortRendezvousServer.19094: Permission denied (1100)[22m
    [2m  - [pid=19094] <gracefully close start>[22m
    [2m  - [pid=19094] <kill>[22m
    [2m  - [pid=19094] <will force kill>[22m
    [2m  - [pid=19094] exception while trying to kill process: Error: kill EPERM[22m
    [2m  - [pid=19094] <process did exit: exitCode=null, signal=SIGTRAP>[22m
    [2m  - [pid=19094] starting temporary directories cleanup[22m
    [2m  - [pid=19094] finished temporary directories cleanup[22m
    [2m  - [pid=19094] <gracefully close end>[22m


    Error Context: test-results/tools-LTE-signal-metrics-c-8b28b--to-bandwidth-and-direction-chromium/error-context.md

  90) [chromium] › e2e/tools.spec.ts:1120:5 › VSWR bandwidth-Q converts between Q and fractional bandwidth 

    Error: browserType.launch: Target page, context or browser has been closed
    Browser logs:

    <launching> /Users/pc141/Library/Caches/ms-playwright/chromium_headless_shell-1223/chrome-headless-shell-mac-arm64/chrome-headless-shell --disable-field-trial-config --disable-background-networking --disable-background-timer-throttling --disable-backgrounding-occluded-windows --disable-back-forward-cache --disable-breakpad --disable-client-side-phishing-detection --disable-component-extensions-with-background-pages --disable-component-update --no-default-browser-check --disable-default-apps --disable-dev-shm-usage --disable-edgeupdater --disable-extensions --disable-features=AvoidUnnecessaryBeforeUnloadCheckSync,BoundaryEventDispatchTracksNodeRemoval,DestroyProfileOnBrowserClose,DialMediaRouteProvider,GlobalMediaControls,HttpsUpgrades,LensOverlay,MediaRouter,PaintHolding,ThirdPartyStoragePartitioning,Translate,AutoDeElevate,RenderDocument,OptimizationHints,msForceBrowserSignIn,msEdgeUpdateLaunchServicesPreferredVersion --enable-features=CDPScreenshotNewSurface --allow-pre-commit-input --disable-hang-monitor --disable-ipc-flooding-protection --disable-popup-blocking --disable-prompt-on-repost --disable-renderer-backgrounding --force-color-profile=srgb --metrics-recording-only --no-first-run --password-store=basic --use-mock-keychain --no-service-autorun --export-tagged-pdf --disable-search-engine-choice-screen --unsafely-disable-devtools-self-xss-warnings --edge-skip-compat-layer-relaunch --disable-infobars --disable-search-engine-choice-screen --disable-sync --enable-unsafe-swiftshader --headless --hide-scrollbars --mute-audio --blink-settings=primaryHoverType=2,availableHoverTypes=2,primaryPointerType=4,availablePointerTypes=4 --no-sandbox --user-data-dir=/var/folders/xx/vhn9ccgd6fn1yqgjn398gppw0000gn/T/playwright_chromiumdev_profile-pXkssE --remote-debugging-pipe --no-startup-window
    <launched> pid=19096
    [pid=19096][err] [0913/214059.990451:ERROR:base/power_monitor/thermal_state_observer_mac.mm:140] ThermalStateObserverMac unable to register to power notifications. Result: 9
    [pid=19096][err] [0913/214059.991995:ERROR:net/dns/dns_config_service_posix.cc:138] DNS config watch failed to start.
    [pid=19096][err] [0913/214059.992329:FATAL:base/apple/mach_port_rendezvous_mac.cc:159] Check failed: kr == KERN_SUCCESS. bootstrap_check_in org.chromium.Chromium.MachPortRendezvousServer.19096: Permission denied (1100)
    Call log:
    [2m  - <launching> /Users/pc141/Library/Caches/ms-playwright/chromium_headless_shell-1223/chrome-headless-shell-mac-arm64/chrome-headless-shell --disable-field-trial-config --disable-background-networking --disable-background-timer-throttling --disable-backgrounding-occluded-windows --disable-back-forward-cache --disable-breakpad --disable-client-side-phishing-detection --disable-component-extensions-with-background-pages --disable-component-update --no-default-browser-check --disable-default-apps --disable-dev-shm-usage --disable-edgeupdater --disable-extensions --disable-features=AvoidUnnecessaryBeforeUnloadCheckSync,BoundaryEventDispatchTracksNodeRemoval,DestroyProfileOnBrowserClose,DialMediaRouteProvider,GlobalMediaControls,HttpsUpgrades,LensOverlay,MediaRouter,PaintHolding,ThirdPartyStoragePartitioning,Translate,AutoDeElevate,RenderDocument,OptimizationHints,msForceBrowserSignIn,msEdgeUpdateLaunchServicesPreferredVersion --enable-features=CDPScreenshotNewSurface --allow-pre-commit-input --disable-hang-monitor --disable-ipc-flooding-protection --disable-popup-blocking --disable-prompt-on-repost --disable-renderer-backgrounding --force-color-profile=srgb --metrics-recording-only --no-first-run --password-store=basic --use-mock-keychain --no-service-autorun --export-tagged-pdf --disable-search-engine-choice-screen --unsafely-disable-devtools-self-xss-warnings --edge-skip-compat-layer-relaunch --disable-infobars --disable-search-engine-choice-screen --disable-sync --enable-unsafe-swiftshader --headless --hide-scrollbars --mute-audio --blink-settings=primaryHoverType=2,availableHoverTypes=2,primaryPointerType=4,availablePointerTypes=4 --no-sandbox --user-data-dir=/var/folders/xx/vhn9ccgd6fn1yqgjn398gppw0000gn/T/playwright_chromiumdev_profile-pXkssE --remote-debugging-pipe --no-startup-window[22m
    [2m  - <launched> pid=19096[22m
    [2m  - [pid=19096][err] [0913/214059.990451:ERROR:base/power_monitor/thermal_state_observer_mac.mm:140] ThermalStateObserverMac unable to register to power notifications. Result: 9[22m
    [2m  - [pid=19096][err] [0913/214059.991995:ERROR:net/dns/dns_config_service_posix.cc:138] DNS config watch failed to start.[22m
    [2m  - [pid=19096][err] [0913/214059.992329:FATAL:base/apple/mach_port_rendezvous_mac.cc:159] Check failed: kr == KERN_SUCCESS. bootstrap_check_in org.chromium.Chromium.MachPortRendezvousServer.19096: Permission denied (1100)[22m
    [2m  - [pid=19096] <gracefully close start>[22m
    [2m  - [pid=19096] <kill>[22m
    [2m  - [pid=19096] <will force kill>[22m
    [2m  - [pid=19096] exception while trying to kill process: Error: kill EPERM[22m
    [2m  - [pid=19096] <process did exit: exitCode=null, signal=SIGTRAP>[22m
    [2m  - [pid=19096] starting temporary directories cleanup[22m
    [2m  - [pid=19096] finished temporary directories cleanup[22m
    [2m  - [pid=19096] <gracefully close end>[22m


    Error Context: test-results/tools-VSWR-bandwidth-Q-con-4828f--Q-and-fractional-bandwidth-chromium/error-context.md

  91) [chromium] › e2e/tools.spec.ts:1136:5 › pointing margin derives gain loss and inverts to allowable offset 

    Error: browserType.launch: Target page, context or browser has been closed
    Browser logs:

    <launching> /Users/pc141/Library/Caches/ms-playwright/chromium_headless_shell-1223/chrome-headless-shell-mac-arm64/chrome-headless-shell --disable-field-trial-config --disable-background-networking --disable-background-timer-throttling --disable-backgrounding-occluded-windows --disable-back-forward-cache --disable-breakpad --disable-client-side-phishing-detection --disable-component-extensions-with-background-pages --disable-component-update --no-default-browser-check --disable-default-apps --disable-dev-shm-usage --disable-edgeupdater --disable-extensions --disable-features=AvoidUnnecessaryBeforeUnloadCheckSync,BoundaryEventDispatchTracksNodeRemoval,DestroyProfileOnBrowserClose,DialMediaRouteProvider,GlobalMediaControls,HttpsUpgrades,LensOverlay,MediaRouter,PaintHolding,ThirdPartyStoragePartitioning,Translate,AutoDeElevate,RenderDocument,OptimizationHints,msForceBrowserSignIn,msEdgeUpdateLaunchServicesPreferredVersion --enable-features=CDPScreenshotNewSurface --allow-pre-commit-input --disable-hang-monitor --disable-ipc-flooding-protection --disable-popup-blocking --disable-prompt-on-repost --disable-renderer-backgrounding --force-color-profile=srgb --metrics-recording-only --no-first-run --password-store=basic --use-mock-keychain --no-service-autorun --export-tagged-pdf --disable-search-engine-choice-screen --unsafely-disable-devtools-self-xss-warnings --edge-skip-compat-layer-relaunch --disable-infobars --disable-search-engine-choice-screen --disable-sync --enable-unsafe-swiftshader --headless --hide-scrollbars --mute-audio --blink-settings=primaryHoverType=2,availableHoverTypes=2,primaryPointerType=4,availablePointerTypes=4 --no-sandbox --user-data-dir=/var/folders/xx/vhn9ccgd6fn1yqgjn398gppw0000gn/T/playwright_chromiumdev_profile-qjNu8c --remote-debugging-pipe --no-startup-window
    <launched> pid=19098
    [pid=19098][err] [0913/214100.196438:ERROR:base/power_monitor/thermal_state_observer_mac.mm:140] ThermalStateObserverMac unable to register to power notifications. Result: 9
    [pid=19098][err] [0913/214100.198044:ERROR:net/dns/dns_config_service_posix.cc:138] DNS config watch failed to start.
    [pid=19098][err] [0913/214100.198408:FATAL:base/apple/mach_port_rendezvous_mac.cc:159] Check failed: kr == KERN_SUCCESS. bootstrap_check_in org.chromium.Chromium.MachPortRendezvousServer.19098: Permission denied (1100)
    Call log:
    [2m  - <launching> /Users/pc141/Library/Caches/ms-playwright/chromium_headless_shell-1223/chrome-headless-shell-mac-arm64/chrome-headless-shell --disable-field-trial-config --disable-background-networking --disable-background-timer-throttling --disable-backgrounding-occluded-windows --disable-back-forward-cache --disable-breakpad --disable-client-side-phishing-detection --disable-component-extensions-with-background-pages --disable-component-update --no-default-browser-check --disable-default-apps --disable-dev-shm-usage --disable-edgeupdater --disable-extensions --disable-features=AvoidUnnecessaryBeforeUnloadCheckSync,BoundaryEventDispatchTracksNodeRemoval,DestroyProfileOnBrowserClose,DialMediaRouteProvider,GlobalMediaControls,HttpsUpgrades,LensOverlay,MediaRouter,PaintHolding,ThirdPartyStoragePartitioning,Translate,AutoDeElevate,RenderDocument,OptimizationHints,msForceBrowserSignIn,msEdgeUpdateLaunchServicesPreferredVersion --enable-features=CDPScreenshotNewSurface --allow-pre-commit-input --disable-hang-monitor --disable-ipc-flooding-protection --disable-popup-blocking --disable-prompt-on-repost --disable-renderer-backgrounding --force-color-profile=srgb --metrics-recording-only --no-first-run --password-store=basic --use-mock-keychain --no-service-autorun --export-tagged-pdf --disable-search-engine-choice-screen --unsafely-disable-devtools-self-xss-warnings --edge-skip-compat-layer-relaunch --disable-infobars --disable-search-engine-choice-screen --disable-sync --enable-unsafe-swiftshader --headless --hide-scrollbars --mute-audio --blink-settings=primaryHoverType=2,availableHoverTypes=2,primaryPointerType=4,availablePointerTypes=4 --no-sandbox --user-data-dir=/var/folders/xx/vhn9ccgd6fn1yqgjn398gppw0000gn/T/playwright_chromiumdev_profile-qjNu8c --remote-debugging-pipe --no-startup-window[22m
    [2m  - <launched> pid=19098[22m
    [2m  - [pid=19098][err] [0913/214100.196438:ERROR:base/power_monitor/thermal_state_observer_mac.mm:140] ThermalStateObserverMac unable to register to power notifications. Result: 9[22m
    [2m  - [pid=19098][err] [0913/214100.198044:ERROR:net/dns/dns_config_service_posix.cc:138] DNS config watch failed to start.[22m
    [2m  - [pid=19098][err] [0913/214100.198408:FATAL:base/apple/mach_port_rendezvous_mac.cc:159] Check failed: kr == KERN_SUCCESS. bootstrap_check_in org.chromium.Chromium.MachPortRendezvousServer.19098: Permission denied (1100)[22m
    [2m  - [pid=19098] <gracefully close start>[22m
    [2m  - [pid=19098] <kill>[22m
    [2m  - [pid=19098] <will force kill>[22m
    [2m  - [pid=19098] exception while trying to kill process: Error: kill EPERM[22m
    [2m  - [pid=19098] <process did exit: exitCode=null, signal=SIGTRAP>[22m
    [2m  - [pid=19098] starting temporary directories cleanup[22m
    [2m  - [pid=19098] finished temporary directories cleanup[22m
    [2m  - [pid=19098] <gracefully close end>[22m


    Error Context: test-results/tools-pointing-margin-deri-c6ee5-inverts-to-allowable-offset-chromium/error-context.md

  92) [chromium] › e2e/tools.spec.ts:1151:5 › metal plane effect derives +6dB at quarter-wave and collapses at contact 

    Error: browserType.launch: Target page, context or browser has been closed
    Browser logs:

    <launching> /Users/pc141/Library/Caches/ms-playwright/chromium_headless_shell-1223/chrome-headless-shell-mac-arm64/chrome-headless-shell --disable-field-trial-config --disable-background-networking --disable-background-timer-throttling --disable-backgrounding-occluded-windows --disable-back-forward-cache --disable-breakpad --disable-client-side-phishing-detection --disable-component-extensions-with-background-pages --disable-component-update --no-default-browser-check --disable-default-apps --disable-dev-shm-usage --disable-edgeupdater --disable-extensions --disable-features=AvoidUnnecessaryBeforeUnloadCheckSync,BoundaryEventDispatchTracksNodeRemoval,DestroyProfileOnBrowserClose,DialMediaRouteProvider,GlobalMediaControls,HttpsUpgrades,LensOverlay,MediaRouter,PaintHolding,ThirdPartyStoragePartitioning,Translate,AutoDeElevate,RenderDocument,OptimizationHints,msForceBrowserSignIn,msEdgeUpdateLaunchServicesPreferredVersion --enable-features=CDPScreenshotNewSurface --allow-pre-commit-input --disable-hang-monitor --disable-ipc-flooding-protection --disable-popup-blocking --disable-prompt-on-repost --disable-renderer-backgrounding --force-color-profile=srgb --metrics-recording-only --no-first-run --password-store=basic --use-mock-keychain --no-service-autorun --export-tagged-pdf --disable-search-engine-choice-screen --unsafely-disable-devtools-self-xss-warnings --edge-skip-compat-layer-relaunch --disable-infobars --disable-search-engine-choice-screen --disable-sync --enable-unsafe-swiftshader --headless --hide-scrollbars --mute-audio --blink-settings=primaryHoverType=2,availableHoverTypes=2,primaryPointerType=4,availablePointerTypes=4 --no-sandbox --user-data-dir=/var/folders/xx/vhn9ccgd6fn1yqgjn398gppw0000gn/T/playwright_chromiumdev_profile-bBJxou --remote-debugging-pipe --no-startup-window
    <launched> pid=19100
    [pid=19100][err] [0913/214100.425668:ERROR:base/power_monitor/thermal_state_observer_mac.mm:140] ThermalStateObserverMac unable to register to power notifications. Result: 9
    [pid=19100][err] [0913/214100.427337:ERROR:net/dns/dns_config_service_posix.cc:138] DNS config watch failed to start.
    [pid=19100][err] [0913/214100.427785:FATAL:base/apple/mach_port_rendezvous_mac.cc:159] Check failed: kr == KERN_SUCCESS. bootstrap_check_in org.chromium.Chromium.MachPortRendezvousServer.19100: Permission denied (1100)
    Call log:
    [2m  - <launching> /Users/pc141/Library/Caches/ms-playwright/chromium_headless_shell-1223/chrome-headless-shell-mac-arm64/chrome-headless-shell --disable-field-trial-config --disable-background-networking --disable-background-timer-throttling --disable-backgrounding-occluded-windows --disable-back-forward-cache --disable-breakpad --disable-client-side-phishing-detection --disable-component-extensions-with-background-pages --disable-component-update --no-default-browser-check --disable-default-apps --disable-dev-shm-usage --disable-edgeupdater --disable-extensions --disable-features=AvoidUnnecessaryBeforeUnloadCheckSync,BoundaryEventDispatchTracksNodeRemoval,DestroyProfileOnBrowserClose,DialMediaRouteProvider,GlobalMediaControls,HttpsUpgrades,LensOverlay,MediaRouter,PaintHolding,ThirdPartyStoragePartitioning,Translate,AutoDeElevate,RenderDocument,OptimizationHints,msForceBrowserSignIn,msEdgeUpdateLaunchServicesPreferredVersion --enable-features=CDPScreenshotNewSurface --allow-pre-commit-input --disable-hang-monitor --disable-ipc-flooding-protection --disable-popup-blocking --disable-prompt-on-repost --disable-renderer-backgrounding --force-color-profile=srgb --metrics-recording-only --no-first-run --password-store=basic --use-mock-keychain --no-service-autorun --export-tagged-pdf --disable-search-engine-choice-screen --unsafely-disable-devtools-self-xss-warnings --edge-skip-compat-layer-relaunch --disable-infobars --disable-search-engine-choice-screen --disable-sync --enable-unsafe-swiftshader --headless --hide-scrollbars --mute-audio --blink-settings=primaryHoverType=2,availableHoverTypes=2,primaryPointerType=4,availablePointerTypes=4 --no-sandbox --user-data-dir=/var/folders/xx/vhn9ccgd6fn1yqgjn398gppw0000gn/T/playwright_chromiumdev_profile-bBJxou --remote-debugging-pipe --no-startup-window[22m
    [2m  - <launched> pid=19100[22m
    [2m  - [pid=19100][err] [0913/214100.425668:ERROR:base/power_monitor/thermal_state_observer_mac.mm:140] ThermalStateObserverMac unable to register to power notifications. Result: 9[22m
    [2m  - [pid=19100][err] [0913/214100.427337:ERROR:net/dns/dns_config_service_posix.cc:138] DNS config watch failed to start.[22m
    [2m  - [pid=19100][err] [0913/214100.427785:FATAL:base/apple/mach_port_rendezvous_mac.cc:159] Check failed: kr == KERN_SUCCESS. bootstrap_check_in org.chromium.Chromium.MachPortRendezvousServer.19100: Permission denied (1100)[22m
    [2m  - [pid=19100] <gracefully close start>[22m
    [2m  - [pid=19100] <kill>[22m
    [2m  - [pid=19100] <will force kill>[22m
    [2m  - [pid=19100] exception while trying to kill process: Error: kill EPERM[22m
    [2m  - [pid=19100] <process did exit: exitCode=null, signal=SIGTRAP>[22m
    [2m  - [pid=19100] starting temporary directories cleanup[22m
    [2m  - [pid=19100] finished temporary directories cleanup[22m
    [2m  - [pid=19100] <gracefully close end>[22m


    Error Context: test-results/tools-metal-plane-effect-d-5a1c1-ve-and-collapses-at-contact-chromium/error-context.md

  93) [chromium] › e2e/tools.spec.ts:1169:5 › LTE signal metrics judges RSRP quality band and reacts to mode switch 

    Error: browserType.launch: Target page, context or browser has been closed
    Browser logs:

    <launching> /Users/pc141/Library/Caches/ms-playwright/chromium_headless_shell-1223/chrome-headless-shell-mac-arm64/chrome-headless-shell --disable-field-trial-config --disable-background-networking --disable-background-timer-throttling --disable-backgrounding-occluded-windows --disable-back-forward-cache --disable-breakpad --disable-client-side-phishing-detection --disable-component-extensions-with-background-pages --disable-component-update --no-default-browser-check --disable-default-apps --disable-dev-shm-usage --disable-edgeupdater --disable-extensions --disable-features=AvoidUnnecessaryBeforeUnloadCheckSync,BoundaryEventDispatchTracksNodeRemoval,DestroyProfileOnBrowserClose,DialMediaRouteProvider,GlobalMediaControls,HttpsUpgrades,LensOverlay,MediaRouter,PaintHolding,ThirdPartyStoragePartitioning,Translate,AutoDeElevate,RenderDocument,OptimizationHints,msForceBrowserSignIn,msEdgeUpdateLaunchServicesPreferredVersion --enable-features=CDPScreenshotNewSurface --allow-pre-commit-input --disable-hang-monitor --disable-ipc-flooding-protection --disable-popup-blocking --disable-prompt-on-repost --disable-renderer-backgrounding --force-color-profile=srgb --metrics-recording-only --no-first-run --password-store=basic --use-mock-keychain --no-service-autorun --export-tagged-pdf --disable-search-engine-choice-screen --unsafely-disable-devtools-self-xss-warnings --edge-skip-compat-layer-relaunch --disable-infobars --disable-search-engine-choice-screen --disable-sync --enable-unsafe-swiftshader --headless --hide-scrollbars --mute-audio --blink-settings=primaryHoverType=2,availableHoverTypes=2,primaryPointerType=4,availablePointerTypes=4 --no-sandbox --user-data-dir=/var/folders/xx/vhn9ccgd6fn1yqgjn398gppw0000gn/T/playwright_chromiumdev_profile-3ldLvt --remote-debugging-pipe --no-startup-window
    <launched> pid=19102
    [pid=19102][err] [0913/214100.639237:ERROR:base/power_monitor/thermal_state_observer_mac.mm:140] ThermalStateObserverMac unable to register to power notifications. Result: 9
    [pid=19102][err] [0913/214100.640898:ERROR:net/dns/dns_config_service_posix.cc:138] DNS config watch failed to start.
    [pid=19102][err] [0913/214100.641220:FATAL:base/apple/mach_port_rendezvous_mac.cc:159] Check failed: kr == KERN_SUCCESS. bootstrap_check_in org.chromium.Chromium.MachPortRendezvousServer.19102: Permission denied (1100)
    Call log:
    [2m  - <launching> /Users/pc141/Library/Caches/ms-playwright/chromium_headless_shell-1223/chrome-headless-shell-mac-arm64/chrome-headless-shell --disable-field-trial-config --disable-background-networking --disable-background-timer-throttling --disable-backgrounding-occluded-windows --disable-back-forward-cache --disable-breakpad --disable-client-side-phishing-detection --disable-component-extensions-with-background-pages --disable-component-update --no-default-browser-check --disable-default-apps --disable-dev-shm-usage --disable-edgeupdater --disable-extensions --disable-features=AvoidUnnecessaryBeforeUnloadCheckSync,BoundaryEventDispatchTracksNodeRemoval,DestroyProfileOnBrowserClose,DialMediaRouteProvider,GlobalMediaControls,HttpsUpgrades,LensOverlay,MediaRouter,PaintHolding,ThirdPartyStoragePartitioning,Translate,AutoDeElevate,RenderDocument,OptimizationHints,msForceBrowserSignIn,msEdgeUpdateLaunchServicesPreferredVersion --enable-features=CDPScreenshotNewSurface --allow-pre-commit-input --disable-hang-monitor --disable-ipc-flooding-protection --disable-popup-blocking --disable-prompt-on-repost --disable-renderer-backgrounding --force-color-profile=srgb --metrics-recording-only --no-first-run --password-store=basic --use-mock-keychain --no-service-autorun --export-tagged-pdf --disable-search-engine-choice-screen --unsafely-disable-devtools-self-xss-warnings --edge-skip-compat-layer-relaunch --disable-infobars --disable-search-engine-choice-screen --disable-sync --enable-unsafe-swiftshader --headless --hide-scrollbars --mute-audio --blink-settings=primaryHoverType=2,availableHoverTypes=2,primaryPointerType=4,availablePointerTypes=4 --no-sandbox --user-data-dir=/var/folders/xx/vhn9ccgd6fn1yqgjn398gppw0000gn/T/playwright_chromiumdev_profile-3ldLvt --remote-debugging-pipe --no-startup-window[22m
    [2m  - <launched> pid=19102[22m
    [2m  - [pid=19102][err] [0913/214100.639237:ERROR:base/power_monitor/thermal_state_observer_mac.mm:140] ThermalStateObserverMac unable to register to power notifications. Result: 9[22m
    [2m  - [pid=19102][err] [0913/214100.640898:ERROR:net/dns/dns_config_service_posix.cc:138] DNS config watch failed to start.[22m
    [2m  - [pid=19102][err] [0913/214100.641220:FATAL:base/apple/mach_port_rendezvous_mac.cc:159] Check failed: kr == KERN_SUCCESS. bootstrap_check_in org.chromium.Chromium.MachPortRendezvousServer.19102: Permission denied (1100)[22m
    [2m  - [pid=19102] <gracefully close start>[22m
    [2m  - [pid=19102] <kill>[22m
    [2m  - [pid=19102] <will force kill>[22m
    [2m  - [pid=19102] exception while trying to kill process: Error: kill EPERM[22m
    [2m  - [pid=19102] <process did exit: exitCode=null, signal=SIGTRAP>[22m
    [2m  - [pid=19102] starting temporary directories cleanup[22m
    [2m  - [pid=19102] finished temporary directories cleanup[22m
    [2m  - [pid=19102] <gracefully close end>[22m


    Error Context: test-results/tools-LTE-signal-metrics-j-795d7-d-and-reacts-to-mode-switch-chromium/error-context.md

  94) [chromium] › e2e/tools.spec.ts:1182:5 › antenna keepout verdict reacts to the available area ─

    Error: browserType.launch: Target page, context or browser has been closed
    Browser logs:

    <launching> /Users/pc141/Library/Caches/ms-playwright/chromium_headless_shell-1223/chrome-headless-shell-mac-arm64/chrome-headless-shell --disable-field-trial-config --disable-background-networking --disable-background-timer-throttling --disable-backgrounding-occluded-windows --disable-back-forward-cache --disable-breakpad --disable-client-side-phishing-detection --disable-component-extensions-with-background-pages --disable-component-update --no-default-browser-check --disable-default-apps --disable-dev-shm-usage --disable-edgeupdater --disable-extensions --disable-features=AvoidUnnecessaryBeforeUnloadCheckSync,BoundaryEventDispatchTracksNodeRemoval,DestroyProfileOnBrowserClose,DialMediaRouteProvider,GlobalMediaControls,HttpsUpgrades,LensOverlay,MediaRouter,PaintHolding,ThirdPartyStoragePartitioning,Translate,AutoDeElevate,RenderDocument,OptimizationHints,msForceBrowserSignIn,msEdgeUpdateLaunchServicesPreferredVersion --enable-features=CDPScreenshotNewSurface --allow-pre-commit-input --disable-hang-monitor --disable-ipc-flooding-protection --disable-popup-blocking --disable-prompt-on-repost --disable-renderer-backgrounding --force-color-profile=srgb --metrics-recording-only --no-first-run --password-store=basic --use-mock-keychain --no-service-autorun --export-tagged-pdf --disable-search-engine-choice-screen --unsafely-disable-devtools-self-xss-warnings --edge-skip-compat-layer-relaunch --disable-infobars --disable-search-engine-choice-screen --disable-sync --enable-unsafe-swiftshader --headless --hide-scrollbars --mute-audio --blink-settings=primaryHoverType=2,availableHoverTypes=2,primaryPointerType=4,availablePointerTypes=4 --no-sandbox --user-data-dir=/var/folders/xx/vhn9ccgd6fn1yqgjn398gppw0000gn/T/playwright_chromiumdev_profile-sgj6d9 --remote-debugging-pipe --no-startup-window
    <launched> pid=19104
    [pid=19104][err] [0913/214100.859283:ERROR:base/power_monitor/thermal_state_observer_mac.mm:140] ThermalStateObserverMac unable to register to power notifications. Result: 9
    [pid=19104][err] [0913/214100.860926:ERROR:net/dns/dns_config_service_posix.cc:138] DNS config watch failed to start.
    [pid=19104][err] [0913/214100.861252:FATAL:base/apple/mach_port_rendezvous_mac.cc:159] Check failed: kr == KERN_SUCCESS. bootstrap_check_in org.chromium.Chromium.MachPortRendezvousServer.19104: Permission denied (1100)
    Call log:
    [2m  - <launching> /Users/pc141/Library/Caches/ms-playwright/chromium_headless_shell-1223/chrome-headless-shell-mac-arm64/chrome-headless-shell --disable-field-trial-config --disable-background-networking --disable-background-timer-throttling --disable-backgrounding-occluded-windows --disable-back-forward-cache --disable-breakpad --disable-client-side-phishing-detection --disable-component-extensions-with-background-pages --disable-component-update --no-default-browser-check --disable-default-apps --disable-dev-shm-usage --disable-edgeupdater --disable-extensions --disable-features=AvoidUnnecessaryBeforeUnloadCheckSync,BoundaryEventDispatchTracksNodeRemoval,DestroyProfileOnBrowserClose,DialMediaRouteProvider,GlobalMediaControls,HttpsUpgrades,LensOverlay,MediaRouter,PaintHolding,ThirdPartyStoragePartitioning,Translate,AutoDeElevate,RenderDocument,OptimizationHints,msForceBrowserSignIn,msEdgeUpdateLaunchServicesPreferredVersion --enable-features=CDPScreenshotNewSurface --allow-pre-commit-input --disable-hang-monitor --disable-ipc-flooding-protection --disable-popup-blocking --disable-prompt-on-repost --disable-renderer-backgrounding --force-color-profile=srgb --metrics-recording-only --no-first-run --password-store=basic --use-mock-keychain --no-service-autorun --export-tagged-pdf --disable-search-engine-choice-screen --unsafely-disable-devtools-self-xss-warnings --edge-skip-compat-layer-relaunch --disable-infobars --disable-search-engine-choice-screen --disable-sync --enable-unsafe-swiftshader --headless --hide-scrollbars --mute-audio --blink-settings=primaryHoverType=2,availableHoverTypes=2,primaryPointerType=4,availablePointerTypes=4 --no-sandbox --user-data-dir=/var/folders/xx/vhn9ccgd6fn1yqgjn398gppw0000gn/T/playwright_chromiumdev_profile-sgj6d9 --remote-debugging-pipe --no-startup-window[22m
    [2m  - <launched> pid=19104[22m
    [2m  - [pid=19104][err] [0913/214100.859283:ERROR:base/power_monitor/thermal_state_observer_mac.mm:140] ThermalStateObserverMac unable to register to power notifications. Result: 9[22m
    [2m  - [pid=19104][err] [0913/214100.860926:ERROR:net/dns/dns_config_service_posix.cc:138] DNS config watch failed to start.[22m
    [2m  - [pid=19104][err] [0913/214100.861252:FATAL:base/apple/mach_port_rendezvous_mac.cc:159] Check failed: kr == KERN_SUCCESS. bootstrap_check_in org.chromium.Chromium.MachPortRendezvousServer.19104: Permission denied (1100)[22m
    [2m  - [pid=19104] <gracefully close start>[22m
    [2m  - [pid=19104] <kill>[22m
    [2m  - [pid=19104] <will force kill>[22m
    [2m  - [pid=19104] exception while trying to kill process: Error: kill EPERM[22m
    [2m  - [pid=19104] <process did exit: exitCode=null, signal=SIGTRAP>[22m
    [2m  - [pid=19104] starting temporary directories cleanup[22m
    [2m  - [pid=19104] finished temporary directories cleanup[22m
    [2m  - [pid=19104] <gracefully close end>[22m


    Error Context: test-results/tools-antenna-keepout-verdict-reacts-to-the-available-area-chromium/error-context.md

  95) [chromium] › e2e/tools.spec.ts:1196:5 › wall penetration tool sums material losses per band and reacts to wall counts 

    Error: browserType.launch: Target page, context or browser has been closed
    Browser logs:

    <launching> /Users/pc141/Library/Caches/ms-playwright/chromium_headless_shell-1223/chrome-headless-shell-mac-arm64/chrome-headless-shell --disable-field-trial-config --disable-background-networking --disable-background-timer-throttling --disable-backgrounding-occluded-windows --disable-back-forward-cache --disable-breakpad --disable-client-side-phishing-detection --disable-component-extensions-with-background-pages --disable-component-update --no-default-browser-check --disable-default-apps --disable-dev-shm-usage --disable-edgeupdater --disable-extensions --disable-features=AvoidUnnecessaryBeforeUnloadCheckSync,BoundaryEventDispatchTracksNodeRemoval,DestroyProfileOnBrowserClose,DialMediaRouteProvider,GlobalMediaControls,HttpsUpgrades,LensOverlay,MediaRouter,PaintHolding,ThirdPartyStoragePartitioning,Translate,AutoDeElevate,RenderDocument,OptimizationHints,msForceBrowserSignIn,msEdgeUpdateLaunchServicesPreferredVersion --enable-features=CDPScreenshotNewSurface --allow-pre-commit-input --disable-hang-monitor --disable-ipc-flooding-protection --disable-popup-blocking --disable-prompt-on-repost --disable-renderer-backgrounding --force-color-profile=srgb --metrics-recording-only --no-first-run --password-store=basic --use-mock-keychain --no-service-autorun --export-tagged-pdf --disable-search-engine-choice-screen --unsafely-disable-devtools-self-xss-warnings --edge-skip-compat-layer-relaunch --disable-infobars --disable-search-engine-choice-screen --disable-sync --enable-unsafe-swiftshader --headless --hide-scrollbars --mute-audio --blink-settings=primaryHoverType=2,availableHoverTypes=2,primaryPointerType=4,availablePointerTypes=4 --no-sandbox --user-data-dir=/var/folders/xx/vhn9ccgd6fn1yqgjn398gppw0000gn/T/playwright_chromiumdev_profile-vWyW9r --remote-debugging-pipe --no-startup-window
    <launched> pid=19106
    [pid=19106][err] [0913/214101.074802:ERROR:base/power_monitor/thermal_state_observer_mac.mm:140] ThermalStateObserverMac unable to register to power notifications. Result: 9
    [pid=19106][err] [0913/214101.076412:ERROR:net/dns/dns_config_service_posix.cc:138] DNS config watch failed to start.
    [pid=19106][err] [0913/214101.076866:FATAL:base/apple/mach_port_rendezvous_mac.cc:159] Check failed: kr == KERN_SUCCESS. bootstrap_check_in org.chromium.Chromium.MachPortRendezvousServer.19106: Permission denied (1100)
    Call log:
    [2m  - <launching> /Users/pc141/Library/Caches/ms-playwright/chromium_headless_shell-1223/chrome-headless-shell-mac-arm64/chrome-headless-shell --disable-field-trial-config --disable-background-networking --disable-background-timer-throttling --disable-backgrounding-occluded-windows --disable-back-forward-cache --disable-breakpad --disable-client-side-phishing-detection --disable-component-extensions-with-background-pages --disable-component-update --no-default-browser-check --disable-default-apps --disable-dev-shm-usage --disable-edgeupdater --disable-extensions --disable-features=AvoidUnnecessaryBeforeUnloadCheckSync,BoundaryEventDispatchTracksNodeRemoval,DestroyProfileOnBrowserClose,DialMediaRouteProvider,GlobalMediaControls,HttpsUpgrades,LensOverlay,MediaRouter,PaintHolding,ThirdPartyStoragePartitioning,Translate,AutoDeElevate,RenderDocument,OptimizationHints,msForceBrowserSignIn,msEdgeUpdateLaunchServicesPreferredVersion --enable-features=CDPScreenshotNewSurface --allow-pre-commit-input --disable-hang-monitor --disable-ipc-flooding-protection --disable-popup-blocking --disable-prompt-on-repost --disable-renderer-backgrounding --force-color-profile=srgb --metrics-recording-only --no-first-run --password-store=basic --use-mock-keychain --no-service-autorun --export-tagged-pdf --disable-search-engine-choice-screen --unsafely-disable-devtools-self-xss-warnings --edge-skip-compat-layer-relaunch --disable-infobars --disable-search-engine-choice-screen --disable-sync --enable-unsafe-swiftshader --headless --hide-scrollbars --mute-audio --blink-settings=primaryHoverType=2,availableHoverTypes=2,primaryPointerType=4,availablePointerTypes=4 --no-sandbox --user-data-dir=/var/folders/xx/vhn9ccgd6fn1yqgjn398gppw0000gn/T/playwright_chromiumdev_profile-vWyW9r --remote-debugging-pipe --no-startup-window[22m
    [2m  - <launched> pid=19106[22m
    [2m  - [pid=19106][err] [0913/214101.074802:ERROR:base/power_monitor/thermal_state_observer_mac.mm:140] ThermalStateObserverMac unable to register to power notifications. Result: 9[22m
    [2m  - [pid=19106][err] [0913/214101.076412:ERROR:net/dns/dns_config_service_posix.cc:138] DNS config watch failed to start.[22m
    [2m  - [pid=19106][err] [0913/214101.076866:FATAL:base/apple/mach_port_rendezvous_mac.cc:159] Check failed: kr == KERN_SUCCESS. bootstrap_check_in org.chromium.Chromium.MachPortRendezvousServer.19106: Permission denied (1100)[22m
    [2m  - [pid=19106] <gracefully close start>[22m
    [2m  - [pid=19106] <kill>[22m
    [2m  - [pid=19106] <will force kill>[22m
    [2m  - [pid=19106] exception while trying to kill process: Error: kill EPERM[22m
    [2m  - [pid=19106] <process did exit: exitCode=null, signal=SIGTRAP>[22m
    [2m  - [pid=19106] starting temporary directories cleanup[22m
    [2m  - [pid=19106] finished temporary directories cleanup[22m
    [2m  - [pid=19106] <gracefully close end>[22m


    Error Context: test-results/tools-wall-penetration-too-16c98-d-and-reacts-to-wall-counts-chromium/error-context.md

  96) [chromium] › e2e/tools.spec.ts:1217:5 › body loss tool looks up literature values per scenario and band 

    Error: browserType.launch: Target page, context or browser has been closed
    Browser logs:

    <launching> /Users/pc141/Library/Caches/ms-playwright/chromium_headless_shell-1223/chrome-headless-shell-mac-arm64/chrome-headless-shell --disable-field-trial-config --disable-background-networking --disable-background-timer-throttling --disable-backgrounding-occluded-windows --disable-back-forward-cache --disable-breakpad --disable-client-side-phishing-detection --disable-component-extensions-with-background-pages --disable-component-update --no-default-browser-check --disable-default-apps --disable-dev-shm-usage --disable-edgeupdater --disable-extensions --disable-features=AvoidUnnecessaryBeforeUnloadCheckSync,BoundaryEventDispatchTracksNodeRemoval,DestroyProfileOnBrowserClose,DialMediaRouteProvider,GlobalMediaControls,HttpsUpgrades,LensOverlay,MediaRouter,PaintHolding,ThirdPartyStoragePartitioning,Translate,AutoDeElevate,RenderDocument,OptimizationHints,msForceBrowserSignIn,msEdgeUpdateLaunchServicesPreferredVersion --enable-features=CDPScreenshotNewSurface --allow-pre-commit-input --disable-hang-monitor --disable-ipc-flooding-protection --disable-popup-blocking --disable-prompt-on-repost --disable-renderer-backgrounding --force-color-profile=srgb --metrics-recording-only --no-first-run --password-store=basic --use-mock-keychain --no-service-autorun --export-tagged-pdf --disable-search-engine-choice-screen --unsafely-disable-devtools-self-xss-warnings --edge-skip-compat-layer-relaunch --disable-infobars --disable-search-engine-choice-screen --disable-sync --enable-unsafe-swiftshader --headless --hide-scrollbars --mute-audio --blink-settings=primaryHoverType=2,availableHoverTypes=2,primaryPointerType=4,availablePointerTypes=4 --no-sandbox --user-data-dir=/var/folders/xx/vhn9ccgd6fn1yqgjn398gppw0000gn/T/playwright_chromiumdev_profile-NUtmp4 --remote-debugging-pipe --no-startup-window
    <launched> pid=19108
    [pid=19108][err] [0913/214101.297741:ERROR:base/power_monitor/thermal_state_observer_mac.mm:140] ThermalStateObserverMac unable to register to power notifications. Result: 9
    [pid=19108][err] [0913/214101.299648:ERROR:net/dns/dns_config_service_posix.cc:138] DNS config watch failed to start.
    [pid=19108][err] [0913/214101.300036:FATAL:base/apple/mach_port_rendezvous_mac.cc:159] Check failed: kr == KERN_SUCCESS. bootstrap_check_in org.chromium.Chromium.MachPortRendezvousServer.19108: Permission denied (1100)
    Call log:
    [2m  - <launching> /Users/pc141/Library/Caches/ms-playwright/chromium_headless_shell-1223/chrome-headless-shell-mac-arm64/chrome-headless-shell --disable-field-trial-config --disable-background-networking --disable-background-timer-throttling --disable-backgrounding-occluded-windows --disable-back-forward-cache --disable-breakpad --disable-client-side-phishing-detection --disable-component-extensions-with-background-pages --disable-component-update --no-default-browser-check --disable-default-apps --disable-dev-shm-usage --disable-edgeupdater --disable-extensions --disable-features=AvoidUnnecessaryBeforeUnloadCheckSync,BoundaryEventDispatchTracksNodeRemoval,DestroyProfileOnBrowserClose,DialMediaRouteProvider,GlobalMediaControls,HttpsUpgrades,LensOverlay,MediaRouter,PaintHolding,ThirdPartyStoragePartitioning,Translate,AutoDeElevate,RenderDocument,OptimizationHints,msForceBrowserSignIn,msEdgeUpdateLaunchServicesPreferredVersion --enable-features=CDPScreenshotNewSurface --allow-pre-commit-input --disable-hang-monitor --disable-ipc-flooding-protection --disable-popup-blocking --disable-prompt-on-repost --disable-renderer-backgrounding --force-color-profile=srgb --metrics-recording-only --no-first-run --password-store=basic --use-mock-keychain --no-service-autorun --export-tagged-pdf --disable-search-engine-choice-screen --unsafely-disable-devtools-self-xss-warnings --edge-skip-compat-layer-relaunch --disable-infobars --disable-search-engine-choice-screen --disable-sync --enable-unsafe-swiftshader --headless --hide-scrollbars --mute-audio --blink-settings=primaryHoverType=2,availableHoverTypes=2,primaryPointerType=4,availablePointerTypes=4 --no-sandbox --user-data-dir=/var/folders/xx/vhn9ccgd6fn1yqgjn398gppw0000gn/T/playwright_chromiumdev_profile-NUtmp4 --remote-debugging-pipe --no-startup-window[22m
    [2m  - <launched> pid=19108[22m
    [2m  - [pid=19108][err] [0913/214101.297741:ERROR:base/power_monitor/thermal_state_observer_mac.mm:140] ThermalStateObserverMac unable to register to power notifications. Result: 9[22m
    [2m  - [pid=19108][err] [0913/214101.299648:ERROR:net/dns/dns_config_service_posix.cc:138] DNS config watch failed to start.[22m
    [2m  - [pid=19108][err] [0913/214101.300036:FATAL:base/apple/mach_port_rendezvous_mac.cc:159] Check failed: kr == KERN_SUCCESS. bootstrap_check_in org.chromium.Chromium.MachPortRendezvousServer.19108: Permission denied (1100)[22m
    [2m  - [pid=19108] <gracefully close start>[22m
    [2m  - [pid=19108] <kill>[22m
    [2m  - [pid=19108] <will force kill>[22m
    [2m  - [pid=19108] exception while trying to kill process: Error: kill EPERM[22m
    [2m  - [pid=19108] <process did exit: exitCode=null, signal=SIGTRAP>[22m
    [2m  - [pid=19108] starting temporary directories cleanup[22m
    [2m  - [pid=19108] finished temporary directories cleanup[22m
    [2m  - [pid=19108] <gracefully close end>[22m


    Error Context: test-results/tools-body-loss-tool-looks-44e69-alues-per-scenario-and-band-chromium/error-context.md

  97) [chromium] › e2e/tools.spec.ts:1236:5 › detuning estimator judges whether the shifted resonance stays in band 

    Error: browserType.launch: Target page, context or browser has been closed
    Browser logs:

    <launching> /Users/pc141/Library/Caches/ms-playwright/chromium_headless_shell-1223/chrome-headless-shell-mac-arm64/chrome-headless-shell --disable-field-trial-config --disable-background-networking --disable-background-timer-throttling --disable-backgrounding-occluded-windows --disable-back-forward-cache --disable-breakpad --disable-client-side-phishing-detection --disable-component-extensions-with-background-pages --disable-component-update --no-default-browser-check --disable-default-apps --disable-dev-shm-usage --disable-edgeupdater --disable-extensions --disable-features=AvoidUnnecessaryBeforeUnloadCheckSync,BoundaryEventDispatchTracksNodeRemoval,DestroyProfileOnBrowserClose,DialMediaRouteProvider,GlobalMediaControls,HttpsUpgrades,LensOverlay,MediaRouter,PaintHolding,ThirdPartyStoragePartitioning,Translate,AutoDeElevate,RenderDocument,OptimizationHints,msForceBrowserSignIn,msEdgeUpdateLaunchServicesPreferredVersion --enable-features=CDPScreenshotNewSurface --allow-pre-commit-input --disable-hang-monitor --disable-ipc-flooding-protection --disable-popup-blocking --disable-prompt-on-repost --disable-renderer-backgrounding --force-color-profile=srgb --metrics-recording-only --no-first-run --password-store=basic --use-mock-keychain --no-service-autorun --export-tagged-pdf --disable-search-engine-choice-screen --unsafely-disable-devtools-self-xss-warnings --edge-skip-compat-layer-relaunch --disable-infobars --disable-search-engine-choice-screen --disable-sync --enable-unsafe-swiftshader --headless --hide-scrollbars --mute-audio --blink-settings=primaryHoverType=2,availableHoverTypes=2,primaryPointerType=4,availablePointerTypes=4 --no-sandbox --user-data-dir=/var/folders/xx/vhn9ccgd6fn1yqgjn398gppw0000gn/T/playwright_chromiumdev_profile-RTVVDJ --remote-debugging-pipe --no-startup-window
    <launched> pid=19110
    [pid=19110][err] [0913/214101.514240:ERROR:base/power_monitor/thermal_state_observer_mac.mm:140] ThermalStateObserverMac unable to register to power notifications. Result: 9
    [pid=19110][err] [0913/214101.515738:ERROR:net/dns/dns_config_service_posix.cc:138] DNS config watch failed to start.
    [pid=19110][err] [0913/214101.516086:FATAL:base/apple/mach_port_rendezvous_mac.cc:159] Check failed: kr == KERN_SUCCESS. bootstrap_check_in org.chromium.Chromium.MachPortRendezvousServer.19110: Permission denied (1100)
    Call log:
    [2m  - <launching> /Users/pc141/Library/Caches/ms-playwright/chromium_headless_shell-1223/chrome-headless-shell-mac-arm64/chrome-headless-shell --disable-field-trial-config --disable-background-networking --disable-background-timer-throttling --disable-backgrounding-occluded-windows --disable-back-forward-cache --disable-breakpad --disable-client-side-phishing-detection --disable-component-extensions-with-background-pages --disable-component-update --no-default-browser-check --disable-default-apps --disable-dev-shm-usage --disable-edgeupdater --disable-extensions --disable-features=AvoidUnnecessaryBeforeUnloadCheckSync,BoundaryEventDispatchTracksNodeRemoval,DestroyProfileOnBrowserClose,DialMediaRouteProvider,GlobalMediaControls,HttpsUpgrades,LensOverlay,MediaRouter,PaintHolding,ThirdPartyStoragePartitioning,Translate,AutoDeElevate,RenderDocument,OptimizationHints,msForceBrowserSignIn,msEdgeUpdateLaunchServicesPreferredVersion --enable-features=CDPScreenshotNewSurface --allow-pre-commit-input --disable-hang-monitor --disable-ipc-flooding-protection --disable-popup-blocking --disable-prompt-on-repost --disable-renderer-backgrounding --force-color-profile=srgb --metrics-recording-only --no-first-run --password-store=basic --use-mock-keychain --no-service-autorun --export-tagged-pdf --disable-search-engine-choice-screen --unsafely-disable-devtools-self-xss-warnings --edge-skip-compat-layer-relaunch --disable-infobars --disable-search-engine-choice-screen --disable-sync --enable-unsafe-swiftshader --headless --hide-scrollbars --mute-audio --blink-settings=primaryHoverType=2,availableHoverTypes=2,primaryPointerType=4,availablePointerTypes=4 --no-sandbox --user-data-dir=/var/folders/xx/vhn9ccgd6fn1yqgjn398gppw0000gn/T/playwright_chromiumdev_profile-RTVVDJ --remote-debugging-pipe --no-startup-window[22m
    [2m  - <launched> pid=19110[22m
    [2m  - [pid=19110][err] [0913/214101.514240:ERROR:base/power_monitor/thermal_state_observer_mac.mm:140] ThermalStateObserverMac unable to register to power notifications. Result: 9[22m
    [2m  - [pid=19110][err] [0913/214101.515738:ERROR:net/dns/dns_config_service_posix.cc:138] DNS config watch failed to start.[22m
    [2m  - [pid=19110][err] [0913/214101.516086:FATAL:base/apple/mach_port_rendezvous_mac.cc:159] Check failed: kr == KERN_SUCCESS. bootstrap_check_in org.chromium.Chromium.MachPortRendezvousServer.19110: Permission denied (1100)[22m
    [2m  - [pid=19110] <gracefully close start>[22m
    [2m  - [pid=19110] <kill>[22m
    [2m  - [pid=19110] <will force kill>[22m
    [2m  - [pid=19110] exception while trying to kill process: Error: kill EPERM[22m
    [2m  - [pid=19110] <process did exit: exitCode=null, signal=SIGTRAP>[22m
    [2m  - [pid=19110] starting temporary directories cleanup[22m
    [2m  - [pid=19110] finished temporary directories cleanup[22m
    [2m  - [pid=19110] <gracefully close end>[22m


    Error Context: test-results/tools-detuning-estimator-j-b86c0-ted-resonance-stays-in-band-chromium/error-context.md

  98) [chromium] › e2e/tools.spec.ts:1257:5 › ground plane size tool shows the Lg/λ efficiency drop and reacts to length and frequency 

    Error: browserType.launch: Target page, context or browser has been closed
    Browser logs:

    <launching> /Users/pc141/Library/Caches/ms-playwright/chromium_headless_shell-1223/chrome-headless-shell-mac-arm64/chrome-headless-shell --disable-field-trial-config --disable-background-networking --disable-background-timer-throttling --disable-backgrounding-occluded-windows --disable-back-forward-cache --disable-breakpad --disable-client-side-phishing-detection --disable-component-extensions-with-background-pages --disable-component-update --no-default-browser-check --disable-default-apps --disable-dev-shm-usage --disable-edgeupdater --disable-extensions --disable-features=AvoidUnnecessaryBeforeUnloadCheckSync,BoundaryEventDispatchTracksNodeRemoval,DestroyProfileOnBrowserClose,DialMediaRouteProvider,GlobalMediaControls,HttpsUpgrades,LensOverlay,MediaRouter,PaintHolding,ThirdPartyStoragePartitioning,Translate,AutoDeElevate,RenderDocument,OptimizationHints,msForceBrowserSignIn,msEdgeUpdateLaunchServicesPreferredVersion --enable-features=CDPScreenshotNewSurface --allow-pre-commit-input --disable-hang-monitor --disable-ipc-flooding-protection --disable-popup-blocking --disable-prompt-on-repost --disable-renderer-backgrounding --force-color-profile=srgb --metrics-recording-only --no-first-run --password-store=basic --use-mock-keychain --no-service-autorun --export-tagged-pdf --disable-search-engine-choice-screen --unsafely-disable-devtools-self-xss-warnings --edge-skip-compat-layer-relaunch --disable-infobars --disable-search-engine-choice-screen --disable-sync --enable-unsafe-swiftshader --headless --hide-scrollbars --mute-audio --blink-settings=primaryHoverType=2,availableHoverTypes=2,primaryPointerType=4,availablePointerTypes=4 --no-sandbox --user-data-dir=/var/folders/xx/vhn9ccgd6fn1yqgjn398gppw0000gn/T/playwright_chromiumdev_profile-4KsFBX --remote-debugging-pipe --no-startup-window
    <launched> pid=19112
    [pid=19112][err] [0913/214101.739908:ERROR:base/power_monitor/thermal_state_observer_mac.mm:140] ThermalStateObserverMac unable to register to power notifications. Result: 9
    [pid=19112][err] [0913/214101.741443:ERROR:net/dns/dns_config_service_posix.cc:138] DNS config watch failed to start.
    [pid=19112][err] [0913/214101.741857:FATAL:base/apple/mach_port_rendezvous_mac.cc:159] Check failed: kr == KERN_SUCCESS. bootstrap_check_in org.chromium.Chromium.MachPortRendezvousServer.19112: Permission denied (1100)
    Call log:
    [2m  - <launching> /Users/pc141/Library/Caches/ms-playwright/chromium_headless_shell-1223/chrome-headless-shell-mac-arm64/chrome-headless-shell --disable-field-trial-config --disable-background-networking --disable-background-timer-throttling --disable-backgrounding-occluded-windows --disable-back-forward-cache --disable-breakpad --disable-client-side-phishing-detection --disable-component-extensions-with-background-pages --disable-component-update --no-default-browser-check --disable-default-apps --disable-dev-shm-usage --disable-edgeupdater --disable-extensions --disable-features=AvoidUnnecessaryBeforeUnloadCheckSync,BoundaryEventDispatchTracksNodeRemoval,DestroyProfileOnBrowserClose,DialMediaRouteProvider,GlobalMediaControls,HttpsUpgrades,LensOverlay,MediaRouter,PaintHolding,ThirdPartyStoragePartitioning,Translate,AutoDeElevate,RenderDocument,OptimizationHints,msForceBrowserSignIn,msEdgeUpdateLaunchServicesPreferredVersion --enable-features=CDPScreenshotNewSurface --allow-pre-commit-input --disable-hang-monitor --disable-ipc-flooding-protection --disable-popup-blocking --disable-prompt-on-repost --disable-renderer-backgrounding --force-color-profile=srgb --metrics-recording-only --no-first-run --password-store=basic --use-mock-keychain --no-service-autorun --export-tagged-pdf --disable-search-engine-choice-screen --unsafely-disable-devtools-self-xss-warnings --edge-skip-compat-layer-relaunch --disable-infobars --disable-search-engine-choice-screen --disable-sync --enable-unsafe-swiftshader --headless --hide-scrollbars --mute-audio --blink-settings=primaryHoverType=2,availableHoverTypes=2,primaryPointerType=4,availablePointerTypes=4 --no-sandbox --user-data-dir=/var/folders/xx/vhn9ccgd6fn1yqgjn398gppw0000gn/T/playwright_chromiumdev_profile-4KsFBX --remote-debugging-pipe --no-startup-window[22m
    [2m  - <launched> pid=19112[22m
    [2m  - [pid=19112][err] [0913/214101.739908:ERROR:base/power_monitor/thermal_state_observer_mac.mm:140] ThermalStateObserverMac unable to register to power notifications. Result: 9[22m
    [2m  - [pid=19112][err] [0913/214101.741443:ERROR:net/dns/dns_config_service_posix.cc:138] DNS config watch failed to start.[22m
    [2m  - [pid=19112][err] [0913/214101.741857:FATAL:base/apple/mach_port_rendezvous_mac.cc:159] Check failed: kr == KERN_SUCCESS. bootstrap_check_in org.chromium.Chromium.MachPortRendezvousServer.19112: Permission denied (1100)[22m
    [2m  - [pid=19112] <gracefully close start>[22m
    [2m  - [pid=19112] <kill>[22m
    [2m  - [pid=19112] <will force kill>[22m
    [2m  - [pid=19112] exception while trying to kill process: Error: kill EPERM[22m
    [2m  - [pid=19112] <process did exit: exitCode=null, signal=SIGTRAP>[22m
    [2m  - [pid=19112] starting temporary directories cleanup[22m
    [2m  - [pid=19112] finished temporary directories cleanup[22m
    [2m  - [pid=19112] <gracefully close end>[22m


    Error Context: test-results/tools-ground-plane-size-to-7b0ce-cts-to-length-and-frequency-chromium/error-context.md

  99) [chromium] › e2e/tools.spec.ts:1273:5 › db family links dBi to dBd and validates the addition checker 

    Error: browserType.launch: Target page, context or browser has been closed
    Browser logs:

    <launching> /Users/pc141/Library/Caches/ms-playwright/chromium_headless_shell-1223/chrome-headless-shell-mac-arm64/chrome-headless-shell --disable-field-trial-config --disable-background-networking --disable-background-timer-throttling --disable-backgrounding-occluded-windows --disable-back-forward-cache --disable-breakpad --disable-client-side-phishing-detection --disable-component-extensions-with-background-pages --disable-component-update --no-default-browser-check --disable-default-apps --disable-dev-shm-usage --disable-edgeupdater --disable-extensions --disable-features=AvoidUnnecessaryBeforeUnloadCheckSync,BoundaryEventDispatchTracksNodeRemoval,DestroyProfileOnBrowserClose,DialMediaRouteProvider,GlobalMediaControls,HttpsUpgrades,LensOverlay,MediaRouter,PaintHolding,ThirdPartyStoragePartitioning,Translate,AutoDeElevate,RenderDocument,OptimizationHints,msForceBrowserSignIn,msEdgeUpdateLaunchServicesPreferredVersion --enable-features=CDPScreenshotNewSurface --allow-pre-commit-input --disable-hang-monitor --disable-ipc-flooding-protection --disable-popup-blocking --disable-prompt-on-repost --disable-renderer-backgrounding --force-color-profile=srgb --metrics-recording-only --no-first-run --password-store=basic --use-mock-keychain --no-service-autorun --export-tagged-pdf --disable-search-engine-choice-screen --unsafely-disable-devtools-self-xss-warnings --edge-skip-compat-layer-relaunch --disable-infobars --disable-search-engine-choice-screen --disable-sync --enable-unsafe-swiftshader --headless --hide-scrollbars --mute-audio --blink-settings=primaryHoverType=2,availableHoverTypes=2,primaryPointerType=4,availablePointerTypes=4 --no-sandbox --user-data-dir=/var/folders/xx/vhn9ccgd6fn1yqgjn398gppw0000gn/T/playwright_chromiumdev_profile-5mONYL --remote-debugging-pipe --no-startup-window
    <launched> pid=19114
    [pid=19114][err] [0913/214101.958505:ERROR:base/power_monitor/thermal_state_observer_mac.mm:140] ThermalStateObserverMac unable to register to power notifications. Result: 9
    [pid=19114][err] [0913/214101.960099:ERROR:net/dns/dns_config_service_posix.cc:138] DNS config watch failed to start.
    [pid=19114][err] [0913/214101.960633:FATAL:base/apple/mach_port_rendezvous_mac.cc:159] Check failed: kr == KERN_SUCCESS. bootstrap_check_in org.chromium.Chromium.MachPortRendezvousServer.19114: Permission denied (1100)
    Call log:
    [2m  - <launching> /Users/pc141/Library/Caches/ms-playwright/chromium_headless_shell-1223/chrome-headless-shell-mac-arm64/chrome-headless-shell --disable-field-trial-config --disable-background-networking --disable-background-timer-throttling --disable-backgrounding-occluded-windows --disable-back-forward-cache --disable-breakpad --disable-client-side-phishing-detection --disable-component-extensions-with-background-pages --disable-component-update --no-default-browser-check --disable-default-apps --disable-dev-shm-usage --disable-edgeupdater --disable-extensions --disable-features=AvoidUnnecessaryBeforeUnloadCheckSync,BoundaryEventDispatchTracksNodeRemoval,DestroyProfileOnBrowserClose,DialMediaRouteProvider,GlobalMediaControls,HttpsUpgrades,LensOverlay,MediaRouter,PaintHolding,ThirdPartyStoragePartitioning,Translate,AutoDeElevate,RenderDocument,OptimizationHints,msForceBrowserSignIn,msEdgeUpdateLaunchServicesPreferredVersion --enable-features=CDPScreenshotNewSurface --allow-pre-commit-input --disable-hang-monitor --disable-ipc-flooding-protection --disable-popup-blocking --disable-prompt-on-repost --disable-renderer-backgrounding --force-color-profile=srgb --metrics-recording-only --no-first-run --password-store=basic --use-mock-keychain --no-service-autorun --export-tagged-pdf --disable-search-engine-choice-screen --unsafely-disable-devtools-self-xss-warnings --edge-skip-compat-layer-relaunch --disable-infobars --disable-search-engine-choice-screen --disable-sync --enable-unsafe-swiftshader --headless --hide-scrollbars --mute-audio --blink-settings=primaryHoverType=2,availableHoverTypes=2,primaryPointerType=4,availablePointerTypes=4 --no-sandbox --user-data-dir=/var/folders/xx/vhn9ccgd6fn1yqgjn398gppw0000gn/T/playwright_chromiumdev_profile-5mONYL --remote-debugging-pipe --no-startup-window[22m
    [2m  - <launched> pid=19114[22m
    [2m  - [pid=19114][err] [0913/214101.958505:ERROR:base/power_monitor/thermal_state_observer_mac.mm:140] ThermalStateObserverMac unable to register to power notifications. Result: 9[22m
    [2m  - [pid=19114][err] [0913/214101.960099:ERROR:net/dns/dns_config_service_posix.cc:138] DNS config watch failed to start.[22m
    [2m  - [pid=19114][err] [0913/214101.960633:FATAL:base/apple/mach_port_rendezvous_mac.cc:159] Check failed: kr == KERN_SUCCESS. bootstrap_check_in org.chromium.Chromium.MachPortRendezvousServer.19114: Permission denied (1100)[22m
    [2m  - [pid=19114] <gracefully close start>[22m
    [2m  - [pid=19114] <kill>[22m
    [2m  - [pid=19114] <will force kill>[22m
    [2m  - [pid=19114] exception while trying to kill process: Error: kill EPERM[22m
    [2m  - [pid=19114] <process did exit: exitCode=null, signal=SIGTRAP>[22m
    [2m  - [pid=19114] starting temporary directories cleanup[22m
    [2m  - [pid=19114] finished temporary directories cleanup[22m
    [2m  - [pid=19114] <gracefully close end>[22m


    Error Context: test-results/tools-db-family-links-dBi--91d59-idates-the-addition-checker-chromium/error-context.md

  100) [chromium] › e2e/tools.spec.ts:1295:5 › cellular band map matches bands to the frequency and reacts to input 

    Error: browserType.launch: Target page, context or browser has been closed
    Browser logs:

    <launching> /Users/pc141/Library/Caches/ms-playwright/chromium_headless_shell-1223/chrome-headless-shell-mac-arm64/chrome-headless-shell --disable-field-trial-config --disable-background-networking --disable-background-timer-throttling --disable-backgrounding-occluded-windows --disable-back-forward-cache --disable-breakpad --disable-client-side-phishing-detection --disable-component-extensions-with-background-pages --disable-component-update --no-default-browser-check --disable-default-apps --disable-dev-shm-usage --disable-edgeupdater --disable-extensions --disable-features=AvoidUnnecessaryBeforeUnloadCheckSync,BoundaryEventDispatchTracksNodeRemoval,DestroyProfileOnBrowserClose,DialMediaRouteProvider,GlobalMediaControls,HttpsUpgrades,LensOverlay,MediaRouter,PaintHolding,ThirdPartyStoragePartitioning,Translate,AutoDeElevate,RenderDocument,OptimizationHints,msForceBrowserSignIn,msEdgeUpdateLaunchServicesPreferredVersion --enable-features=CDPScreenshotNewSurface --allow-pre-commit-input --disable-hang-monitor --disable-ipc-flooding-protection --disable-popup-blocking --disable-prompt-on-repost --disable-renderer-backgrounding --force-color-profile=srgb --metrics-recording-only --no-first-run --password-store=basic --use-mock-keychain --no-service-autorun --export-tagged-pdf --disable-search-engine-choice-screen --unsafely-disable-devtools-self-xss-warnings --edge-skip-compat-layer-relaunch --disable-infobars --disable-search-engine-choice-screen --disable-sync --enable-unsafe-swiftshader --headless --hide-scrollbars --mute-audio --blink-settings=primaryHoverType=2,availableHoverTypes=2,primaryPointerType=4,availablePointerTypes=4 --no-sandbox --user-data-dir=/var/folders/xx/vhn9ccgd6fn1yqgjn398gppw0000gn/T/playwright_chromiumdev_profile-WzPI26 --remote-debugging-pipe --no-startup-window
    <launched> pid=19116
    [pid=19116][err] [0913/214102.180735:ERROR:base/power_monitor/thermal_state_observer_mac.mm:140] ThermalStateObserverMac unable to register to power notifications. Result: 9
    [pid=19116][err] [0913/214102.182449:ERROR:net/dns/dns_config_service_posix.cc:138] DNS config watch failed to start.
    [pid=19116][err] [0913/214102.182785:FATAL:base/apple/mach_port_rendezvous_mac.cc:159] Check failed: kr == KERN_SUCCESS. bootstrap_check_in org.chromium.Chromium.MachPortRendezvousServer.19116: Permission denied (1100)
    Call log:
    [2m  - <launching> /Users/pc141/Library/Caches/ms-playwright/chromium_headless_shell-1223/chrome-headless-shell-mac-arm64/chrome-headless-shell --disable-field-trial-config --disable-background-networking --disable-background-timer-throttling --disable-backgrounding-occluded-windows --disable-back-forward-cache --disable-breakpad --disable-client-side-phishing-detection --disable-component-extensions-with-background-pages --disable-component-update --no-default-browser-check --disable-default-apps --disable-dev-shm-usage --disable-edgeupdater --disable-extensions --disable-features=AvoidUnnecessaryBeforeUnloadCheckSync,BoundaryEventDispatchTracksNodeRemoval,DestroyProfileOnBrowserClose,DialMediaRouteProvider,GlobalMediaControls,HttpsUpgrades,LensOverlay,MediaRouter,PaintHolding,ThirdPartyStoragePartitioning,Translate,AutoDeElevate,RenderDocument,OptimizationHints,msForceBrowserSignIn,msEdgeUpdateLaunchServicesPreferredVersion --enable-features=CDPScreenshotNewSurface --allow-pre-commit-input --disable-hang-monitor --disable-ipc-flooding-protection --disable-popup-blocking --disable-prompt-on-repost --disable-renderer-backgrounding --force-color-profile=srgb --metrics-recording-only --no-first-run --password-store=basic --use-mock-keychain --no-service-autorun --export-tagged-pdf --disable-search-engine-choice-screen --unsafely-disable-devtools-self-xss-warnings --edge-skip-compat-layer-relaunch --disable-infobars --disable-search-engine-choice-screen --disable-sync --enable-unsafe-swiftshader --headless --hide-scrollbars --mute-audio --blink-settings=primaryHoverType=2,availableHoverTypes=2,primaryPointerType=4,availablePointerTypes=4 --no-sandbox --user-data-dir=/var/folders/xx/vhn9ccgd6fn1yqgjn398gppw0000gn/T/playwright_chromiumdev_profile-WzPI26 --remote-debugging-pipe --no-startup-window[22m
    [2m  - <launched> pid=19116[22m
    [2m  - [pid=19116][err] [0913/214102.180735:ERROR:base/power_monitor/thermal_state_observer_mac.mm:140] ThermalStateObserverMac unable to register to power notifications. Result: 9[22m
    [2m  - [pid=19116][err] [0913/214102.182449:ERROR:net/dns/dns_config_service_posix.cc:138] DNS config watch failed to start.[22m
    [2m  - [pid=19116][err] [0913/214102.182785:FATAL:base/apple/mach_port_rendezvous_mac.cc:159] Check failed: kr == KERN_SUCCESS. bootstrap_check_in org.chromium.Chromium.MachPortRendezvousServer.19116: Permission denied (1100)[22m
    [2m  - [pid=19116] <gracefully close start>[22m
    [2m  - [pid=19116] <kill>[22m
    [2m  - [pid=19116] <will force kill>[22m
    [2m  - [pid=19116] exception while trying to kill process: Error: kill EPERM[22m
    [2m  - [pid=19116] <process did exit: exitCode=null, signal=SIGTRAP>[22m
    [2m  - [pid=19116] starting temporary directories cleanup[22m
    [2m  - [pid=19116] finished temporary directories cleanup[22m
    [2m  - [pid=19116] <gracefully close end>[22m


    Error Context: test-results/tools-cellular-band-map-ma-e73f8-equency-and-reacts-to-input-chromium/error-context.md

  101) [chromium] › e2e/tools.spec.ts:1325:5 › cellular band map v3 switches five modes and drills down carrier data 

    Error: browserType.launch: Target page, context or browser has been closed
    Browser logs:

    <launching> /Users/pc141/Library/Caches/ms-playwright/chromium_headless_shell-1223/chrome-headless-shell-mac-arm64/chrome-headless-shell --disable-field-trial-config --disable-background-networking --disable-background-timer-throttling --disable-backgrounding-occluded-windows --disable-back-forward-cache --disable-breakpad --disable-client-side-phishing-detection --disable-component-extensions-with-background-pages --disable-component-update --no-default-browser-check --disable-default-apps --disable-dev-shm-usage --disable-edgeupdater --disable-extensions --disable-features=AvoidUnnecessaryBeforeUnloadCheckSync,BoundaryEventDispatchTracksNodeRemoval,DestroyProfileOnBrowserClose,DialMediaRouteProvider,GlobalMediaControls,HttpsUpgrades,LensOverlay,MediaRouter,PaintHolding,ThirdPartyStoragePartitioning,Translate,AutoDeElevate,RenderDocument,OptimizationHints,msForceBrowserSignIn,msEdgeUpdateLaunchServicesPreferredVersion --enable-features=CDPScreenshotNewSurface --allow-pre-commit-input --disable-hang-monitor --disable-ipc-flooding-protection --disable-popup-blocking --disable-prompt-on-repost --disable-renderer-backgrounding --force-color-profile=srgb --metrics-recording-only --no-first-run --password-store=basic --use-mock-keychain --no-service-autorun --export-tagged-pdf --disable-search-engine-choice-screen --unsafely-disable-devtools-self-xss-warnings --edge-skip-compat-layer-relaunch --disable-infobars --disable-search-engine-choice-screen --disable-sync --enable-unsafe-swiftshader --headless --hide-scrollbars --mute-audio --blink-settings=primaryHoverType=2,availableHoverTypes=2,primaryPointerType=4,availablePointerTypes=4 --no-sandbox --user-data-dir=/var/folders/xx/vhn9ccgd6fn1yqgjn398gppw0000gn/T/playwright_chromiumdev_profile-ldejyW --remote-debugging-pipe --no-startup-window
    <launched> pid=19118
    [pid=19118][err] [0913/214102.402820:ERROR:base/power_monitor/thermal_state_observer_mac.mm:140] ThermalStateObserverMac unable to register to power notifications. Result: 9
    [pid=19118][err] [0913/214102.404629:ERROR:net/dns/dns_config_service_posix.cc:138] DNS config watch failed to start.
    [pid=19118][err] [0913/214102.404963:FATAL:base/apple/mach_port_rendezvous_mac.cc:159] Check failed: kr == KERN_SUCCESS. bootstrap_check_in org.chromium.Chromium.MachPortRendezvousServer.19118: Permission denied (1100)
    Call log:
    [2m  - <launching> /Users/pc141/Library/Caches/ms-playwright/chromium_headless_shell-1223/chrome-headless-shell-mac-arm64/chrome-headless-shell --disable-field-trial-config --disable-background-networking --disable-background-timer-throttling --disable-backgrounding-occluded-windows --disable-back-forward-cache --disable-breakpad --disable-client-side-phishing-detection --disable-component-extensions-with-background-pages --disable-component-update --no-default-browser-check --disable-default-apps --disable-dev-shm-usage --disable-edgeupdater --disable-extensions --disable-features=AvoidUnnecessaryBeforeUnloadCheckSync,BoundaryEventDispatchTracksNodeRemoval,DestroyProfileOnBrowserClose,DialMediaRouteProvider,GlobalMediaControls,HttpsUpgrades,LensOverlay,MediaRouter,PaintHolding,ThirdPartyStoragePartitioning,Translate,AutoDeElevate,RenderDocument,OptimizationHints,msForceBrowserSignIn,msEdgeUpdateLaunchServicesPreferredVersion --enable-features=CDPScreenshotNewSurface --allow-pre-commit-input --disable-hang-monitor --disable-ipc-flooding-protection --disable-popup-blocking --disable-prompt-on-repost --disable-renderer-backgrounding --force-color-profile=srgb --metrics-recording-only --no-first-run --password-store=basic --use-mock-keychain --no-service-autorun --export-tagged-pdf --disable-search-engine-choice-screen --unsafely-disable-devtools-self-xss-warnings --edge-skip-compat-layer-relaunch --disable-infobars --disable-search-engine-choice-screen --disable-sync --enable-unsafe-swiftshader --headless --hide-scrollbars --mute-audio --blink-settings=primaryHoverType=2,availableHoverTypes=2,primaryPointerType=4,availablePointerTypes=4 --no-sandbox --user-data-dir=/var/folders/xx/vhn9ccgd6fn1yqgjn398gppw0000gn/T/playwright_chromiumdev_profile-ldejyW --remote-debugging-pipe --no-startup-window[22m
    [2m  - <launched> pid=19118[22m
    [2m  - [pid=19118][err] [0913/214102.402820:ERROR:base/power_monitor/thermal_state_observer_mac.mm:140] ThermalStateObserverMac unable to register to power notifications. Result: 9[22m
    [2m  - [pid=19118][err] [0913/214102.404629:ERROR:net/dns/dns_config_service_posix.cc:138] DNS config watch failed to start.[22m
    [2m  - [pid=19118][err] [0913/214102.404963:FATAL:base/apple/mach_port_rendezvous_mac.cc:159] Check failed: kr == KERN_SUCCESS. bootstrap_check_in org.chromium.Chromium.MachPortRendezvousServer.19118: Permission denied (1100)[22m
    [2m  - [pid=19118] <gracefully close start>[22m
    [2m  - [pid=19118] <kill>[22m
    [2m  - [pid=19118] <will force kill>[22m
    [2m  - [pid=19118] exception while trying to kill process: Error: kill EPERM[22m
    [2m  - [pid=19118] <process did exit: exitCode=null, signal=SIGTRAP>[22m
    [2m  - [pid=19118] starting temporary directories cleanup[22m
    [2m  - [pid=19118] finished temporary directories cleanup[22m
    [2m  - [pid=19118] <gracefully close end>[22m


    Error Context: test-results/tools-cellular-band-map-v3-12716-nd-drills-down-carrier-data-chromium/error-context.md

  102) [chromium] › e2e/tools.spec.ts:1355:7 › OTA implementation loss / desense analysis › ota-implementation-loss separates desense and reacts to inputs 

    Error: browserType.launch: Target page, context or browser has been closed
    Browser logs:

    <launching> /Users/pc141/Library/Caches/ms-playwright/chromium_headless_shell-1223/chrome-headless-shell-mac-arm64/chrome-headless-shell --disable-field-trial-config --disable-background-networking --disable-background-timer-throttling --disable-backgrounding-occluded-windows --disable-back-forward-cache --disable-breakpad --disable-client-side-phishing-detection --disable-component-extensions-with-background-pages --disable-component-update --no-default-browser-check --disable-default-apps --disable-dev-shm-usage --disable-edgeupdater --disable-extensions --disable-features=AvoidUnnecessaryBeforeUnloadCheckSync,BoundaryEventDispatchTracksNodeRemoval,DestroyProfileOnBrowserClose,DialMediaRouteProvider,GlobalMediaControls,HttpsUpgrades,LensOverlay,MediaRouter,PaintHolding,ThirdPartyStoragePartitioning,Translate,AutoDeElevate,RenderDocument,OptimizationHints,msForceBrowserSignIn,msEdgeUpdateLaunchServicesPreferredVersion --enable-features=CDPScreenshotNewSurface --allow-pre-commit-input --disable-hang-monitor --disable-ipc-flooding-protection --disable-popup-blocking --disable-prompt-on-repost --disable-renderer-backgrounding --force-color-profile=srgb --metrics-recording-only --no-first-run --password-store=basic --use-mock-keychain --no-service-autorun --export-tagged-pdf --disable-search-engine-choice-screen --unsafely-disable-devtools-self-xss-warnings --edge-skip-compat-layer-relaunch --disable-infobars --disable-search-engine-choice-screen --disable-sync --enable-unsafe-swiftshader --headless --hide-scrollbars --mute-audio --blink-settings=primaryHoverType=2,availableHoverTypes=2,primaryPointerType=4,availablePointerTypes=4 --no-sandbox --user-data-dir=/var/folders/xx/vhn9ccgd6fn1yqgjn398gppw0000gn/T/playwright_chromiumdev_profile-VMBfxU --remote-debugging-pipe --no-startup-window
    <launched> pid=19120
    [pid=19120][err] [0913/214102.619334:ERROR:base/power_monitor/thermal_state_observer_mac.mm:140] ThermalStateObserverMac unable to register to power notifications. Result: 9
    [pid=19120][err] [0913/214102.621085:ERROR:net/dns/dns_config_service_posix.cc:138] DNS config watch failed to start.
    [pid=19120][err] [0913/214102.621534:FATAL:base/apple/mach_port_rendezvous_mac.cc:159] Check failed: kr == KERN_SUCCESS. bootstrap_check_in org.chromium.Chromium.MachPortRendezvousServer.19120: Permission denied (1100)
    Call log:
    [2m  - <launching> /Users/pc141/Library/Caches/ms-playwright/chromium_headless_shell-1223/chrome-headless-shell-mac-arm64/chrome-headless-shell --disable-field-trial-config --disable-background-networking --disable-background-timer-throttling --disable-backgrounding-occluded-windows --disable-back-forward-cache --disable-breakpad --disable-client-side-phishing-detection --disable-component-extensions-with-background-pages --disable-component-update --no-default-browser-check --disable-default-apps --disable-dev-shm-usage --disable-edgeupdater --disable-extensions --disable-features=AvoidUnnecessaryBeforeUnloadCheckSync,BoundaryEventDispatchTracksNodeRemoval,DestroyProfileOnBrowserClose,DialMediaRouteProvider,GlobalMediaControls,HttpsUpgrades,LensOverlay,MediaRouter,PaintHolding,ThirdPartyStoragePartitioning,Translate,AutoDeElevate,RenderDocument,OptimizationHints,msForceBrowserSignIn,msEdgeUpdateLaunchServicesPreferredVersion --enable-features=CDPScreenshotNewSurface --allow-pre-commit-input --disable-hang-monitor --disable-ipc-flooding-protection --disable-popup-blocking --disable-prompt-on-repost --disable-renderer-backgrounding --force-color-profile=srgb --metrics-recording-only --no-first-run --password-store=basic --use-mock-keychain --no-service-autorun --export-tagged-pdf --disable-search-engine-choice-screen --unsafely-disable-devtools-self-xss-warnings --edge-skip-compat-layer-relaunch --disable-infobars --disable-search-engine-choice-screen --disable-sync --enable-unsafe-swiftshader --headless --hide-scrollbars --mute-audio --blink-settings=primaryHoverType=2,availableHoverTypes=2,primaryPointerType=4,availablePointerTypes=4 --no-sandbox --user-data-dir=/var/folders/xx/vhn9ccgd6fn1yqgjn398gppw0000gn/T/playwright_chromiumdev_profile-VMBfxU --remote-debugging-pipe --no-startup-window[22m
    [2m  - <launched> pid=19120[22m
    [2m  - [pid=19120][err] [0913/214102.619334:ERROR:base/power_monitor/thermal_state_observer_mac.mm:140] ThermalStateObserverMac unable to register to power notifications. Result: 9[22m
    [2m  - [pid=19120][err] [0913/214102.621085:ERROR:net/dns/dns_config_service_posix.cc:138] DNS config watch failed to start.[22m
    [2m  - [pid=19120][err] [0913/214102.621534:FATAL:base/apple/mach_port_rendezvous_mac.cc:159] Check failed: kr == KERN_SUCCESS. bootstrap_check_in org.chromium.Chromium.MachPortRendezvousServer.19120: Permission denied (1100)[22m
    [2m  - [pid=19120] <gracefully close start>[22m
    [2m  - [pid=19120] <kill>[22m
    [2m  - [pid=19120] <will force kill>[22m
    [2m  - [pid=19120] exception while trying to kill process: Error: kill EPERM[22m
    [2m  - [pid=19120] <process did exit: exitCode=null, signal=SIGTRAP>[22m
    [2m  - [pid=19120] starting temporary directories cleanup[22m
    [2m  - [pid=19120] finished temporary directories cleanup[22m
    [2m  - [pid=19120] <gracefully close end>[22m


    Error Context: test-results/tools-OTA-implementation-l-e4a7d-esense-and-reacts-to-inputs-chromium/error-context.md

  103) [chromium] › e2e/tools.spec.ts:1396:7 › antenna term intuition lab › filters terms and updates two interactive experiences 

    Error: browserType.launch: Target page, context or browser has been closed
    Browser logs:

    <launching> /Users/pc141/Library/Caches/ms-playwright/chromium_headless_shell-1223/chrome-headless-shell-mac-arm64/chrome-headless-shell --disable-field-trial-config --disable-background-networking --disable-background-timer-throttling --disable-backgrounding-occluded-windows --disable-back-forward-cache --disable-breakpad --disable-client-side-phishing-detection --disable-component-extensions-with-background-pages --disable-component-update --no-default-browser-check --disable-default-apps --disable-dev-shm-usage --disable-edgeupdater --disable-extensions --disable-features=AvoidUnnecessaryBeforeUnloadCheckSync,BoundaryEventDispatchTracksNodeRemoval,DestroyProfileOnBrowserClose,DialMediaRouteProvider,GlobalMediaControls,HttpsUpgrades,LensOverlay,MediaRouter,PaintHolding,ThirdPartyStoragePartitioning,Translate,AutoDeElevate,RenderDocument,OptimizationHints,msForceBrowserSignIn,msEdgeUpdateLaunchServicesPreferredVersion --enable-features=CDPScreenshotNewSurface --allow-pre-commit-input --disable-hang-monitor --disable-ipc-flooding-protection --disable-popup-blocking --disable-prompt-on-repost --disable-renderer-backgrounding --force-color-profile=srgb --metrics-recording-only --no-first-run --password-store=basic --use-mock-keychain --no-service-autorun --export-tagged-pdf --disable-search-engine-choice-screen --unsafely-disable-devtools-self-xss-warnings --edge-skip-compat-layer-relaunch --disable-infobars --disable-search-engine-choice-screen --disable-sync --enable-unsafe-swiftshader --headless --hide-scrollbars --mute-audio --blink-settings=primaryHoverType=2,availableHoverTypes=2,primaryPointerType=4,availablePointerTypes=4 --no-sandbox --user-data-dir=/var/folders/xx/vhn9ccgd6fn1yqgjn398gppw0000gn/T/playwright_chromiumdev_profile-gl72Yd --remote-debugging-pipe --no-startup-window
    <launched> pid=19123
    [pid=19123][err] [0913/214102.841886:ERROR:base/power_monitor/thermal_state_observer_mac.mm:140] ThermalStateObserverMac unable to register to power notifications. Result: 9
    [pid=19123][err] [0913/214102.843699:ERROR:net/dns/dns_config_service_posix.cc:138] DNS config watch failed to start.
    [pid=19123][err] [0913/214102.844043:FATAL:base/apple/mach_port_rendezvous_mac.cc:159] Check failed: kr == KERN_SUCCESS. bootstrap_check_in org.chromium.Chromium.MachPortRendezvousServer.19123: Permission denied (1100)
    Call log:
    [2m  - <launching> /Users/pc141/Library/Caches/ms-playwright/chromium_headless_shell-1223/chrome-headless-shell-mac-arm64/chrome-headless-shell --disable-field-trial-config --disable-background-networking --disable-background-timer-throttling --disable-backgrounding-occluded-windows --disable-back-forward-cache --disable-breakpad --disable-client-side-phishing-detection --disable-component-extensions-with-background-pages --disable-component-update --no-default-browser-check --disable-default-apps --disable-dev-shm-usage --disable-edgeupdater --disable-extensions --disable-features=AvoidUnnecessaryBeforeUnloadCheckSync,BoundaryEventDispatchTracksNodeRemoval,DestroyProfileOnBrowserClose,DialMediaRouteProvider,GlobalMediaControls,HttpsUpgrades,LensOverlay,MediaRouter,PaintHolding,ThirdPartyStoragePartitioning,Translate,AutoDeElevate,RenderDocument,OptimizationHints,msForceBrowserSignIn,msEdgeUpdateLaunchServicesPreferredVersion --enable-features=CDPScreenshotNewSurface --allow-pre-commit-input --disable-hang-monitor --disable-ipc-flooding-protection --disable-popup-blocking --disable-prompt-on-repost --disable-renderer-backgrounding --force-color-profile=srgb --metrics-recording-only --no-first-run --password-store=basic --use-mock-keychain --no-service-autorun --export-tagged-pdf --disable-search-engine-choice-screen --unsafely-disable-devtools-self-xss-warnings --edge-skip-compat-layer-relaunch --disable-infobars --disable-search-engine-choice-screen --disable-sync --enable-unsafe-swiftshader --headless --hide-scrollbars --mute-audio --blink-settings=primaryHoverType=2,availableHoverTypes=2,primaryPointerType=4,availablePointerTypes=4 --no-sandbox --user-data-dir=/var/folders/xx/vhn9ccgd6fn1yqgjn398gppw0000gn/T/playwright_chromiumdev_profile-gl72Yd --remote-debugging-pipe --no-startup-window[22m
    [2m  - <launched> pid=19123[22m
    [2m  - [pid=19123][err] [0913/214102.841886:ERROR:base/power_monitor/thermal_state_observer_mac.mm:140] ThermalStateObserverMac unable to register to power notifications. Result: 9[22m
    [2m  - [pid=19123][err] [0913/214102.843699:ERROR:net/dns/dns_config_service_posix.cc:138] DNS config watch failed to start.[22m
    [2m  - [pid=19123][err] [0913/214102.844043:FATAL:base/apple/mach_port_rendezvous_mac.cc:159] Check failed: kr == KERN_SUCCESS. bootstrap_check_in org.chromium.Chromium.MachPortRendezvousServer.19123: Permission denied (1100)[22m
    [2m  - [pid=19123] <gracefully close start>[22m
    [2m  - [pid=19123] <kill>[22m
    [2m  - [pid=19123] <will force kill>[22m
    [2m  - [pid=19123] exception while trying to kill process: Error: kill EPERM[22m
    [2m  - [pid=19123] <process did exit: exitCode=null, signal=SIGTRAP>[22m
    [2m  - [pid=19123] starting temporary directories cleanup[22m
    [2m  - [pid=19123] finished temporary directories cleanup[22m
    [2m  - [pid=19123] <gracefully close end>[22m


    Error Context: test-results/tools-antenna-term-intuiti-e6cc7-two-interactive-experiences-chromium/error-context.md

  104) [chromium] › e2e/tools.spec.ts:1421:7 › antenna term intuition lab › persists progress and exposes the related calculator link 

    Error: browserType.launch: Target page, context or browser has been closed
    Browser logs:

    <launching> /Users/pc141/Library/Caches/ms-playwright/chromium_headless_shell-1223/chrome-headless-shell-mac-arm64/chrome-headless-shell --disable-field-trial-config --disable-background-networking --disable-background-timer-throttling --disable-backgrounding-occluded-windows --disable-back-forward-cache --disable-breakpad --disable-client-side-phishing-detection --disable-component-extensions-with-background-pages --disable-component-update --no-default-browser-check --disable-default-apps --disable-dev-shm-usage --disable-edgeupdater --disable-extensions --disable-features=AvoidUnnecessaryBeforeUnloadCheckSync,BoundaryEventDispatchTracksNodeRemoval,DestroyProfileOnBrowserClose,DialMediaRouteProvider,GlobalMediaControls,HttpsUpgrades,LensOverlay,MediaRouter,PaintHolding,ThirdPartyStoragePartitioning,Translate,AutoDeElevate,RenderDocument,OptimizationHints,msForceBrowserSignIn,msEdgeUpdateLaunchServicesPreferredVersion --enable-features=CDPScreenshotNewSurface --allow-pre-commit-input --disable-hang-monitor --disable-ipc-flooding-protection --disable-popup-blocking --disable-prompt-on-repost --disable-renderer-backgrounding --force-color-profile=srgb --metrics-recording-only --no-first-run --password-store=basic --use-mock-keychain --no-service-autorun --export-tagged-pdf --disable-search-engine-choice-screen --unsafely-disable-devtools-self-xss-warnings --edge-skip-compat-layer-relaunch --disable-infobars --disable-search-engine-choice-screen --disable-sync --enable-unsafe-swiftshader --headless --hide-scrollbars --mute-audio --blink-settings=primaryHoverType=2,availableHoverTypes=2,primaryPointerType=4,availablePointerTypes=4 --no-sandbox --user-data-dir=/var/folders/xx/vhn9ccgd6fn1yqgjn398gppw0000gn/T/playwright_chromiumdev_profile-LSxavM --remote-debugging-pipe --no-startup-window
    <launched> pid=19125
    [pid=19125][err] [0913/214103.067026:ERROR:base/power_monitor/thermal_state_observer_mac.mm:140] ThermalStateObserverMac unable to register to power notifications. Result: 9
    [pid=19125][err] [0913/214103.069482:ERROR:net/dns/dns_config_service_posix.cc:138] DNS config watch failed to start.
    [pid=19125][err] [0913/214103.070129:FATAL:base/apple/mach_port_rendezvous_mac.cc:159] Check failed: kr == KERN_SUCCESS. bootstrap_check_in org.chromium.Chromium.MachPortRendezvousServer.19125: Permission denied (1100)
    Call log:
    [2m  - <launching> /Users/pc141/Library/Caches/ms-playwright/chromium_headless_shell-1223/chrome-headless-shell-mac-arm64/chrome-headless-shell --disable-field-trial-config --disable-background-networking --disable-background-timer-throttling --disable-backgrounding-occluded-windows --disable-back-forward-cache --disable-breakpad --disable-client-side-phishing-detection --disable-component-extensions-with-background-pages --disable-component-update --no-default-browser-check --disable-default-apps --disable-dev-shm-usage --disable-edgeupdater --disable-extensions --disable-features=AvoidUnnecessaryBeforeUnloadCheckSync,BoundaryEventDispatchTracksNodeRemoval,DestroyProfileOnBrowserClose,DialMediaRouteProvider,GlobalMediaControls,HttpsUpgrades,LensOverlay,MediaRouter,PaintHolding,ThirdPartyStoragePartitioning,Translate,AutoDeElevate,RenderDocument,OptimizationHints,msForceBrowserSignIn,msEdgeUpdateLaunchServicesPreferredVersion --enable-features=CDPScreenshotNewSurface --allow-pre-commit-input --disable-hang-monitor --disable-ipc-flooding-protection --disable-popup-blocking --disable-prompt-on-repost --disable-renderer-backgrounding --force-color-profile=srgb --metrics-recording-only --no-first-run --password-store=basic --use-mock-keychain --no-service-autorun --export-tagged-pdf --disable-search-engine-choice-screen --unsafely-disable-devtools-self-xss-warnings --edge-skip-compat-layer-relaunch --disable-infobars --disable-search-engine-choice-screen --disable-sync --enable-unsafe-swiftshader --headless --hide-scrollbars --mute-audio --blink-settings=primaryHoverType=2,availableHoverTypes=2,primaryPointerType=4,availablePointerTypes=4 --no-sandbox --user-data-dir=/var/folders/xx/vhn9ccgd6fn1yqgjn398gppw0000gn/T/playwright_chromiumdev_profile-LSxavM --remote-debugging-pipe --no-startup-window[22m
    [2m  - <launched> pid=19125[22m
    [2m  - [pid=19125][err] [0913/214103.067026:ERROR:base/power_monitor/thermal_state_observer_mac.mm:140] ThermalStateObserverMac unable to register to power notifications. Result: 9[22m
    [2m  - [pid=19125][err] [0913/214103.069482:ERROR:net/dns/dns_config_service_posix.cc:138] DNS config watch failed to start.[22m
    [2m  - [pid=19125][err] [0913/214103.070129:FATAL:base/apple/mach_port_rendezvous_mac.cc:159] Check failed: kr == KERN_SUCCESS. bootstrap_check_in org.chromium.Chromium.MachPortRendezvousServer.19125: Permission denied (1100)[22m
    [2m  - [pid=19125] <gracefully close start>[22m
    [2m  - [pid=19125] <kill>[22m
    [2m  - [pid=19125] <will force kill>[22m
    [2m  - [pid=19125] exception while trying to kill process: Error: kill EPERM[22m
    [2m  - [pid=19125] <process did exit: exitCode=null, signal=SIGTRAP>[22m
    [2m  - [pid=19125] starting temporary directories cleanup[22m
    [2m  - [pid=19125] finished temporary directories cleanup[22m
    [2m  - [pid=19125] <gracefully close end>[22m


    Error Context: test-results/tools-antenna-term-intuiti-d19d1-the-related-calculator-link-chromium/error-context.md

  105) [chromium] › e2e/tools.spec.ts:1435:7 › OTA expert workflow › finds B8 harmonics, judges targets, and translates range impact 

    Error: browserType.launch: Target page, context or browser has been closed
    Browser logs:

    <launching> /Users/pc141/Library/Caches/ms-playwright/chromium_headless_shell-1223/chrome-headless-shell-mac-arm64/chrome-headless-shell --disable-field-trial-config --disable-background-networking --disable-background-timer-throttling --disable-backgrounding-occluded-windows --disable-back-forward-cache --disable-breakpad --disable-client-side-phishing-detection --disable-component-extensions-with-background-pages --disable-component-update --no-default-browser-check --disable-default-apps --disable-dev-shm-usage --disable-edgeupdater --disable-extensions --disable-features=AvoidUnnecessaryBeforeUnloadCheckSync,BoundaryEventDispatchTracksNodeRemoval,DestroyProfileOnBrowserClose,DialMediaRouteProvider,GlobalMediaControls,HttpsUpgrades,LensOverlay,MediaRouter,PaintHolding,ThirdPartyStoragePartitioning,Translate,AutoDeElevate,RenderDocument,OptimizationHints,msForceBrowserSignIn,msEdgeUpdateLaunchServicesPreferredVersion --enable-features=CDPScreenshotNewSurface --allow-pre-commit-input --disable-hang-monitor --disable-ipc-flooding-protection --disable-popup-blocking --disable-prompt-on-repost --disable-renderer-backgrounding --force-color-profile=srgb --metrics-recording-only --no-first-run --password-store=basic --use-mock-keychain --no-service-autorun --export-tagged-pdf --disable-search-engine-choice-screen --unsafely-disable-devtools-self-xss-warnings --edge-skip-compat-layer-relaunch --disable-infobars --disable-search-engine-choice-screen --disable-sync --enable-unsafe-swiftshader --headless --hide-scrollbars --mute-audio --blink-settings=primaryHoverType=2,availableHoverTypes=2,primaryPointerType=4,availablePointerTypes=4 --no-sandbox --user-data-dir=/var/folders/xx/vhn9ccgd6fn1yqgjn398gppw0000gn/T/playwright_chromiumdev_profile-dA5byL --remote-debugging-pipe --no-startup-window
    <launched> pid=19127
    [pid=19127][err] [0913/214103.291365:ERROR:base/power_monitor/thermal_state_observer_mac.mm:140] ThermalStateObserverMac unable to register to power notifications. Result: 9
    [pid=19127][err] [0913/214103.292893:ERROR:net/dns/dns_config_service_posix.cc:138] DNS config watch failed to start.
    [pid=19127][err] [0913/214103.293267:FATAL:base/apple/mach_port_rendezvous_mac.cc:159] Check failed: kr == KERN_SUCCESS. bootstrap_check_in org.chromium.Chromium.MachPortRendezvousServer.19127: Permission denied (1100)
    Call log:
    [2m  - <launching> /Users/pc141/Library/Caches/ms-playwright/chromium_headless_shell-1223/chrome-headless-shell-mac-arm64/chrome-headless-shell --disable-field-trial-config --disable-background-networking --disable-background-timer-throttling --disable-backgrounding-occluded-windows --disable-back-forward-cache --disable-breakpad --disable-client-side-phishing-detection --disable-component-extensions-with-background-pages --disable-component-update --no-default-browser-check --disable-default-apps --disable-dev-shm-usage --disable-edgeupdater --disable-extensions --disable-features=AvoidUnnecessaryBeforeUnloadCheckSync,BoundaryEventDispatchTracksNodeRemoval,DestroyProfileOnBrowserClose,DialMediaRouteProvider,GlobalMediaControls,HttpsUpgrades,LensOverlay,MediaRouter,PaintHolding,ThirdPartyStoragePartitioning,Translate,AutoDeElevate,RenderDocument,OptimizationHints,msForceBrowserSignIn,msEdgeUpdateLaunchServicesPreferredVersion --enable-features=CDPScreenshotNewSurface --allow-pre-commit-input --disable-hang-monitor --disable-ipc-flooding-protection --disable-popup-blocking --disable-prompt-on-repost --disable-renderer-backgrounding --force-color-profile=srgb --metrics-recording-only --no-first-run --password-store=basic --use-mock-keychain --no-service-autorun --export-tagged-pdf --disable-search-engine-choice-screen --unsafely-disable-devtools-self-xss-warnings --edge-skip-compat-layer-relaunch --disable-infobars --disable-search-engine-choice-screen --disable-sync --enable-unsafe-swiftshader --headless --hide-scrollbars --mute-audio --blink-settings=primaryHoverType=2,availableHoverTypes=2,primaryPointerType=4,availablePointerTypes=4 --no-sandbox --user-data-dir=/var/folders/xx/vhn9ccgd6fn1yqgjn398gppw0000gn/T/playwright_chromiumdev_profile-dA5byL --remote-debugging-pipe --no-startup-window[22m
    [2m  - <launched> pid=19127[22m
    [2m  - [pid=19127][err] [0913/214103.291365:ERROR:base/power_monitor/thermal_state_observer_mac.mm:140] ThermalStateObserverMac unable to register to power notifications. Result: 9[22m
    [2m  - [pid=19127][err] [0913/214103.292893:ERROR:net/dns/dns_config_service_posix.cc:138] DNS config watch failed to start.[22m
    [2m  - [pid=19127][err] [0913/214103.293267:FATAL:base/apple/mach_port_rendezvous_mac.cc:159] Check failed: kr == KERN_SUCCESS. bootstrap_check_in org.chromium.Chromium.MachPortRendezvousServer.19127: Permission denied (1100)[22m
    [2m  - [pid=19127] <gracefully close start>[22m
    [2m  - [pid=19127] <kill>[22m
    [2m  - [pid=19127] <will force kill>[22m
    [2m  - [pid=19127] exception while trying to kill process: Error: kill EPERM[22m
    [2m  - [pid=19127] <process did exit: exitCode=null, signal=SIGTRAP>[22m
    [2m  - [pid=19127] starting temporary directories cleanup[22m
    [2m  - [pid=19127] finished temporary directories cleanup[22m
    [2m  - [pid=19127] <gracefully close end>[22m


    Error Context: test-results/tools-OTA-expert-workflow--dbee8-and-translates-range-impact-chromium/error-context.md

  106) [chromium] › e2e/tools.spec.ts:1449:7 › OTA expert workflow › imports six Excel columns and reports invalid rows 

    Error: browserType.launch: Target page, context or browser has been closed
    Browser logs:

    <launching> /Users/pc141/Library/Caches/ms-playwright/chromium_headless_shell-1223/chrome-headless-shell-mac-arm64/chrome-headless-shell --disable-field-trial-config --disable-background-networking --disable-background-timer-throttling --disable-backgrounding-occluded-windows --disable-back-forward-cache --disable-breakpad --disable-client-side-phishing-detection --disable-component-extensions-with-background-pages --disable-component-update --no-default-browser-check --disable-default-apps --disable-dev-shm-usage --disable-edgeupdater --disable-extensions --disable-features=AvoidUnnecessaryBeforeUnloadCheckSync,BoundaryEventDispatchTracksNodeRemoval,DestroyProfileOnBrowserClose,DialMediaRouteProvider,GlobalMediaControls,HttpsUpgrades,LensOverlay,MediaRouter,PaintHolding,ThirdPartyStoragePartitioning,Translate,AutoDeElevate,RenderDocument,OptimizationHints,msForceBrowserSignIn,msEdgeUpdateLaunchServicesPreferredVersion --enable-features=CDPScreenshotNewSurface --allow-pre-commit-input --disable-hang-monitor --disable-ipc-flooding-protection --disable-popup-blocking --disable-prompt-on-repost --disable-renderer-backgrounding --force-color-profile=srgb --metrics-recording-only --no-first-run --password-store=basic --use-mock-keychain --no-service-autorun --export-tagged-pdf --disable-search-engine-choice-screen --unsafely-disable-devtools-self-xss-warnings --edge-skip-compat-layer-relaunch --disable-infobars --disable-search-engine-choice-screen --disable-sync --enable-unsafe-swiftshader --headless --hide-scrollbars --mute-audio --blink-settings=primaryHoverType=2,availableHoverTypes=2,primaryPointerType=4,availablePointerTypes=4 --no-sandbox --user-data-dir=/var/folders/xx/vhn9ccgd6fn1yqgjn398gppw0000gn/T/playwright_chromiumdev_profile-xCpvXu --remote-debugging-pipe --no-startup-window
    <launched> pid=19129
    [pid=19129][err] [0913/214103.501840:ERROR:base/power_monitor/thermal_state_observer_mac.mm:140] ThermalStateObserverMac unable to register to power notifications. Result: 9
    [pid=19129][err] [0913/214103.503947:ERROR:net/dns/dns_config_service_posix.cc:138] DNS config watch failed to start.
    [pid=19129][err] [0913/214103.504379:FATAL:base/apple/mach_port_rendezvous_mac.cc:159] Check failed: kr == KERN_SUCCESS. bootstrap_check_in org.chromium.Chromium.MachPortRendezvousServer.19129: Permission denied (1100)
    Call log:
    [2m  - <launching> /Users/pc141/Library/Caches/ms-playwright/chromium_headless_shell-1223/chrome-headless-shell-mac-arm64/chrome-headless-shell --disable-field-trial-config --disable-background-networking --disable-background-timer-throttling --disable-backgrounding-occluded-windows --disable-back-forward-cache --disable-breakpad --disable-client-side-phishing-detection --disable-component-extensions-with-background-pages --disable-component-update --no-default-browser-check --disable-default-apps --disable-dev-shm-usage --disable-edgeupdater --disable-extensions --disable-features=AvoidUnnecessaryBeforeUnloadCheckSync,BoundaryEventDispatchTracksNodeRemoval,DestroyProfileOnBrowserClose,DialMediaRouteProvider,GlobalMediaControls,HttpsUpgrades,LensOverlay,MediaRouter,PaintHolding,ThirdPartyStoragePartitioning,Translate,AutoDeElevate,RenderDocument,OptimizationHints,msForceBrowserSignIn,msEdgeUpdateLaunchServicesPreferredVersion --enable-features=CDPScreenshotNewSurface --allow-pre-commit-input --disable-hang-monitor --disable-ipc-flooding-protection --disable-popup-blocking --disable-prompt-on-repost --disable-renderer-backgrounding --force-color-profile=srgb --metrics-recording-only --no-first-run --password-store=basic --use-mock-keychain --no-service-autorun --export-tagged-pdf --disable-search-engine-choice-screen --unsafely-disable-devtools-self-xss-warnings --edge-skip-compat-layer-relaunch --disable-infobars --disable-search-engine-choice-screen --disable-sync --enable-unsafe-swiftshader --headless --hide-scrollbars --mute-audio --blink-settings=primaryHoverType=2,availableHoverTypes=2,primaryPointerType=4,availablePointerTypes=4 --no-sandbox --user-data-dir=/var/folders/xx/vhn9ccgd6fn1yqgjn398gppw0000gn/T/playwright_chromiumdev_profile-xCpvXu --remote-debugging-pipe --no-startup-window[22m
    [2m  - <launched> pid=19129[22m
    [2m  - [pid=19129][err] [0913/214103.501840:ERROR:base/power_monitor/thermal_state_observer_mac.mm:140] ThermalStateObserverMac unable to register to power notifications. Result: 9[22m
    [2m  - [pid=19129][err] [0913/214103.503947:ERROR:net/dns/dns_config_service_posix.cc:138] DNS config watch failed to start.[22m
    [2m  - [pid=19129][err] [0913/214103.504379:FATAL:base/apple/mach_port_rendezvous_mac.cc:159] Check failed: kr == KERN_SUCCESS. bootstrap_check_in org.chromium.Chromium.MachPortRendezvousServer.19129: Permission denied (1100)[22m
    [2m  - [pid=19129] <gracefully close start>[22m
    [2m  - [pid=19129] <kill>[22m
    [2m  - [pid=19129] <will force kill>[22m
    [2m  - [pid=19129] exception while trying to kill process: Error: kill EPERM[22m
    [2m  - [pid=19129] <process did exit: exitCode=null, signal=SIGTRAP>[22m
    [2m  - [pid=19129] starting temporary directories cleanup[22m
    [2m  - [pid=19129] finished temporary directories cleanup[22m
    [2m  - [pid=19129] <gracefully close end>[22m


    Error Context: test-results/tools-OTA-expert-workflow--18603-ns-and-reports-invalid-rows-chromium/error-context.md

  107) [chromium] › e2e/tools.spec.ts:1465:5 › radiation efficiency converts percent, dB, range, and highlights guidance 

    Error: browserType.launch: Target page, context or browser has been closed
    Browser logs:

    <launching> /Users/pc141/Library/Caches/ms-playwright/chromium_headless_shell-1223/chrome-headless-shell-mac-arm64/chrome-headless-shell --disable-field-trial-config --disable-background-networking --disable-background-timer-throttling --disable-backgrounding-occluded-windows --disable-back-forward-cache --disable-breakpad --disable-client-side-phishing-detection --disable-component-extensions-with-background-pages --disable-component-update --no-default-browser-check --disable-default-apps --disable-dev-shm-usage --disable-edgeupdater --disable-extensions --disable-features=AvoidUnnecessaryBeforeUnloadCheckSync,BoundaryEventDispatchTracksNodeRemoval,DestroyProfileOnBrowserClose,DialMediaRouteProvider,GlobalMediaControls,HttpsUpgrades,LensOverlay,MediaRouter,PaintHolding,ThirdPartyStoragePartitioning,Translate,AutoDeElevate,RenderDocument,OptimizationHints,msForceBrowserSignIn,msEdgeUpdateLaunchServicesPreferredVersion --enable-features=CDPScreenshotNewSurface --allow-pre-commit-input --disable-hang-monitor --disable-ipc-flooding-protection --disable-popup-blocking --disable-prompt-on-repost --disable-renderer-backgrounding --force-color-profile=srgb --metrics-recording-only --no-first-run --password-store=basic --use-mock-keychain --no-service-autorun --export-tagged-pdf --disable-search-engine-choice-screen --unsafely-disable-devtools-self-xss-warnings --edge-skip-compat-layer-relaunch --disable-infobars --disable-search-engine-choice-screen --disable-sync --enable-unsafe-swiftshader --headless --hide-scrollbars --mute-audio --blink-settings=primaryHoverType=2,availableHoverTypes=2,primaryPointerType=4,availablePointerTypes=4 --no-sandbox --user-data-dir=/var/folders/xx/vhn9ccgd6fn1yqgjn398gppw0000gn/T/playwright_chromiumdev_profile-SsfoKp --remote-debugging-pipe --no-startup-window
    <launched> pid=19132
    [pid=19132][err] [0913/214103.722598:ERROR:base/power_monitor/thermal_state_observer_mac.mm:140] ThermalStateObserverMac unable to register to power notifications. Result: 9
    [pid=19132][err] [0913/214103.724286:ERROR:net/dns/dns_config_service_posix.cc:138] DNS config watch failed to start.
    [pid=19132][err] [0913/214103.724661:FATAL:base/apple/mach_port_rendezvous_mac.cc:159] Check failed: kr == KERN_SUCCESS. bootstrap_check_in org.chromium.Chromium.MachPortRendezvousServer.19132: Permission denied (1100)
    Call log:
    [2m  - <launching> /Users/pc141/Library/Caches/ms-playwright/chromium_headless_shell-1223/chrome-headless-shell-mac-arm64/chrome-headless-shell --disable-field-trial-config --disable-background-networking --disable-background-timer-throttling --disable-backgrounding-occluded-windows --disable-back-forward-cache --disable-breakpad --disable-client-side-phishing-detection --disable-component-extensions-with-background-pages --disable-component-update --no-default-browser-check --disable-default-apps --disable-dev-shm-usage --disable-edgeupdater --disable-extensions --disable-features=AvoidUnnecessaryBeforeUnloadCheckSync,BoundaryEventDispatchTracksNodeRemoval,DestroyProfileOnBrowserClose,DialMediaRouteProvider,GlobalMediaControls,HttpsUpgrades,LensOverlay,MediaRouter,PaintHolding,ThirdPartyStoragePartitioning,Translate,AutoDeElevate,RenderDocument,OptimizationHints,msForceBrowserSignIn,msEdgeUpdateLaunchServicesPreferredVersion --enable-features=CDPScreenshotNewSurface --allow-pre-commit-input --disable-hang-monitor --disable-ipc-flooding-protection --disable-popup-blocking --disable-prompt-on-repost --disable-renderer-backgrounding --force-color-profile=srgb --metrics-recording-only --no-first-run --password-store=basic --use-mock-keychain --no-service-autorun --export-tagged-pdf --disable-search-engine-choice-screen --unsafely-disable-devtools-self-xss-warnings --edge-skip-compat-layer-relaunch --disable-infobars --disable-search-engine-choice-screen --disable-sync --enable-unsafe-swiftshader --headless --hide-scrollbars --mute-audio --blink-settings=primaryHoverType=2,availableHoverTypes=2,primaryPointerType=4,availablePointerTypes=4 --no-sandbox --user-data-dir=/var/folders/xx/vhn9ccgd6fn1yqgjn398gppw0000gn/T/playwright_chromiumdev_profile-SsfoKp --remote-debugging-pipe --no-startup-window[22m
    [2m  - <launched> pid=19132[22m
    [2m  - [pid=19132][err] [0913/214103.722598:ERROR:base/power_monitor/thermal_state_observer_mac.mm:140] ThermalStateObserverMac unable to register to power notifications. Result: 9[22m
    [2m  - [pid=19132][err] [0913/214103.724286:ERROR:net/dns/dns_config_service_posix.cc:138] DNS config watch failed to start.[22m
    [2m  - [pid=19132][err] [0913/214103.724661:FATAL:base/apple/mach_port_rendezvous_mac.cc:159] Check failed: kr == KERN_SUCCESS. bootstrap_check_in org.chromium.Chromium.MachPortRendezvousServer.19132: Permission denied (1100)[22m
    [2m  - [pid=19132] <gracefully close start>[22m
    [2m  - [pid=19132] <kill>[22m
    [2m  - [pid=19132] <will force kill>[22m
    [2m  - [pid=19132] exception while trying to kill process: Error: kill EPERM[22m
    [2m  - [pid=19132] <process did exit: exitCode=null, signal=SIGTRAP>[22m
    [2m  - [pid=19132] starting temporary directories cleanup[22m
    [2m  - [pid=19132] finished temporary directories cleanup[22m
    [2m  - [pid=19132] <gracefully close end>[22m


    Error Context: test-results/tools-radiation-efficiency-2f70e-nge-and-highlights-guidance-chromium/error-context.md

  108) [chromium] › e2e/tools.spec.ts:1479:5 › patch HPBW connects half-power boundary, gain, coverage, and catalog orientation 

    Error: browserType.launch: Target page, context or browser has been closed
    Browser logs:

    <launching> /Users/pc141/Library/Caches/ms-playwright/chromium_headless_shell-1223/chrome-headless-shell-mac-arm64/chrome-headless-shell --disable-field-trial-config --disable-background-networking --disable-background-timer-throttling --disable-backgrounding-occluded-windows --disable-back-forward-cache --disable-breakpad --disable-client-side-phishing-detection --disable-component-extensions-with-background-pages --disable-component-update --no-default-browser-check --disable-default-apps --disable-dev-shm-usage --disable-edgeupdater --disable-extensions --disable-features=AvoidUnnecessaryBeforeUnloadCheckSync,BoundaryEventDispatchTracksNodeRemoval,DestroyProfileOnBrowserClose,DialMediaRouteProvider,GlobalMediaControls,HttpsUpgrades,LensOverlay,MediaRouter,PaintHolding,ThirdPartyStoragePartitioning,Translate,AutoDeElevate,RenderDocument,OptimizationHints,msForceBrowserSignIn,msEdgeUpdateLaunchServicesPreferredVersion --enable-features=CDPScreenshotNewSurface --allow-pre-commit-input --disable-hang-monitor --disable-ipc-flooding-protection --disable-popup-blocking --disable-prompt-on-repost --disable-renderer-backgrounding --force-color-profile=srgb --metrics-recording-only --no-first-run --password-store=basic --use-mock-keychain --no-service-autorun --export-tagged-pdf --disable-search-engine-choice-screen --unsafely-disable-devtools-self-xss-warnings --edge-skip-compat-layer-relaunch --disable-infobars --disable-search-engine-choice-screen --disable-sync --enable-unsafe-swiftshader --headless --hide-scrollbars --mute-audio --blink-settings=primaryHoverType=2,availableHoverTypes=2,primaryPointerType=4,availablePointerTypes=4 --no-sandbox --user-data-dir=/var/folders/xx/vhn9ccgd6fn1yqgjn398gppw0000gn/T/playwright_chromiumdev_profile-kQWBTQ --remote-debugging-pipe --no-startup-window
    <launched> pid=19134
    [pid=19134][err] [0913/214103.945814:ERROR:base/power_monitor/thermal_state_observer_mac.mm:140] ThermalStateObserverMac unable to register to power notifications. Result: 9
    [pid=19134][err] [0913/214103.947425:ERROR:net/dns/dns_config_service_posix.cc:138] DNS config watch failed to start.
    [pid=19134][err] [0913/214103.947755:FATAL:base/apple/mach_port_rendezvous_mac.cc:159] Check failed: kr == KERN_SUCCESS. bootstrap_check_in org.chromium.Chromium.MachPortRendezvousServer.19134: Permission denied (1100)
    Call log:
    [2m  - <launching> /Users/pc141/Library/Caches/ms-playwright/chromium_headless_shell-1223/chrome-headless-shell-mac-arm64/chrome-headless-shell --disable-field-trial-config --disable-background-networking --disable-background-timer-throttling --disable-backgrounding-occluded-windows --disable-back-forward-cache --disable-breakpad --disable-client-side-phishing-detection --disable-component-extensions-with-background-pages --disable-component-update --no-default-browser-check --disable-default-apps --disable-dev-shm-usage --disable-edgeupdater --disable-extensions --disable-features=AvoidUnnecessaryBeforeUnloadCheckSync,BoundaryEventDispatchTracksNodeRemoval,DestroyProfileOnBrowserClose,DialMediaRouteProvider,GlobalMediaControls,HttpsUpgrades,LensOverlay,MediaRouter,PaintHolding,ThirdPartyStoragePartitioning,Translate,AutoDeElevate,RenderDocument,OptimizationHints,msForceBrowserSignIn,msEdgeUpdateLaunchServicesPreferredVersion --enable-features=CDPScreenshotNewSurface --allow-pre-commit-input --disable-hang-monitor --disable-ipc-flooding-protection --disable-popup-blocking --disable-prompt-on-repost --disable-renderer-backgrounding --force-color-profile=srgb --metrics-recording-only --no-first-run --password-store=basic --use-mock-keychain --no-service-autorun --export-tagged-pdf --disable-search-engine-choice-screen --unsafely-disable-devtools-self-xss-warnings --edge-skip-compat-layer-relaunch --disable-infobars --disable-search-engine-choice-screen --disable-sync --enable-unsafe-swiftshader --headless --hide-scrollbars --mute-audio --blink-settings=primaryHoverType=2,availableHoverTypes=2,primaryPointerType=4,availablePointerTypes=4 --no-sandbox --user-data-dir=/var/folders/xx/vhn9ccgd6fn1yqgjn398gppw0000gn/T/playwright_chromiumdev_profile-kQWBTQ --remote-debugging-pipe --no-startup-window[22m
    [2m  - <launched> pid=19134[22m
    [2m  - [pid=19134][err] [0913/214103.945814:ERROR:base/power_monitor/thermal_state_observer_mac.mm:140] ThermalStateObserverMac unable to register to power notifications. Result: 9[22m
    [2m  - [pid=19134][err] [0913/214103.947425:ERROR:net/dns/dns_config_service_posix.cc:138] DNS config watch failed to start.[22m
    [2m  - [pid=19134][err] [0913/214103.947755:FATAL:base/apple/mach_port_rendezvous_mac.cc:159] Check failed: kr == KERN_SUCCESS. bootstrap_check_in org.chromium.Chromium.MachPortRendezvousServer.19134: Permission denied (1100)[22m
    [2m  - [pid=19134] <gracefully close start>[22m
    [2m  - [pid=19134] <kill>[22m
    [2m  - [pid=19134] <will force kill>[22m
    [2m  - [pid=19134] exception while trying to kill process: Error: kill EPERM[22m
    [2m  - [pid=19134] <process did exit: exitCode=null, signal=SIGTRAP>[22m
    [2m  - [pid=19134] starting temporary directories cleanup[22m
    [2m  - [pid=19134] finished temporary directories cleanup[22m
    [2m  - [pid=19134] <gracefully close end>[22m


    Error Context: test-results/tools-patch-HPBW-connects--cb506-age-and-catalog-orientation-chromium/error-context.md

  109) [chromium] › e2e/tools.spec.ts:1505:5 › diffraction shadow compares bands and reacts to inputs 

    Error: browserType.launch: Target page, context or browser has been closed
    Browser logs:

    <launching> /Users/pc141/Library/Caches/ms-playwright/chromium_headless_shell-1223/chrome-headless-shell-mac-arm64/chrome-headless-shell --disable-field-trial-config --disable-background-networking --disable-background-timer-throttling --disable-backgrounding-occluded-windows --disable-back-forward-cache --disable-breakpad --disable-client-side-phishing-detection --disable-component-extensions-with-background-pages --disable-component-update --no-default-browser-check --disable-default-apps --disable-dev-shm-usage --disable-edgeupdater --disable-extensions --disable-features=AvoidUnnecessaryBeforeUnloadCheckSync,BoundaryEventDispatchTracksNodeRemoval,DestroyProfileOnBrowserClose,DialMediaRouteProvider,GlobalMediaControls,HttpsUpgrades,LensOverlay,MediaRouter,PaintHolding,ThirdPartyStoragePartitioning,Translate,AutoDeElevate,RenderDocument,OptimizationHints,msForceBrowserSignIn,msEdgeUpdateLaunchServicesPreferredVersion --enable-features=CDPScreenshotNewSurface --allow-pre-commit-input --disable-hang-monitor --disable-ipc-flooding-protection --disable-popup-blocking --disable-prompt-on-repost --disable-renderer-backgrounding --force-color-profile=srgb --metrics-recording-only --no-first-run --password-store=basic --use-mock-keychain --no-service-autorun --export-tagged-pdf --disable-search-engine-choice-screen --unsafely-disable-devtools-self-xss-warnings --edge-skip-compat-layer-relaunch --disable-infobars --disable-search-engine-choice-screen --disable-sync --enable-unsafe-swiftshader --headless --hide-scrollbars --mute-audio --blink-settings=primaryHoverType=2,availableHoverTypes=2,primaryPointerType=4,availablePointerTypes=4 --no-sandbox --user-data-dir=/var/folders/xx/vhn9ccgd6fn1yqgjn398gppw0000gn/T/playwright_chromiumdev_profile-8J7V7d --remote-debugging-pipe --no-startup-window
    <launched> pid=19136
    [pid=19136][err] [0913/214104.164486:ERROR:base/power_monitor/thermal_state_observer_mac.mm:140] ThermalStateObserverMac unable to register to power notifications. Result: 9
    [pid=19136][err] [0913/214104.166192:ERROR:net/dns/dns_config_service_posix.cc:138] DNS config watch failed to start.
    [pid=19136][err] [0913/214104.166652:FATAL:base/apple/mach_port_rendezvous_mac.cc:159] Check failed: kr == KERN_SUCCESS. bootstrap_check_in org.chromium.Chromium.MachPortRendezvousServer.19136: Permission denied (1100)
    Call log:
    [2m  - <launching> /Users/pc141/Library/Caches/ms-playwright/chromium_headless_shell-1223/chrome-headless-shell-mac-arm64/chrome-headless-shell --disable-field-trial-config --disable-background-networking --disable-background-timer-throttling --disable-backgrounding-occluded-windows --disable-back-forward-cache --disable-breakpad --disable-client-side-phishing-detection --disable-component-extensions-with-background-pages --disable-component-update --no-default-browser-check --disable-default-apps --disable-dev-shm-usage --disable-edgeupdater --disable-extensions --disable-features=AvoidUnnecessaryBeforeUnloadCheckSync,BoundaryEventDispatchTracksNodeRemoval,DestroyProfileOnBrowserClose,DialMediaRouteProvider,GlobalMediaControls,HttpsUpgrades,LensOverlay,MediaRouter,PaintHolding,ThirdPartyStoragePartitioning,Translate,AutoDeElevate,RenderDocument,OptimizationHints,msForceBrowserSignIn,msEdgeUpdateLaunchServicesPreferredVersion --enable-features=CDPScreenshotNewSurface --allow-pre-commit-input --disable-hang-monitor --disable-ipc-flooding-protection --disable-popup-blocking --disable-prompt-on-repost --disable-renderer-backgrounding --force-color-profile=srgb --metrics-recording-only --no-first-run --password-store=basic --use-mock-keychain --no-service-autorun --export-tagged-pdf --disable-search-engine-choice-screen --unsafely-disable-devtools-self-xss-warnings --edge-skip-compat-layer-relaunch --disable-infobars --disable-search-engine-choice-screen --disable-sync --enable-unsafe-swiftshader --headless --hide-scrollbars --mute-audio --blink-settings=primaryHoverType=2,availableHoverTypes=2,primaryPointerType=4,availablePointerTypes=4 --no-sandbox --user-data-dir=/var/folders/xx/vhn9ccgd6fn1yqgjn398gppw0000gn/T/playwright_chromiumdev_profile-8J7V7d --remote-debugging-pipe --no-startup-window[22m
    [2m  - <launched> pid=19136[22m
    [2m  - [pid=19136][err] [0913/214104.164486:ERROR:base/power_monitor/thermal_state_observer_mac.mm:140] ThermalStateObserverMac unable to register to power notifications. Result: 9[22m
    [2m  - [pid=19136][err] [0913/214104.166192:ERROR:net/dns/dns_config_service_posix.cc:138] DNS config watch failed to start.[22m
    [2m  - [pid=19136][err] [0913/214104.166652:FATAL:base/apple/mach_port_rendezvous_mac.cc:159] Check failed: kr == KERN_SUCCESS. bootstrap_check_in org.chromium.Chromium.MachPortRendezvousServer.19136: Permission denied (1100)[22m
    [2m  - [pid=19136] <gracefully close start>[22m
    [2m  - [pid=19136] <kill>[22m
    [2m  - [pid=19136] <will force kill>[22m
    [2m  - [pid=19136] exception while trying to kill process: Error: kill EPERM[22m
    [2m  - [pid=19136] <process did exit: exitCode=null, signal=SIGTRAP>[22m
    [2m  - [pid=19136] starting temporary directories cleanup[22m
    [2m  - [pid=19136] finished temporary directories cleanup[22m
    [2m  - [pid=19136] <gracefully close end>[22m


    Error Context: test-results/tools-diffraction-shadow-compares-bands-and-reacts-to-inputs-chromium/error-context.md

  110) [chromium] › e2e/tools.spec.ts:1523:5 › RF antipatterns filters by severity, expands a card and links to the verifying tool 

    Error: browserType.launch: Target page, context or browser has been closed
    Browser logs:

    <launching> /Users/pc141/Library/Caches/ms-playwright/chromium_headless_shell-1223/chrome-headless-shell-mac-arm64/chrome-headless-shell --disable-field-trial-config --disable-background-networking --disable-background-timer-throttling --disable-backgrounding-occluded-windows --disable-back-forward-cache --disable-breakpad --disable-client-side-phishing-detection --disable-component-extensions-with-background-pages --disable-component-update --no-default-browser-check --disable-default-apps --disable-dev-shm-usage --disable-edgeupdater --disable-extensions --disable-features=AvoidUnnecessaryBeforeUnloadCheckSync,BoundaryEventDispatchTracksNodeRemoval,DestroyProfileOnBrowserClose,DialMediaRouteProvider,GlobalMediaControls,HttpsUpgrades,LensOverlay,MediaRouter,PaintHolding,ThirdPartyStoragePartitioning,Translate,AutoDeElevate,RenderDocument,OptimizationHints,msForceBrowserSignIn,msEdgeUpdateLaunchServicesPreferredVersion --enable-features=CDPScreenshotNewSurface --allow-pre-commit-input --disable-hang-monitor --disable-ipc-flooding-protection --disable-popup-blocking --disable-prompt-on-repost --disable-renderer-backgrounding --force-color-profile=srgb --metrics-recording-only --no-first-run --password-store=basic --use-mock-keychain --no-service-autorun --export-tagged-pdf --disable-search-engine-choice-screen --unsafely-disable-devtools-self-xss-warnings --edge-skip-compat-layer-relaunch --disable-infobars --disable-search-engine-choice-screen --disable-sync --enable-unsafe-swiftshader --headless --hide-scrollbars --mute-audio --blink-settings=primaryHoverType=2,availableHoverTypes=2,primaryPointerType=4,availablePointerTypes=4 --no-sandbox --user-data-dir=/var/folders/xx/vhn9ccgd6fn1yqgjn398gppw0000gn/T/playwright_chromiumdev_profile-FJXcm3 --remote-debugging-pipe --no-startup-window
    <launched> pid=19137
    [pid=19137][err] [0913/214104.384578:ERROR:base/power_monitor/thermal_state_observer_mac.mm:140] ThermalStateObserverMac unable to register to power notifications. Result: 9
    [pid=19137][err] [0913/214104.386310:ERROR:net/dns/dns_config_service_posix.cc:138] DNS config watch failed to start.
    [pid=19137][err] [0913/214104.386695:FATAL:base/apple/mach_port_rendezvous_mac.cc:159] Check failed: kr == KERN_SUCCESS. bootstrap_check_in org.chromium.Chromium.MachPortRendezvousServer.19137: Permission denied (1100)
    Call log:
    [2m  - <launching> /Users/pc141/Library/Caches/ms-playwright/chromium_headless_shell-1223/chrome-headless-shell-mac-arm64/chrome-headless-shell --disable-field-trial-config --disable-background-networking --disable-background-timer-throttling --disable-backgrounding-occluded-windows --disable-back-forward-cache --disable-breakpad --disable-client-side-phishing-detection --disable-component-extensions-with-background-pages --disable-component-update --no-default-browser-check --disable-default-apps --disable-dev-shm-usage --disable-edgeupdater --disable-extensions --disable-features=AvoidUnnecessaryBeforeUnloadCheckSync,BoundaryEventDispatchTracksNodeRemoval,DestroyProfileOnBrowserClose,DialMediaRouteProvider,GlobalMediaControls,HttpsUpgrades,LensOverlay,MediaRouter,PaintHolding,ThirdPartyStoragePartitioning,Translate,AutoDeElevate,RenderDocument,OptimizationHints,msForceBrowserSignIn,msEdgeUpdateLaunchServicesPreferredVersion --enable-features=CDPScreenshotNewSurface --allow-pre-commit-input --disable-hang-monitor --disable-ipc-flooding-protection --disable-popup-blocking --disable-prompt-on-repost --disable-renderer-backgrounding --force-color-profile=srgb --metrics-recording-only --no-first-run --password-store=basic --use-mock-keychain --no-service-autorun --export-tagged-pdf --disable-search-engine-choice-screen --unsafely-disable-devtools-self-xss-warnings --edge-skip-compat-layer-relaunch --disable-infobars --disable-search-engine-choice-screen --disable-sync --enable-unsafe-swiftshader --headless --hide-scrollbars --mute-audio --blink-settings=primaryHoverType=2,availableHoverTypes=2,primaryPointerType=4,availablePointerTypes=4 --no-sandbox --user-data-dir=/var/folders/xx/vhn9ccgd6fn1yqgjn398gppw0000gn/T/playwright_chromiumdev_profile-FJXcm3 --remote-debugging-pipe --no-startup-window[22m
    [2m  - <launched> pid=19137[22m
    [2m  - [pid=19137][err] [0913/214104.384578:ERROR:base/power_monitor/thermal_state_observer_mac.mm:140] ThermalStateObserverMac unable to register to power notifications. Result: 9[22m
    [2m  - [pid=19137][err] [0913/214104.386310:ERROR:net/dns/dns_config_service_posix.cc:138] DNS config watch failed to start.[22m
    [2m  - [pid=19137][err] [0913/214104.386695:FATAL:base/apple/mach_port_rendezvous_mac.cc:159] Check failed: kr == KERN_SUCCESS. bootstrap_check_in org.chromium.Chromium.MachPortRendezvousServer.19137: Permission denied (1100)[22m
    [2m  - [pid=19137] <gracefully close start>[22m
    [2m  - [pid=19137] <kill>[22m
    [2m  - [pid=19137] <will force kill>[22m
    [2m  - [pid=19137] exception while trying to kill process: Error: kill EPERM[22m
    [2m  - [pid=19137] <process did exit: exitCode=null, signal=SIGTRAP>[22m
    [2m  - [pid=19137] starting temporary directories cleanup[22m
    [2m  - [pid=19137] finished temporary directories cleanup[22m
    [2m  - [pid=19137] <gracefully close end>[22m


    Error Context: test-results/tools-RF-antipatterns-filt-1865c-links-to-the-verifying-tool-chromium/error-context.md

  110 failed
    [chromium] › e2e/comparison.spec.ts:6:5 › A01/A02/A03/A04/A14 入力と未知・0の往復 ───────────────────────
    [chromium] › e2e/comparison.spec.ts:15:5 › B01/B05/B07/B18 測定記録を再減算しない・方式間に転記しない ───────────────
    [chromium] › e2e/comparison.spec.ts:20:5 › B19 入力消去・方式往復でも古い値を保存しない ────────────────────────────
    [chromium] › e2e/comparison.spec.ts:25:5 › B09/B10/B11 単位と連動を保存・復元 ─────────────────────────────
    [chromium] › e2e/comparison.spec.ts:31:5 › B20/B27/B28/B29 出力・印刷・相談の非送信 ────────────────────────
    [chromium] › e2e/comparison.spec.ts:40:5 › B21/B24/B35 失敗時の保護と対象キーのみ削除 ─────────────────────────
    [chromium] › e2e/comparison.spec.ts:45:5 › B25/B26 画面幅・200%相当・キーボード・axe ────────────────────────
    [chromium] › e2e/tools.spec.ts:7:7 › tool hub › home lists every tool and links to its page ────
    [chromium] › e2e/tools.spec.ts:25:7 › tool hub › home keeps its purpose-first structure readable on mobile 
    [chromium] › e2e/tools.spec.ts:69:9 › tool pages render with hero, diagram and explanation › vswr-return-loss renders 
    [chromium] › e2e/tools.spec.ts:69:9 › tool pages render with hero, diagram and explanation › coaxial-cable-loss renders 
    [chromium] › e2e/tools.spec.ts:69:9 › tool pages render with hero, diagram and explanation › microstrip-line renders 
    [chromium] › e2e/tools.spec.ts:69:9 › tool pages render with hero, diagram and explanation › fresnel-zone renders 
    [chromium] › e2e/tools.spec.ts:69:9 › tool pages render with hero, diagram and explanation › propagation-loss renders 
    [chromium] › e2e/tools.spec.ts:69:9 › tool pages render with hero, diagram and explanation › ncu-below-ground renders 
    [chromium] › e2e/tools.spec.ts:69:9 › tool pages render with hero, diagram and explanation › simple-link-budget renders 
    [chromium] › e2e/tools.spec.ts:69:9 › tool pages render with hero, diagram and explanation › frequency-wavelength renders 
    [chromium] › e2e/tools.spec.ts:69:9 › tool pages render with hero, diagram and explanation › dbm-converter renders 
    [chromium] › e2e/tools.spec.ts:69:9 › tool pages render with hero, diagram and explanation › db-feel renders 
    [chromium] › e2e/tools.spec.ts:69:9 › tool pages render with hero, diagram and explanation › free-space-loss renders 
    [chromium] › e2e/tools.spec.ts:69:9 › tool pages render with hero, diagram and explanation › wall-penetration renders 
    [chromium] › e2e/tools.spec.ts:69:9 › tool pages render with hero, diagram and explanation › ifa-initial-dimensions renders 
    [chromium] › e2e/tools.spec.ts:69:9 › tool pages render with hero, diagram and explanation › l-match renders 
    [chromium] › e2e/tools.spec.ts:69:9 › tool pages render with hero, diagram and explanation › antenna-isolation renders 
    [chromium] › e2e/tools.spec.ts:69:9 › tool pages render with hero, diagram and explanation › diversity-gain renders 
    [chromium] › e2e/tools.spec.ts:69:9 › tool pages render with hero, diagram and explanation › antenna-keepout renders 
    [chromium] › e2e/tools.spec.ts:69:9 › tool pages render with hero, diagram and explanation › ground-plane-size renders 
    [chromium] › e2e/tools.spec.ts:69:9 › tool pages render with hero, diagram and explanation › body-loss renders 
    [chromium] › e2e/tools.spec.ts:69:9 › tool pages render with hero, diagram and explanation › battery-life renders 
    [chromium] › e2e/tools.spec.ts:69:9 › tool pages render with hero, diagram and explanation › gnss-cn0 renders 
    [chromium] › e2e/tools.spec.ts:69:9 › tool pages render with hero, diagram and explanation › lora-airtime renders 
    [chromium] › e2e/tools.spec.ts:79:7 › G Tier2 tools › diversity gain reacts to antenna spacing ─
    [chromium] › e2e/tools.spec.ts:95:7 › G Tier2 tools › LoRa airtime reacts to SF, payload and hourly limit 
    [chromium] › e2e/tools.spec.ts:115:7 › G Tier2 tools › IFA dimensions react to frequency ───────
    [chromium] › e2e/tools.spec.ts:129:7 › G Tier2 tools › L-match shows both closed-form solutions 
    [chromium] › e2e/tools.spec.ts:140:7 › G Tier2 tools › antenna isolation reacts to spacing ─────
    [chromium] › e2e/tools.spec.ts:156:7 › G Tier2 tools › battery life reacts to derating ─────────
    [chromium] › e2e/tools.spec.ts:167:7 › G Tier2 tools › GNSS compares passive and active C/N0 ───
    [chromium] › e2e/tools.spec.ts:179:7 › G Tier2 tools › battery and GNSS use dedicated mobile chart layouts 
    [chromium] › e2e/tools.spec.ts:192:7 › antenna research columns › patch column follows the substrate input 
    [chromium] › e2e/tools.spec.ts:202:7 › antenna research columns › radiation column follows antenna kind 
    [chromium] › e2e/tools.spec.ts:212:7 › antenna research columns › small antenna column follows radius 
    [chromium] › e2e/tools.spec.ts:222:7 › antenna research columns › small loop column follows the loop diameter 
    [chromium] › e2e/tools.spec.ts:233:7 › antenna research columns › research columns fit mobile and expose their sources 
    [chromium] › e2e/tools.spec.ts:295:5 › basic tools keep the calculator and primary result near the first viewport 
    [chromium] › e2e/tools.spec.ts:327:5 › VSWR diagram reacts to input ────────────────────────────
    [chromium] › e2e/tools.spec.ts:335:5 › VSWR keeps its derived primary result visible beside the inputs 
    [chromium] › e2e/tools.spec.ts:351:5 › FSPL keeps its primary result visible beside the inputs ─
    [chromium] › e2e/tools.spec.ts:366:5 › dBm converter keeps a derived primary result visible beside the input 
    [chromium] › e2e/tools.spec.ts:381:5 › frequency tool keeps wavelength visible beside the input 
    [chromium] › e2e/tools.spec.ts:392:5 › dB feel slider reacts to dB ─────────────────────────────
    [chromium] › e2e/tools.spec.ts:404:5 › dB feel keeps power ratio visible beside the slider ─────
    [chromium] › e2e/tools.spec.ts:413:5 › coax tool keeps total loss visible beside the inputs ────
    [chromium] › e2e/tools.spec.ts:424:5 › RF calculator opens in guided mode with advice chips that apply on click 
    [chromium] › e2e/tools.spec.ts:453:5 › RF calculator switches to the research distance sheet ───
    [chromium] › e2e/tools.spec.ts:475:5 › RF calculator keeps each number field's intentional empty-value behavior 
    [chromium] › e2e/tools.spec.ts:501:5 › research distance delays the invalid-frequency banner while typing 
    [chromium] › e2e/tools.spec.ts:516:5 › RF calculator explains that Hata antenna heights are not fixed 
    [chromium] › e2e/tools.spec.ts:539:5 › RF calculator shows model assumptions, double-counting guidance, and research column 
    [chromium] › e2e/tools.spec.ts:559:5 › RF calculator diagrams show the two-ray interference lab synced with inputs 
    [chromium] › e2e/tools.spec.ts:578:5 › RF calculator supports IoT calibrated Hata mode ─────────
    [chromium] › e2e/tools.spec.ts:599:5 › RF calculator keeps compact controls beside the waterfall 
    [chromium] › e2e/tools.spec.ts:637:5 › NCU below-ground page updates warnings and diagram from BOX conditions 
    [chromium] › e2e/tools.spec.ts:667:5 › NCU field analysis ranks causes from measurement deltas ─
    [chromium] › e2e/tools.spec.ts:697:5 › microstrip impedance reacts to trace width ──────────────
    [chromium] › e2e/tools.spec.ts:706:5 › microstrip bend significance reacts to frequency ────────
    [chromium] › e2e/tools.spec.ts:714:5 › fresnel page includes the IoT deep-dive ─────────────────
    [chromium] › e2e/tools.spec.ts:722:5 › fresnel long-distance mode subtracts earth curvature and shows the radio horizon 
    [chromium] › e2e/tools.spec.ts:747:5 › propagation page includes the Okumura-Hata column ───────
    [chromium] › e2e/tools.spec.ts:756:5 › propagation page warns when Hata is floored by free-space loss 
    [chromium] › e2e/tools.spec.ts:774:5 › radio wave intuition renders chapters, animates the wave and tracks progress 
    [chromium] › e2e/tools.spec.ts:796:5 › radio wave intuition chapters expose their columns and tool links 
    [chromium] › e2e/tools.spec.ts:809:5 › RF learning quest answers immediately and saves progress 
    [chromium] › e2e/tools.spec.ts:838:5 › RF learning quest clears a wrong answer when the stage is clicked again 
    [chromium] › e2e/tools.spec.ts:853:5 › RF learning quest keeps seeded choices stable until an answer is shown 
    [chromium] › e2e/tools.spec.ts:869:5 › RF learning quest has researcher mode with recent-study sources 
    [chromium] › e2e/tools.spec.ts:881:5 › RF learning quest unlocks certification exam and prepares PDF certificate 
    [chromium] › e2e/tools.spec.ts:930:5 › RF learning quest shows a level-up screen after five clears 
    [chromium] › e2e/tools.spec.ts:949:5 › noise floor tool derives LoRa SF12 sensitivity and links to the link budget 
    [chromium] › e2e/tools.spec.ts:963:5 › eirp compliance tool judges 920MHz limits and reacts to gain and class changes 
    [chromium] › e2e/tools.spec.ts:981:5 › shadowing margin derives the required margin from sigma and reliability 
    [chromium] › e2e/tools.spec.ts:999:5 › shadowing expert mode derives Jakes area coverage ───────
    [chromium] › e2e/tools.spec.ts:1011:5 › polarization loss tool computes linear 45deg default and switches polarization modes 
    [chromium] › e2e/tools.spec.ts:1033:5 › rain attenuation tool combines P.838 rain and P.676 gaseous loss 
    [chromium] › e2e/tools.spec.ts:1054:5 › mismatch-range-impact primary result ───────────────────
    [chromium] › e2e/tools.spec.ts:1062:5 › desense reacts to interference level (power addition) ──
    [chromium] › e2e/tools.spec.ts:1073:5 › measurement sampling tool derives required sample count and reacts to confidence 
    [chromium] › e2e/tools.spec.ts:1089:5 › electrical length converts mm to phase and reacts to frequency 
    [chromium] › e2e/tools.spec.ts:1100:5 › LTE signal metrics converts RSSI to RSRP and reacts to bandwidth and direction 
    [chromium] › e2e/tools.spec.ts:1120:5 › VSWR bandwidth-Q converts between Q and fractional bandwidth 
    [chromium] › e2e/tools.spec.ts:1136:5 › pointing margin derives gain loss and inverts to allowable offset 
    [chromium] › e2e/tools.spec.ts:1151:5 › metal plane effect derives +6dB at quarter-wave and collapses at contact 
    [chromium] › e2e/tools.spec.ts:1169:5 › LTE signal metrics judges RSRP quality band and reacts to mode switch 
    [chromium] › e2e/tools.spec.ts:1182:5 › antenna keepout verdict reacts to the available area ───
    [chromium] › e2e/tools.spec.ts:1196:5 › wall penetration tool sums material losses per band and reacts to wall counts 
    [chromium] › e2e/tools.spec.ts:1217:5 › body loss tool looks up literature values per scenario and band 
    [chromium] › e2e/tools.spec.ts:1236:5 › detuning estimator judges whether the shifted resonance stays in band 
    [chromium] › e2e/tools.spec.ts:1257:5 › ground plane size tool shows the Lg/λ efficiency drop and reacts to length and frequency 
    [chromium] › e2e/tools.spec.ts:1273:5 › db family links dBi to dBd and validates the addition checker 
    [chromium] › e2e/tools.spec.ts:1295:5 › cellular band map matches bands to the frequency and reacts to input 
    [chromium] › e2e/tools.spec.ts:1325:5 › cellular band map v3 switches five modes and drills down carrier data 
    [chromium] › e2e/tools.spec.ts:1355:7 › OTA implementation loss / desense analysis › ota-implementation-loss separates desense and reacts to inputs 
    [chromium] › e2e/tools.spec.ts:1396:7 › antenna term intuition lab › filters terms and updates two interactive experiences 
    [chromium] › e2e/tools.spec.ts:1421:7 › antenna term intuition lab › persists progress and exposes the related calculator link 
    [chromium] › e2e/tools.spec.ts:1435:7 › OTA expert workflow › finds B8 harmonics, judges targets, and translates range impact 
    [chromium] › e2e/tools.spec.ts:1449:7 › OTA expert workflow › imports six Excel columns and reports invalid rows 
    [chromium] › e2e/tools.spec.ts:1465:5 › radiation efficiency converts percent, dB, range, and highlights guidance 
    [chromium] › e2e/tools.spec.ts:1479:5 › patch HPBW connects half-power boundary, gain, coverage, and catalog orientation 
    [chromium] › e2e/tools.spec.ts:1505:5 › diffraction shadow compares bands and reacts to inputs ─
    [chromium] › e2e/tools.spec.ts:1523:5 › RF antipatterns filters by severity, expands a card and links to the verifying tool 
